X0,X1,X2,X3,X4
0.22989579909664723,-0.3463490462896666,0.18693937699668964,-0.3204214596663705,0.03147444289315902
-1.2028405801585744,0.14240855260020877,-0.14705933498810125,0.2980938181142483,0.7504823209727538
-1.8793671292347094,-0.8481098204098179,-1.84252574383315,-1.1313933386946566,-0.9962701395800592
-0.12841852742561186,1.08611054150361,0.2018179726146954,-0.08853997483694832,-0.375164648900833
0.11474924131098137,0.10481771170948619,0.20105889498368068,-0.07242209694381983,0.6503561228651318
0.8708682547771909,-0.5487440038718553,1.7478994857433097,1.357631649894402,1.1415968738861941
-0.44898698935875275,0.22583802927133292,0.8245476798355399,-0.9816252002352828,-1.1964674797242882
0.40162599179828695,1.9030980207443986,0.2993912047879364,0.7513900097161819,1.4329208579295987
-1.2036119090598942,-2.0776319627424553,-1.5555466289368505,-0.8873042654896245,-0.8989326398341709
0.6732181323332035,0.11912522715466624,-0.5820420387024567,0.7386270648465533,0.12343461122275619
-1.0337495046407648,0.07022555415439222,-0.3536171895210397,0.5796498980058199,0.16050857717020003
0.26318527228470145,0.8432695285669294,0.1279179039016208,-0.3554740194312396,-0.6545450588555125
-0.7133442894607215,-1.2396829888465661,0.3598183319994747,-0.9021286206337006,-0.31855651886660163
1.422775738225852,1.808357978627559,2.706366204890714,1.7681745144584042,2.146376710056772
-0.2729154212271033,-0.1888920526200521,-0.5326778134065291,-0.9302111014242957,-0.3223591950103032
1.27793839299159,1.3704560921315898,0.25429894067298137,-0.887113559547273,-0.4292452681075161
0.6384347148027586,-0.8488479066616531,-0.05699062611972355,-0.2550828282942527,-0.001704984634225025
-0.7029096620779677,0.7027728062227291,-0.6578467001008269,-0.794656612674707,-0.4545488064580727
-0.020340535247346088,-0.22729442411922454,1.0923887412721718,0.34100011176095757,0.21825270827950846
0.4320347945889103,0.5869086580373284,0.7259607113028893,1.5378613416452278,0.04378616413936946
-0.06753286574014411,0.0349636826395216,-0.05232913886731209,0.9145748361880206,0.33441788017260876
-0.621850447334883,-1.6931884415459597,-1.351351537837963,-0.5278433286276727,0.05264356739894924
0.6443289276769275,0.045769328804696495,-0.20319242134296095,-0.9691158443914166,0.8250475389388264
-0.4490156098196246,-0.7189327115841604,-1.3180213545136994,0.016802250928676488,-0.4524457178852598
-0.06220279406182258,-0.7240695593164046,-0.7055475631204188,0.14269590797351303,1.545700177889199
0.8508571257878202,2.119885991333644,0.4644068535283423,1.0712821280702378,1.4213016320030263
0.19588622335184633,0.8002388222893663,-0.2612396472807662,0.7173291361392228,0.012273095924692275
-1.1178301619728084,-0.3266223751558279,-0.40720238186468644,-1.3245499692227531,-1.6027849206739677
-2.234579475804447,-1.7758055581368475,-1.4137027309670518,-1.1919519994812504,-2.3284344637148866
-0.19148556277162412,-1.3065231205717804,-1.012812488335856,-1.5083145882336335,-0.18611738691979876
-0.4162505587030434,1.306098435641589,0.6959895726502464,0.5431941636483623,1.4576579108821008
-2.2302884957510902,-0.7663938564590761,-0.8700329047543537,-0.5525886440385219,-0.6553376990732397
-0.8291368785499106,0.24396211728902828,-0.15810331770088454,0.7220870456228314,0.06568990238849677
-0.3888782689884006,-0.5476439156583836,-0.8875915143224928,-0.8130839315484832,-0.6544237752489257
-0.025708338466415258,0.5102342636979789,0.24278404777095977,-0.6204675189206103,-0.5271002193948098
0.322903604292374,0.3122654540575193,0.17545607498354157,-0.06060065843074088,-0.025515786058170526
-2.406703755811085,-1.1549729484860465,-1.4368367305417173,-1.9643880153291435,-3.237582732152785
1.202048022639824,0.8801378506459199,0.6190897372302444,1.2418566099927715,1.117132613617658
0.20820329826779974,-0.03407525876718912,0.3859504124503118,-0.2452110433387661,0.41813742240603813
-0.20818333270984937,-1.384751438304849,-1.0916985070445393,-0.7658395851751378,-1.266819391125666
-0.16918412657434234,0.2960573587287861,-0.6485945555628628,-1.2670169154345468,-0.4602843199103929
0.8482798602770059,-0.5163644308382783,0.34514612149030127,-1.0236987772650943,-0.43581707698928407
-0.3233890377752766,-0.9073189612408888,0.041500741817987095,-0.9555516656876037,0.018336077908869063
-0.7401823620185599,-1.9268955977201676,-1.531536740262584,-1.065453863286638,-1.496110147224818
2.196400284202277,1.4666916880712182,2.671843466047144,2.162585412033517,1.5858544512823365
-0.21854496705396964,-1.339859375171179,-0.6760583292091553,0.27225776476196106,-0.7701605685194648
1.9521814948660006,1.5142879714093378,1.292459065227776,0.6366276709124932,0.3412613965169702
0.30276484525843067,0.32673599255962793,0.5082596109375409,-0.935725338845554,0.1486550411775507
-0.1232809139569232,-0.3842684691764987,-0.04438635464025337,-0.7720340364176066,-0.4251555131977459
-0.3954035105939226,0.021643433264604783,0.8431410859179874,0.9889135845947508,1.2289449314226284
-0.5366904568246128,0.6024638501804088,0.17956177225981765,1.420381657585194,0.8230447922793345
1.1254450427828033,1.1020664071475024,0.5495082271103551,0.36791454199128903,1.043723254169971
-0.269549373766667,-0.9379164517097621,0.1407128657029461,0.06040670899717552,-0.057324306949152984
0.7404428887010415,-0.3439650138651402,0.3270925114993068,0.0596402432537447,0.7541683599715104
-0.28379308404353293,0.5343724988458153,-0.00686806625045986,-0.31796800802450625,1.4218376406814774
1.313643203866185,1.8514906735380448,2.1446320771129233,1.3461676511971439,1.6866219286835447
-0.8410115731568112,-0.31528119805184585,-0.6431925174586799,0.2734737756559116,-0.36757562338676514
0.26506750554675873,0.3090701149945168,0.3164273017159743,0.1933309186628952,0.25510824676291805
-0.3802144995937119,-0.9801777694035259,-1.7972618056324265,0.05350062286002228,-1.1648146994873136
0.7145173273540956,-0.30191264564989645,-0.5427225899536685,0.5633115136448276,0.35006065876540243
0.78146917783943,2.3654678409035976,0.9582452258332211,0.7722386941468818,1.471184193666065
0.3203332193623929,1.0984250437477996,0.9870331557259806,0.4468009009819819,0.6534684240933382
0.02985512271100076,-0.3807320600900016,-0.07990221252573582,0.7818372516410403,0.12960018984035318
1.1595338211705766,0.6971688999824609,0.8354049980248133,-0.01705253831838748,2.4692316205205445
1.6319874189725294,0.5796255543495087,1.4346234910776896,1.5404979958029617,0.040987823637426556
0.630385811914445,0.9430161612829865,1.5648505366790486,1.0466854039823534,1.9215038118967156
-0.73484429598682,0.004955571487577915,-0.34486295936807654,0.056753069844515586,0.7514352627364219
0.30680062440785855,-0.1662128477334111,-0.6698399576834164,0.08150753303741433,0.4265342661774379
0.05227452240078697,1.1863275251864078,-0.04500148872302935,0.5051542733626001,-0.4637846360593092
-0.5123801819075016,-0.1596157922827922,-0.8380061801053426,0.037702720628533325,-1.3072732369258684
-1.8270102065227682,-1.7894840752389585,-0.6138009450615314,-1.3102370941139372,-1.198348936909852
-1.2473230592132554,-1.8441606182889574,0.04429837441972132,-1.4534893022864015,-1.339934486347584
-0.6806110141662158,-1.9531482450744184,-1.2729900397612741,-1.5330333015894957,-1.1362442926859075
-1.3318967785572247,-0.9587645717138014,-1.257123318151356,-2.168936074865459,-1.2519365918403238
-1.6956904273980116,-1.5042583318932732,-1.8752690328152644,-0.5100538377827873,-1.7595702123081842
0.6097443493907703,0.9005256557061366,1.0829680885510455,1.4499026647895834,0.981032919420216
-0.32672027792151287,-1.0717624605656324,0.7524292051163299,-0.34913380367045604,-0.20201042279471187
-0.6176751952616011,0.11675405374008431,-0.8077633752306977,-0.6375817632063915,-0.5513179696794203
0.21030599236315095,0.7501616312404471,-0.42620562878847545,-0.707862911445203,0.11518926934826983
0.9664394078918541,1.4289120909388289,1.8184048238251125,1.5666976350927846,2.640467415598646
0.6759080908252333,-0.11836021994704085,0.029778432596412555,-0.4699422009964437,-0.10985492198824412
0.84446100559195,0.06150649410794734,0.6327200569817589,1.0203967663352127,0.8627892760554831
0.3839559105887262,0.4140375410930736,-0.3692096377060105,-0.004489604455914291,0.6049462810552885
-0.6594830114978542,-0.4717770272647131,-0.9507635541515422,-0.297408794197802,-1.6681219302494075
0.25277202778335545,0.2795819437385563,0.4039485686643264,1.135372509816301,-0.20198816911486248
-1.2357885029511613,-0.37137169240348356,0.09929646015515563,-0.3301234653057332,-1.116816392987968
-0.5772548548513762,-0.28773469957663894,0.17408114476987627,-0.6866586548263814,0.3040746926465703
1.650693150332699,2.4190598806056736,1.4230722611880229,1.540145963922582,1.5866129040423034
-0.430719174845874,0.749216757185963,-0.06166000675352631,0.7364278199422165,0.17517790102960923
1.780416595859808,1.6690320406181127,0.6668954193483084,0.30912228256718843,1.3487021407159507
-1.9986151307469164,-0.9956550980597368,-1.1047910313493698,-1.6038169007957315,-1.6613194578488923
-1.1068556258995599,-0.5703925126594211,-1.2044642638599181,-0.7178194097640301,-1.2441383000075061
-1.842636568926058,-1.4105880521111704,-0.9151604767019649,-1.6968403285998197,-1.6069352666810603
-0.5742143678048065,-0.2595391141739324,-0.4058851298059121,-0.8103818483313527,0.4535384847396254
0.7074563316009198,0.649784654700585,0.518109594857089,0.6623084931207333,1.1882107591134685
-0.1383477625415734,-0.27081652433615283,-0.24115904388688308,0.8758976973898768,-0.5559997107215615
3.3886258928429878,3.5790153745839333,4.125368091592436,3.311210219528924,3.8919642578532754
-0.7601897858183432,-0.843919122989766,-1.250660296606275,-0.880729889320024,-0.8514792908584253
-0.4607858525525562,-0.50875067228562,-1.2957718263363085,-0.2716369430527303,-0.12719495424707705
-0.10156661094529082,0.09752557729005311,-0.023249601133421532,-1.021620697744228,-1.0647990465776138
-1.3826482632161683,-0.1843831164206636,-0.5156845614551537,-0.2952650959041186,-0.09010495458851754
0.14730558575799294,-0.32577076531784727,0.07924799982338027,-1.0718697484060014,0.0993385835248694
1.6029607297260058,1.08998425897377,1.803761762301608,0.8164259954597292,2.16183018992562
0.4400692483994063,-0.2292588333165674,-0.7109630990738912,-0.8521229055815747,-0.02155286084442138
-2.0134463912237104,-1.623694426185203,-0.0014016508347461515,-1.348651087245991,-1.7072315549583468
0.6784812577884168,-0.20525520246738876,0.0790449021314769,0.26644685870788887,0.4601040567298173
-0.11525780208450627,0.17290834914031902,0.10503711933405913,1.2342446099407736,-0.2645541395220134
0.17069456924448734,-0.45288616886783883,0.8268552085702113,1.7363889780490274,0.6669097908729732
1.1946831375502833,0.6574287330220169,1.7420757335225607,1.4163294654319298,1.059889611247479
0.15033975896367277,0.09507487066487388,-0.34019437750206916,-0.11579916041692086,0.2868831335205631
-1.0346587048584646,-1.0509603661472433,0.49081969302330125,-1.1988685553900262,-0.7744604098133744
0.5367112264833162,1.311687563145284,0.07948318781898037,0.9655061030145633,1.9133340334413527
1.4111141780414258,-0.03749924078110109,1.2312055425333268,-0.18312968871612972,0.7009383620530207
0.15931261988922127,-1.1443412108781197,-0.026847218046393114,0.4425471849621761,-0.9904411404499901
1.1415042903298207,0.12440844957800594,-0.19896131439196033,-0.22585985802267466,-0.18273577554691875
-0.9198576038232156,-0.09786087660658671,-0.7627069312111779,-0.20199586277870932,-0.7279144891686706
-0.6559345127169955,-0.3466574262869124,0.44054056991242907,-1.5994897719452816,-0.4452446003923787
1.2274805714292891,0.7215703002037368,0.5087745792750092,0.6048892968675127,0.479595368347522
-1.8642888266944446,-1.0091854499438193,-1.5518354549231728,-2.540099552006087,-1.9214991435953201
1.45226259153694,0.9063024338294536,1.0362345465631804,0.06794704321294637,0.7728894279091783
0.7440117751130292,1.3837687605392306,-0.1922489566658052,1.007659008696479,-0.47431767832333216
0.4419353879360204,0.6330324132358894,0.32308526439495905,-0.09798040394581253,-0.9313452586642625
-0.8606934737804591,-0.10028196735317431,-1.637478833356053,-1.2393140640847289,-1.1910342884233027
-1.3322115800231067,-1.1396678700402418,-1.8908327278865962,-1.2650176249774403,-0.9296338691875505
-0.9677649950950773,0.10186053349749544,-0.859907323547981,-0.8078910420105153,0.3121466273255405
2.331364084870308,1.2763042481733038,1.4261100531378321,2.1589685457943637,2.0162909716373854
0.26095094469221763,-0.24183430128941194,-0.37785918216273645,2.0711220631386547,1.1584317821293089
-2.721614605946821,-1.7056443472813523,-1.5221547220997729,-1.8150964935807388,-1.7068000458128763
0.34878300040107746,0.7685448740771182,1.5832054651248761,0.7296890741153605,0.552758804245193
-1.637048616945739,-0.7797084382559065,-0.29328302495733916,-0.6293399095462263,-0.2822670670690103
0.8937699673295915,2.1227654147069743,0.42260208984332953,-0.15800719290823295,-0.09849208871659033
-0.6914223449399052,0.033357835533070694,-2.0157200501500996,-0.314992852130691,-1.4540027071084434
0.9617259789381785,0.9465880226393105,1.2385529376030793,1.2255299730115592,1.2743582744379562
-1.0519278424133844,-0.12828799845291583,-1.1015666490155913,-1.1374712714945934,-0.5736768684699228
-0.5368150358508536,-0.10214343719776722,-0.1668179662244588,-0.38681748455898335,-0.9219529937832899
-0.30433846546380156,-0.5654688527296577,-0.16842147852083428,-0.9797668309220381,-0.765882571934647
1.0672144785793305,0.2121869181005956,0.9345035328056723,0.40174341324675283,0.47933868756167547
0.6832098172855602,0.851162760871426,-0.22705121412760232,0.2248884312738147,0.9984356575765628
-0.5710747791214384,-0.7222084384697295,-1.346380683958167,-1.3875745800546955,-0.8046292661677908
0.33316820837239053,-1.1302306139220324,-0.8112179336170553,-0.8906231483939498,-0.10137862558545697
0.3403911564511032,-0.7399384778276056,0.881080720802852,-0.3131673888730024,0.39860704529537117
-0.4290188961016734,0.11093519140302506,0.31615256014098636,-0.4316974390658576,0.5445956207541922
-0.0449651693176217,-1.1176970394610624,-0.20625245693351277,-0.07483372021265937,-1.015140218756971
0.01713196210351269,-1.6058137297588648,-0.5565390987774379,-0.42619464109611543,-1.1430129487713163
1.1272536976263463,2.254948269211309,1.3095841527152907,1.1631337873978747,2.849099082117474
0.2040630812484568,0.8480706954856375,0.46903851413751907,0.5336574870916204,1.1305226956043881
0.4117803978963358,0.6178577098776917,1.074329151390641,1.306298442215054,0.2660699864475646
0.43693114095456975,0.4213336475875955,0.6461330849616399,0.48587679419387997,0.9684702883526701
0.5937063578324383,1.5383199796629836,0.4410230390154262,1.0695445375222739,-0.026247439265434817
-0.10108160610995025,0.3472266586756146,0.10813905505483197,0.040887201867215076,-0.35238184540988987
0.996663231984157,0.6559182938901137,0.3452723832821803,0.04621919748906717,0.47787132775513685
0.014363767805261763,-0.6044073158354577,-0.5123564034275584,-1.0888726405769085,-0.4681899055217945
0.14238400075330848,0.2288866814471741,1.0286746730518526,0.4671073611468502,1.484277747104845
2.1473070916387083,1.3270925401169877,1.328495888834787,-0.10154546012351083,1.3610646275181437
-0.43353489307067244,-0.31308805738472717,0.13268517257940715,0.024611587316269043,-1.3389392511486007
-0.6449049931483672,-1.7224155490979012,-0.9002457614586149,-0.9505958302015094,-1.3906940702565527
-0.3594424070628479,-0.7481122506893191,-1.5900094900398374,0.17225317626047235,-0.5393981685407123
-1.5226005956058004,-1.455464364309096,-1.74104790938669,-0.9733660238439471,-1.353210917002163
-0.015047109275332402,0.042199033234986257,-0.9772203217587944,0.5862702112276816,0.147175550223057
1.2503150611033838,1.435429786097687,-0.581764431811612,0.3268121895914706,0.4921034884617221
0.3409149617795912,0.9438015302348728,-0.10018404456506892,0.23486148070632387,0.11100530463535245
-0.5825337437661945,0.08442379802355426,-0.6681070199418507,0.2111336297639456,0.362189224550713
-1.0094329548218757,-0.15823990893484918,-0.6815869515740942,-0.8955283910101692,-0.8658591111355869
0.37035407241001167,0.08496535249745994,1.3645773714454505,0.21160080560416714,-0.0974555160789233
0.9692274460484321,1.018598696120306,1.6118089251155165,1.2869200710391109,1.2848135874533781
-0.44824078034285036,-1.0710227630779972,-1.1781055261861686,-0.7666328920364696,-1.9280718626626205
-0.17861650453232897,0.35801830914111266,-0.08997552864991497,-0.4178331695520269,-0.1986457717149364
-0.20302646728765175,1.9788364835823762,0.6225128981834259,1.6475336473636453,-0.6274830659592598
1.4579729732766835,1.0495080839521609,0.7172672744034013,1.4797722222608283,1.3779854328177759
-0.8445103886183166,-0.09347134789262236,-0.4486002034862292,0.21846570557928374,-0.0687639079845004
-0.8681699092779154,0.021102474598254924,-0.07568244612271735,-0.5199650328215002,-0.7326377321689106
0.3362893601847259,0.7922879680228441,1.5712671615352642,0.37710866518702635,-0.2834736944487853
0.848615327348869,-0.009651364557356278,-0.8699205002919428,-0.5488184063918186,0.08292039577814768
-0.5691948933091217,-0.7426248477955746,-1.9858143184648689,0.13208697551236592,-1.3889811520359172
-1.810974607030456,-1.4723996711847074,-1.3472675278747057,-2.3207620504843303,-1.0459552370002827
-1.4972062965165855,-0.7347867839303567,-1.9145989700239505,-1.231685597517769,-0.7367340899022177
-0.10866896573635534,-0.25837187091776803,-0.26619334752451274,-0.10082268265845949,-0.3790800424596591
-0.7769528333795854,0.6851131224734368,-0.3631669920020179,-0.7331681359094574,-0.6533496623002293
-0.6869555341235044,-0.032978250604974765,-0.38356029648025464,-1.1204618934384267,-1.8424611973237077
-1.5345919184598729,-1.279661689479254,-1.9663995076358771,-1.3471528219550586,-0.9020541205002433
1.1585834698079112,1.0356390768660573,1.1492082673796584,1.2646664405007184,1.8594217893730642
0.8254383576738112,-0.5366483830327257,0.6775149290110615,-0.7012480850359353,0.4881481705509997
-0.7105065198127412,0.11499294515862218,-0.8690930548145179,-0.1454065165353702,-0.6600942706841418
0.8343989697129647,1.1183173419794763,-0.04845264032374222,0.10965885452184335,0.102940883508186
0.003085523186734288,-0.19053044283387524,-1.5386098408936888,-1.0608494532466828,-0.7030995867815137
0.22025963932523118,0.08389625740144582,0.864230946619696,0.6730342153566317,-0.38044102167100996
-0.9064443485601038,-0.06451192521210164,-1.1899798218586883,-0.11279651180152242,-0.3780346518085029
-0.013146220340016473,-1.7779496105663326,-1.1281485824768829,-0.5762251449025002,-1.108053810904872
0.7708329731778928,-0.05908778740986052,0.7036743774712519,-0.11452614303235335,-0.5488587838275073
2.4061681447642536,1.2967869449800111,0.6834766654065808,0.6076918382904601,2.3613452826310355
2.633207597756647,1.3132364160208683,0.8793790264777095,0.9161529296842248,2.63688784648986
-0.8881938650200716,-0.48226299905137404,-0.28820891905222057,-1.152569858722563,0.03433106773927734
-1.0563510250240917,1.3393132272711805,-0.6941172311560727,0.3756326360636654,0.06174139989082568
1.2303888698292391,0.6791516855043753,0.03124173489207239,-0.8410346052948989,0.3359926087960094
-0.6790751384048245,-0.19321435151636643,-0.847266029627703,-0.9108966546240646,0.9262937490904225
1.1786699600765171,0.941766739337941,1.399114104569087,1.172885268989279,1.2760119621413113
-0.7867532579353249,-0.95645854082453,-1.3605300953512023,0.054080592387144584,-1.1040179512039145
1.6381897787637678,1.8595550645531518,2.282248574675538,0.7397318563204174,2.018890631890362
-2.098956797181547,-1.3326872787420427,-1.1524039903549739,-0.7580830114944185,-0.6744461720487599
1.6707126335030456,1.369054302514183,1.1560181097946205,2.591936840590607,2.0467397306749313
-1.052864200453481,0.14910297483010754,-0.06076311822897093,-1.6474116231875011,-0.8114358011784406
-0.6124822014155845,1.4750575322582236,1.3793648674739682,-0.43311968149401636,0.7037934352571107
0.11422600895275098,0.2308026623769151,-0.4163284591062001,-0.4526174242326725,-1.413077538437613
-1.2986213424910689,-1.090464575660513,-0.7965598128971593,-1.3992778020620158,-1.2722657914663753
-1.3050127257474382,-0.8377306637632783,-0.29435990236690324,-0.8897636249473376,0.19110033696919634
-1.6904964754571687,-2.284393363847528,-3.133051227787704,-2.0450121402618087,-1.9276802615913666
-0.06843309757255873,-0.674713741460266,-1.6099150877859807,-0.1411264980516976,-1.5986283939033854
0.8151573369944318,0.6183728750862599,-0.11996922992246695,0.9243759535237256,0.16646919214291753
-0.6659452403337106,-0.6671944591351455,-1.9093234518572333,-1.2366397538210976,-1.2133835259070453
1.4270946292409665,1.758468748562938,1.5466959516972532,2.14763739018512,2.400945327805078
1.1591848599002585,1.2005302830916145,0.5173566898436122,0.7285394188920129,-0.6179012042449323
-0.684150586519577,0.2175623306518129,-0.659900991076676,-0.1087687269816984,-0.04700102756570874
0.24885982537376627,0.04710684295912995,-0.07409303375146932,-0.054438462834492996,0.12013520802078896
1.4253604906126578,0.18578594176643468,0.3797725183436639,0.643064461599718,0.2078637434753853
0.4827689187294274,0.7081790058449219,1.2374932210359308,0.7054575924093741,1.6517796608870494
1.425819777439958,1.5304826217687093,1.3471006439603521,-0.019580657733251003,1.9242907539929524
-1.7628428580097089,-0.5909840348696065,-0.00754457832528165,0.11080524135391813,-0.9816915168253337
-0.7655287514415465,0.2338570266126463,-0.4484671566677657,-0.3857559850064737,-0.6975943899157027
0.1649415979592009,0.624655280795872,0.6803864893725339,-0.11940531555199252,-0.16159247885956954
-1.3056581805669798,-1.763153976076534,-0.8155992594850092,-1.469942433200197,-1.4749184274598892
-1.4478334678466518,-0.08529498666734714,0.4099563305206192,-0.4077708302823491,-0.8443033960548635
0.004280092920553176,0.030479194580432016,-0.1859396415180985,0.5544642486445395,0.377158754303622
1.1410394753826398,0.2057432499598563,0.4280936920578336,0.1224779463667793,0.34689873587990155
0.601874465069321,0.22609244281825264,0.40002729697545314,0.7513538505105947,-0.27678186767907226
0.15388227765555948,-0.11613850761224832,1.4359339814298482,0.06821598373022383,0.15405978457485178
-0.43022274816985884,-0.7407681171465521,-0.0330389035086402,-0.003491972509288129,-0.3347894184087509
-0.1418293287869543,-0.5146591465388229,-0.6058851479791065,-0.6685330214477255,0.6956476467408723
-1.0277275842625886,-0.3079978859065266,-0.7282854385845879,-1.8420988504525486,-0.2829700172571423
-0.09526934990086304,1.1058505747003646,-0.1222296690952369,1.2249246665800855,0.7184467477064284
-0.37138464597592796,-0.1894069057510505,0.08677113869845846,-0.06696179463436383,-0.4441278149535555
0.030290450640435042,-0.2937688936840951,0.6786397865187579,1.0902906305225786,1.1303185339887496
-0.5737633083880327,-0.3618624735896685,0.28317029100566427,0.41131963055432413,-0.620090696767439
-1.663344927964092,-0.9861049124261522,-0.9336196072617431,-1.3826770275018445,-2.2316645490203255
0.45842050547767577,0.04245704182257657,-0.054301176774046174,0.7382500070994651,0.6589613782891929
-0.13943479793131527,0.28067570215318266,-0.3682139837557236,0.18047215986136017,-0.6355861869764539
-0.4793976402662697,-0.426431686592188,-0.9934102945567613,-0.9474657111493462,0.5282621453774956
1.0893386033525843,0.50844985303581,1.6810976104286637,0.9460925278180042,1.0281510062514723
-0.4151717375233469,-0.45155917864851935,-1.7577179889448649,-0.3155945787509579,-0.5106590634084675
-0.5677479047984744,-0.9892254014397642,-1.2887248658533774,-0.2875141245472329,-1.030027520303098
-0.3074104544539459,0.22855717186899355,-0.4917616297270752,-0.10900040179183906,0.3118545069327192
-0.27370335262288464,0.24729485369945658,-0.4751555383627637,-0.9090483242732667,-0.20812397991550385
0.09961107563646807,0.4827931803185292,-0.07040908779771318,-0.26378846224783575,-0.24699306422374742
0.11442205629966254,0.557856556603195,0.6450024932516022,-0.33963421209465045,0.34365299852640346
-0.39261211473697,-1.6464790711990975,-1.0256903004042617,-0.9765406178423631,-1.5461269587563093
2.460178192042818,1.8325961653897553,2.6064974848532034,2.005324943180814,2.6522204054280567
0.19243426412430006,0.10766439703374718,-0.3067686842541911,0.11455732741124884,-1.2452593005887067
0.6402026892888095,0.19769835645809827,0.5449685368322407,0.04349935745878877,-0.01622018035085544
-1.979715146570912,-1.585766247774521,-1.1596594850459452,-1.3947431888404451,-1.1109580879007837
0.031369516128836324,1.244367770218955,-0.07277758964954086,-0.24095337408911333,0.3078822843592366
-1.7745374243254768,-1.9352223477785595,-0.9560458226144177,-0.6125573546524283,-2.109884295516908
1.3843162999983913,0.4643248244793645,0.7653829460810387,0.833336278657081,0.3098552715515207
-0.2653957401519366,-0.4939919861611435,0.5345220805068465,0.02742914614575764,0.4429748765309132
-1.637942740562744,-0.20793736218686573,-1.0230019687638239,-1.9324462839842689,-1.5960309152091334
0.9175247427633203,0.4088441780519123,1.8366568429342278,1.5838944362576288,0.8121120151556773
1.125467892484956,-0.5873875834407062,0.3603237437949333,0.2598901519865525,0.4557425644552667
1.2256595275886952,1.8698581221106565,2.323087036663498,1.030590545329227,1.4813015541280776
1.2701982926819018,0.6091956663437663,0.3675244720230632,0.9065263907293731,0.9253892915218705
-1.3014028723903388,-2.1781438756980784,-0.9723619395698543,-1.5769406571583262,-1.2372060877308473
1.3821227993362875,2.2533900638536224,1.2043666224086147,0.26628427722933007,0.957616712857793
-0.06873699016291177,-0.8705541536688086,-0.13719207714921838,0.12047079941838476,-0.24562485138971085
-0.8093577571546654,-0.06837066533987061,-1.1841699077836678,-1.0705071075506805,-0.5570926629769712
1.0829232882873752,-0.1620495755792756,0.7832805681748475,1.2958792528961633,-0.2659115141353007
-0.3122872708133812,-1.2111968120749987,-1.4267662768901128,-1.9016498517764953,-1.6133633216466847
-1.1002631757840062,-0.021213431001920725,0.19450355767585406,-0.8723621884802287,0.22938095300111516
0.5239461031935695,-0.21986951271480887,0.6003600717840998,1.1657981728661406,0.5265130326423431
0.13999378526063852,-2.03369074681276,-1.541645523407947,-1.8799413157230558,-1.1204632885299444
1.8908277720204252,1.5621359914500992,0.5328405153807945,0.9677587175564974,1.1450725873244683
0.8481310082078249,1.2328200241494875,0.30472207526145106,0.2928746344907632,1.5701497150488934
1.3244698233111745,0.12807475841577348,0.9923506785183798,1.3278118675822503,-0.025417654878861946
-1.2338071582004235,-0.4304326954248153,-1.6183575184783463,-0.5886034902530538,-0.9948881313045769
-0.898636704757955,0.6023573853167042,0.6136260067231708,0.3547123932686826,0.06003743443757753
-0.5815707200522962,-0.3887348658896409,-0.8557434133200799,-0.030011652005477566,-1.2365654862983404
-0.6140592080858198,-1.386315219676158,-0.35524637111458246,-0.12410091878395992,-0.12722681013081805
1.2686819966648966,-0.13082576657939726,1.3495629905030082,0.5003945403544939,1.5691129674788042
-0.7455713976226332,-0.7453472718506646,0.1135834328055465,-0.8676594237513319,-0.3877259141144225
-0.464394620023686,-0.7502744207262851,-0.9461309213376399,0.0039955459587649594,-0.6048831732764128
1.2295448754032965,-0.17339476185020564,-0.545364524201657,-0.5380021384689055,1.6820918197351102
-1.7791113380000092,-2.337688606477214,-0.8820022038357165,-1.273600785689983,-1.1022215822600971
0.14990288394180137,-0.5936188956983177,0.53875995979571,0.16297231200990314,-0.29239183296477955
-0.9358558645922577,0.5379526008538124,0.3130208215249615,-0.05148515841173226,-0.5618092688463682
2.7954211540234857,1.8552922808600558,1.8138474793337476,1.3655300009167373,1.9713713461857651
-0.7247331132231204,-0.47138634933404916,-0.7541199720676947,-0.3151389230003206,-0.4172377810408161
1.2962050717196254,0.9415017647166791,1.1428423601565194,-0.40187432610658647,0.7242377476309365
0.330955139053316,-0.21119128449341323,0.38897247876973373,0.5102780224872621,0.6926743364374257
2.654854426891921,2.7949264306645922,0.5508519734629385,0.5882333929379936,2.5513674449894377
-0.944036675134523,-0.22018339515647914,-0.17615914803073676,0.151585441279862,-0.6013342341323572
0.39848817692870536,-1.0193771114034715,-0.571407517524575,0.08321778699003732,-0.1814906826770946
-0.08047017173163812,0.25885588953675737,0.7787993220699244,0.2029882084281775,-0.42209676802746193
0.9532366949130756,-0.1923979250151448,-0.45222889555805607,-0.5117068609859561,0.28307088932335267
1.4969861728434348,0.3537157435662322,0.07528844418637835,0.4966303882525445,0.5082975536544356
1.3354187797169759,0.966065959235065,0.5606549172255132,-0.1966992210293268,0.9919466628957113
0.09003282323691303,-0.5556735798192199,1.528929562798701,0.5474760875071955,0.8990258397774086
0.5056679070914072,-0.48460411151291877,0.7432531941779703,0.058841727755423644,1.2779652542233964
0.6770108721835815,0.6532664456648426,0.3481874449378513,-0.1536585474411714,0.7302727906414948
-0.7528058574896452,0.25872885044659477,0.13261443536087236,0.3218859047876874,-0.8179013264976924
-0.3809228404371799,-0.20978283667715394,0.9845812762154684,0.5642990316126458,-0.3493723059050189
1.4217565189683774,1.850809614206197,1.8908345409537866,1.180490146396834,2.4040363642668345
1.1227300477392188,0.2857884318367209,0.3232135067251928,0.7325016312694828,-0.10552686847909286
-0.9313169980709766,0.07466445599255678,-0.16696488467222656,1.1505255657674445,-0.12064415216779897
-0.1423325938042576,2.0667118402889026,0.850884483650106,1.354083203954983,1.7100323337157692
0.13151419076380746,0.24064601468904254,-0.305987367968099,0.41768153461539703,-0.5549444370384553
1.9902608281864174,0.9576902555901816,0.7024085578598261,1.1201256882017117,1.571764036356018
1.0653737181943155,0.911072964794159,1.3617027195640345,1.114274799441405,1.385419750187078
-0.3307591887448857,-0.6460289458407608,-0.7194025679014228,-0.265318650699357,0.6832998174516212
1.4321244078476594,-0.24440233796393984,1.3005483204800217,1.162338368438723,0.2598455186922089
0.7266887533551732,-0.5364755605857391,0.36532570666715736,0.16951637936441952,0.3638232568063359
-0.3936347127115287,-1.3401866892880543,-0.4926895105591476,-0.9578469870760997,-0.9014558567803823
-0.3906271406671676,0.8623135643742158,0.16149778112895435,0.3952981843472716,1.9175050950897803
1.2354342537281984,2.099594813204397,0.273300001939084,1.2271205633645415,1.6094352363186668
1.1990811292296242,0.94171192920275,-0.1924375777127993,0.9444547950089341,1.3953869532352168
-0.5807273567845903,-1.296681090267101,-1.4646293474206478,-0.042906983490982244,-0.6335921348882672
0.39874303905628106,0.24143941233165744,0.6424473035339364,1.313147875335216,1.177983343369747
0.3600922718112572,1.649064341191901,0.633201515969866,1.5773833276309113,0.8190108040290416
-0.5130099746645009,0.6500232406718081,1.3110680236460936,0.25580450137712596,1.3916108297826613
0.2899079448186268,0.9615253738676559,0.33283003386825577,0.8017651000558369,1.4148017791036505
0.08777864191840133,0.2898195433694022,0.8628348892375564,-0.1275474675113201,1.0495893420988816
-1.7598965000981475,-2.0221484862209436,-1.5961365608211011,-0.5872703422014659,-1.573620312230026
0.9228081341345089,0.32778472695202854,0.874381692026638,1.2096356542520155,1.0207165788902173
1.1514455554893777,1.3372477615800906,1.063358770446495,0.5526393914795965,-0.25953706403840215
-0.3122385766532419,-0.42074475992739396,-1.4270089641334258,-0.5874928499122567,0.010908462072963842
0.3910739607898909,-0.7048147166871801,-0.24247176239181112,-0.522167261446325,0.23484301161733195
1.0711378241560687,0.6890420869612794,0.2530427227860514,1.448897792702896,-0.36199287661616875
0.007546278161791165,0.5139135980082722,-1.4073049350119655,0.2927746330297934,-0.8278439646449278
0.08477512578414581,-1.2088636276301843,-0.07135641645725979,-0.14542671043083177,-0.06385901386854609
-0.6012273151636821,-0.3515733624984137,-0.39671650308173384,-1.6284301094142517,-0.5731749046374532
-0.2500169043425071,0.25677436895928735,0.2532470315132367,0.22893884081767665,0.18334646072329544
0.7262564197680819,1.3363553694922146,0.2704284920916199,1.0497551098186781,-0.0985016747711205
-0.2656520099228238,1.162987801503987,-0.22358078329767392,0.17825200863171173,0.15243470919519334
1.1240796360091165,-0.15752362921756777,0.7080251205944326,0.7235196839083594,-0.3727562226776631
1.8736590706239595,1.478944217215288,1.9877386501270742,1.9459320419073667,1.3511069032992096
0.8319367980749725,-0.570630186028528,1.3026196720132333,0.3882678698318336,0.7295949032377362
2.0679780582942366,2.237052907986899,1.167803434865191,2.3375209328784994,0.65687143140951
0.8395037655113388,0.6051552779251139,-0.7800863750702127,0.406300808559509,-0.2631879050062577
-0.4532001391272379,1.2041515948356243,0.9383694373198437,1.405886145094134,0.38020839386005956
0.08318438145138517,-0.3241607001013515,-0.6089542094117373,-0.5170516900260955,0.18308249806299692
0.6751868776337205,-1.1816620035601761,0.33333178074888364,0.5467303077699013,-0.8488647765957371
1.8345063501128178,2.28640586628928,2.7050792440071074,1.8458015309284057,1.645119026648782
0.5587575844278042,0.18106419340837873,0.6439012301817538,-0.19570819847369691,0.2675402290687377
-1.0868221838721166,-0.34433493640546853,-0.3854184846881933,-1.1006494558229594,-0.3631879579606598
0.6683518934399968,1.4637779827817456,1.3611247074685093,1.2440348747619547,1.414830659724844
0.6237247645218572,0.16868679834772574,0.6628849497571885,1.20391312797336,0.4579550241671051
0.09493190116827203,0.7296471247040471,0.9670419935308959,1.825778194240687,-0.14160340762368331
-0.022902147968514155,-0.34429498899928895,-0.15448184604044657,0.41455584002471424,0.776733384709121
-0.531832395425228,-0.8097136461600055,-0.47583545841453706,-0.013416190375516527,-0.41959733160747986
-1.1522280609607511,-0.5114550180336369,-1.3862576023677127,-0.8148488997175205,-1.0177126886109908
0.7324745113369807,0.45513486877445736,0.432637593585409,-0.08574429681655582,1.4126763045479311
-1.7244763759467063,-1.2598836154983424,-0.707266975914441,-1.1016325768018327,0.554461898326359
-0.4795928356813794,-0.6756265928682175,-0.35760424954671777,-1.9070453065753032,-0.46103566606654395
-0.20295260343270444,0.8521988419953017,0.4341167964790815,0.15585551902196967,-0.19955068059686235
-0.6426250850283223,-0.11515258224906307,0.8837221824371725,0.12005158020908292,1.2141212562526507
0.6360809803294661,1.2871615395929128,0.6877173223462286,0.03439062749495135,-0.0304341617373173
1.0335264118044576,0.3904009097920435,1.8926026258545767,0.23855482473005313,0.7154672533205599
0.197156544838749,-1.3328052259633476,-0.6864481746682956,-1.0172268730171392,-0.9392714257405148
0.9844842639185546,0.4749334634308412,0.6181127614367178,0.39183864579334293,0.04639710192486009
0.8396872264121754,1.547033984684711,2.3602560786498334,1.7561148394574972,1.5100685557700475
-0.4105697664993707,-1.3718638625457866,-1.2069005724891917,-1.3107776916794727,-1.5523991722174975
-0.4787349948049305,0.17953104602713515,0.7724128537635242,0.671933575054779,-0.3087961209925638
-0.2626146031944911,-0.20852400758344097,-0.20666892482238938,0.6368902876235253,-1.6877871565620945
-0.026170123633088765,-0.1575503553477184,0.05902221336240953,-0.9854842389076743,0.8945924020483579
-0.2908847984662283,0.5807540307194194,0.09897021744694731,0.20112813322376352,0.10205328066559363
-0.8441733994948731,0.21777823781038472,-0.010205811683454245,0.1281785789985939,-0.09907786710055844
-0.3980665725297567,0.3028783890865185,0.2974099834077997,0.7702175160300695,0.26511509230060054
1.8806223172680496,1.4988378663039243,0.9127256801337237,1.4291725877411319,1.3194830164214368
0.804753775935496,0.9446608048441713,1.153905763910668,0.834506549753383,0.9166607453465623
1.0047744312740785,1.1436307306060123,1.0354512025583857,0.6663046218862755,0.9789333710649318
0.06219144812856376,0.1927968124018032,-0.11696686542769029,0.7617369539630523,0.03806538931929902
0.17956521318579727,0.5756878101649427,-0.19041610477993867,1.2173438091835806,0.7078161462939679
0.663798086631571,0.050806783436516845,0.5871861278013997,0.8410279491101195,0.17528706614929726
0.5574083950361955,0.11186247979353421,0.4638416564815997,-0.0618390631453197,0.3558916035604678
-0.3672398586651135,-0.43723193245016306,-0.4542529367686453,1.1263479252933388,-1.1225598819755667
-1.934664936533914,-1.267093598454663,-1.7663847761770584,-1.4613890875761608,-0.6360780631028509
0.5160398373456015,1.8404892989956643,0.958130497156877,1.5219527027560618,1.5581730701520538
-1.1803378304381635,-0.21107370662748412,-0.012448842355950483,-0.8924200402866147,-1.0468661657383806
0.17141529746830197,-0.9983702764383687,-0.6108198945535859,0.036262602032076305,-0.7868644398894417
0.950988849377131,-0.17701020449298044,0.6532919608725943,2.642849382753959,0.36452870554370065
-0.11123192987519127,-0.8994514375674861,-0.6133956726165551,-0.9921523017134914,0.15793499824012977
-1.4618838679123132,-1.6229165472877898,-2.2321740214815144,-1.9056887275622512,-1.763737755671208
-0.4073626466486705,0.3271840797201512,-0.5020338299313141,-0.33146268017938557,0.26154634307545926
1.3637086590044387,0.6350182657017839,0.8027569431252568,0.920719466841182,0.636653800647326
-0.04822335326533659,-0.08542634588529038,0.519787827554495,-0.23112913277487315,-0.12028135658203741
2.2509904297944003,1.5245362223090932,1.9085375367069215,0.8282595860785289,2.1801594780809554
1.0129896214812846,-0.7019939146977198,-0.27141525478082806,-0.08383871626900187,-1.0289535080470478
-0.7124058099396664,-0.4695013518854207,-1.0267822757988947,-1.1771209117156525,-1.4098396812134555
-1.349381227310519,-0.4211936257250077,-0.943504495008398,-0.5379028176916434,-0.6546853752993251
0.7198433599692503,1.3133104455116766,1.2470870742230722,1.0948731273179164,0.9429854970838359
-1.8760667338570638,-0.09999018964353504,0.21275609371956217,-1.1147455176638819,0.9085934156074126
-0.36530965969037943,0.3583557812472688,-0.18084133886825485,0.6840628811853692,-1.129507529448007
1.9876278214428842,2.511062180884674,1.5375709590355835,3.0056454964696067,2.381410544090319
-0.04797424664988423,-0.7453831580489217,-0.536989772396537,0.156346811987945,0.5337991510896382
-0.06221176506959549,-0.32090666587711286,0.4698216261158406,0.01806033912449373,-0.2060338480376562
-0.9368769704223282,-0.9616331463107717,0.19333578896770484,-1.5471502885181008,-0.5946156748265439
1.1222548340292584,1.2780221666051732,1.6173505644701491,1.0418550986527508,1.309097748904056
-0.5271103851311496,-1.0446670379205711,-0.9414755637873101,0.028164734010589283,0.3595581643581436
-0.2687486742201181,0.3897303155769175,-0.25829089233645225,0.758833065840762,0.5013250729567158
-0.04281072532440396,0.18827559992570572,0.007651470672944269,0.7255195005906463,0.560628540147518
-0.5720008233294466,-0.6009546318944664,-0.35695765427044196,-0.04698658086704435,-1.566173918816709
0.06889277827787461,0.673717299418908,1.485392063927464,0.6194953407630673,1.643288116317426
0.3696159325293895,0.06949120418211571,-0.6618896508418239,0.34910822274066466,1.22135439601694
-1.3484174441813626,-1.0073723133808208,-0.37794696115429227,-0.6069068312766017,-0.8066760814237537
1.6569453126326432,0.49939828856732055,0.6817577758835309,1.9509638045859323,2.034848499421621
2.0087827016287236,3.228480634120675,3.1914142251935576,2.6586304164328975,2.3007954220351383
1.0534040631751957,0.9962229843047906,1.0039071406255893,0.35078124885354117,0.33725025177553253
-2.0939118138128316,-1.4889395604406321,-2.0265938714082226,-0.8609391135613618,-2.8385090912665794
1.2940451078075588,0.3210240435221613,0.7669130158741497,1.6277530100117734,0.36863373372288205
-0.6878991262808187,-0.5654904334993183,-0.8494161041704181,-0.386872298815647,-0.583006652148669
1.9230465617344732,1.1149597714833253,1.4775883754497348,0.9613652845410867,0.909044069916831
-1.0350087434751358,-1.3893921444385036,-0.41893605326482863,0.07680517796455683,-0.4167928948749874
1.016003361454862,1.210695193195715,0.8615208900079063,1.5774478807999057,0.7663625747844182
-1.4609413309068786,-0.4093344187708022,-0.9714699373303032,-0.0754103354928937,-1.8243869751140078
-0.9642808831602778,-1.0847553495017572,-1.310253823634908,-1.937634384422856,-0.6193931368583485
0.4072413752566661,1.5293100036428802,1.1693454162028942,1.2756290531716499,0.8808977367528915
0.2599730485706762,-0.015315119460266558,-0.3245417882045283,0.07728864205239853,-0.14009449045889397
-0.2842806976689447,-1.1071884360179123,-1.3000575349913304,-0.839696492768857,-2.171387534942369
-0.06270511485338115,-0.39386241158329716,-0.7663790438238008,-1.2611118145459963,-1.0476325234615609
0.020380350867145212,0.7111786430939806,0.1455084705909572,-0.1492501660941332,0.26090901819424195
-1.8362505855915574,-1.6465217600772208,-0.8852072132659105,-0.8183035109875089,-0.5552723279150203
0.2188951346766953,-0.21530591679235708,-0.01234408891605767,-0.28233491989679,0.26362326614262055
-0.14017814599953768,0.15717626798679982,0.1948634469389639,0.31222925625474957,-0.19472462270000768
-0.2867558301556348,0.18971936012112564,-1.5286813357668347,-1.0728021620977994,-0.5892718163871469
0.8078345717292819,-1.1844917511899038,0.30446909465401845,-0.8137302773953063,-1.2796570660987767
-0.688535982549556,-0.9161496554968256,-1.2806506471815164,-1.2936763827886824,-0.3959311561303599
-0.5117484692512577,-0.4842061531085668,-1.1648367287973718,0.5123908819143383,0.7197830315029518
0.1575736506248647,0.4469329683608156,-0.45730992698761197,-0.05621721900642297,-0.5958223660611107
-1.990820489405774,-2.1604893157917773,-2.1038785614786866,-1.726652444509324,-1.6479014294641035
0.5039153334921398,1.7455012146287152,0.7445564526008337,1.0534524796946918,1.5544922698839334
1.0897408866009257,0.46591872580886573,0.17810288112448927,-0.6234958562225587,1.4248531121882873
0.26452863560226336,-0.13699539656961077,-0.503341249088609,-0.6296212382067176,-0.8503325364091345
0.35615124384755864,0.48842218222070777,0.43186340407470536,0.7855311890021158,0.8751960076318207
-0.17366752484171874,-0.1324911071923663,-0.9799349281883493,-0.2286992974251131,-0.09796173099223103
-1.0160494968742695,-0.25486749877298925,-0.15463679217552495,0.3926213690793929,1.106991827571512
-0.11237983251044262,-0.2171821381958124,0.21861882420707493,0.709961675002469,-0.6326140541646933
2.274126357806881,1.494332124885465,1.0100248754403542,1.7203656256099822,1.4447145621715412
0.0399255038602068,-0.7627329334387573,-0.29552375766476735,-1.049777271791881,-0.2278747454472898
-0.06392700203500001,-0.5545162398758431,-0.31959802438180845,-0.7522618649388108,0.0934532439517147
0.41156980032726814,-0.24151358228005992,-0.7421427928018324,-0.11673964289132727,0.008155250999600195
1.3206073632400703,-0.6577021337241984,1.1018755393384847,1.3339229429218273,0.9964649308998937
-1.0618726066153374,-0.5295263475108657,-0.2718473567602798,-0.6946053318004869,-1.053821684016676
1.7170993850028333,1.6336156556876653,2.5990329815366318,2.0671330304323865,2.182694854776699
0.0899661795865158,1.0809572297480559,-0.29876996236270376,-0.6413570162200911,0.7201884657545609
0.8099885390874085,0.47809288951776635,-0.370530314121077,0.31226338165895806,0.13347584144195454
0.12546818867605036,0.40339523860366,0.49444871890206776,0.2636425296884102,-0.8439411253907836
0.6001885105012654,1.1675342737787247,0.521010092283843,2.002262543002339,1.3868272023963484
0.7526150179229514,-1.1749606294167076,-0.25040853224959086,-1.3396038239176031,-1.3181933952597182
1.4066875472697988,1.2459049074872257,0.8782426792596084,1.022936394300087,1.0814476871772947
0.32522998024983607,1.0499203825582273,1.510210465068434,1.350462817521905,0.5057957032003889
0.4739989091230634,1.2555952506977952,1.9293349894762144,1.909870618296651,1.3996803897812615
-1.4896593898322672,-0.8954685957711964,-1.7184796570577945,-0.8592945952230319,-0.18359195648890148
-0.1343677891548263,0.2557174087740472,-0.1593246430279569,-1.093101939702845,-0.4412312034974264
0.9579198667056786,-0.5994412977494586,-0.3914047577914032,-0.08149917516153318,0.12221501770816556
-0.808467982028643,-0.6979746928838829,-0.051094375710313486,-2.361032943615327,-1.625188009175811
-0.7566265539142822,-0.5741744180442465,-2.11982566279123,-1.392504043815387,-0.8198326880597802
-0.4183167512830935,-0.16859397767415502,-0.5688452926787353,-0.936060104119034,-0.4886979068791175
-0.5035449628133525,-0.1678876885650428,0.07358674599330867,-1.0638624257463374,-1.2569461854849187
1.0309544223525544,0.09138705701839885,-0.7599074569520291,-1.0249684667714842,0.29197003529068855
1.303348123601116,0.12774606277862263,1.378002142977663,1.8474254727056898,0.5143193594118293
-2.1230147992727764,-2.7138866668489854,-1.8409680191940532,-1.7565071636960985,-1.0315098497296697
-1.6837052923235014,-2.1760191399710447,-1.3531370109485503,-0.3067323273012979,-2.2100608225261102
0.7016701409680205,1.0284071903197989,-0.6400413851761567,-0.14456432749387307,-0.006172788263406982
-0.7726439553966334,-0.6268955660757383,0.1909048737490963,0.13565735314415345,-0.3546669965264831
-0.6549195314656098,0.6683451667824464,-0.630228024848178,0.7802070959051369,-0.3486486245885067
0.29822635594837926,1.3105362258479023,-0.07936110431367414,1.3833224869203158,0.7962136674992691
-0.5833609474227769,0.7166181893400129,-0.04748195851441058,-0.6502895357683715,0.38322202983803816
-0.5202255095746183,-1.2238637036456093,-0.28232771371865806,-1.3857807692016728,-0.8773508474869145
-0.37857572519290006,0.042215850729212356,-0.32883063849709954,-1.0460642396235806,-1.2674078943525375
-1.2043304521949785,-1.3016867867887785,-2.0174992971141683,-1.582695422060346,-1.609579549723171
0.5562247875384452,-0.08426173075371302,-0.039838930990989646,-0.2100180558026093,0.9712819636423751
2.538865172756611,2.1881043391853274,0.5508257839045482,1.9790477011675591,1.4970604725316548
-0.7789148881871624,-0.5363204521432672,-0.6967136763015396,-0.612663372877937,-0.5447795172934232
-2.1054824452127896,-1.743187364657725,-2.0905008606308275,-1.9918027380734824,-2.249283036057569
0.40457617162674847,1.3259828665342714,0.11544280887673194,0.9116202783472416,1.2391809257228863
-0.20569536138726907,-1.1514672750368056,-1.229649413697074,-0.039124276057994796,-0.18874263252260087
0.9825679438142884,0.9745619803340448,0.9628983992911909,0.6801895679460473,1.3484307118160408
0.5749668221250548,0.5228224041119323,0.6020392810676862,0.5351975950834302,0.46093567028148996
2.159142978984689,0.6757206644191518,1.5502451336568142,0.41049692687004524,2.073402120504163
-1.337418427905032,-0.19673751247257834,-1.417883889870809,-0.5897825171897279,-0.5329594192531438
-0.13318007697727946,-0.5901453795425693,0.6461504344149455,-0.4474594464780558,0.126546673321062
-0.754584116888021,0.4646771590571414,-0.0777440760524026,-1.2635048165309075,-0.2467068879725016
-2.118769659211017,-1.3979506004224838,-0.9334657868277305,-1.925625407057946,-2.304463949554146
-0.3514565997671818,-0.23221657380809613,0.6421998471371873,0.7227663407099068,-0.7384908021305736
-0.12324436717661162,0.14408116490484763,1.7722478099034626,-0.04865900130104782,0.7488559941296163
-0.18684335443747271,0.5339451301758025,0.8154809348447983,0.08963301490939196,0.28115078845581537
1.0057164108897567,0.9499418875161324,1.054002809818481,0.5579516627263386,1.2255372395795365
1.17067476348885,0.15954222070325014,1.0272053193711501,0.3111880117259278,0.7466847967400934
-0.3539011934304948,0.6464004914751647,0.14029982528409277,-0.09627371067888946,0.37499135118484345
1.1355963302321834,0.31446093943084,0.500781722586601,1.848617489034394,0.25438863369589804
0.49221600391919706,-0.6006785536461441,0.28944190695755684,0.17338274334615608,0.205079808809745
-2.9133595574593527,-2.0889059715397136,-1.9445319011366515,-1.3106392897474402,-2.029928775469043
-0.7328779272664828,-0.9778512870309091,-0.3002524510371268,-0.5800697656294946,-0.29781421194980245
0.5942773623135604,0.7223418175181301,1.857394217293103,0.9635434818959341,0.5849887951102808
1.8891621875351976,1.1502512197368566,0.9057931870189776,1.0898787764060727,0.8194369829756392
1.28996279892912,1.1900974255662604,0.49559617335737743,-0.21236320150226032,-0.20758831077585474
-0.5907201527657013,-0.5485468145919451,-0.7163496773686935,-0.6384717282406067,-0.00695476994814397
1.1738462316254916,0.4726079265263303,1.1941451616475725,-0.013560141236145908,-0.16212021149405076
1.5083964893699864,1.19658199749039,1.9027088456418415,2.4044907345417212,1.822109263634532
-1.2763203622353754,-0.8525415208243196,-0.9694569022613705,-0.7969511317315149,-1.3855241011478698
-1.2030341524023136,0.1613504037896061,0.06978391232841678,-0.47360077394514416,0.07862547524996326
1.1172479885279016,-0.6286033880347712,0.3766368919697581,0.030499611927180842,0.8686935270424937
0.1338806283461977,-0.2840480510796373,-0.2733782796216629,0.7849584164187604,-0.3119873510104298
0.0695874895006491,-1.374055184923036,0.946213513083177,-0.42324466090395185,-0.9080152872853386
-0.7692182187761543,-0.9396347485560155,-0.9799901806796169,-0.49143323275681683,-0.7221896833471194
-1.016476644507551,-0.9961797459775152,-0.521121677125364,-0.4790405098366535,-0.970121706991161
2.1181461815651055,1.2870721266146772,1.1101469392730967,2.601465749637512,1.6496875939293292
-0.6083947101429902,-0.4016226535741378,-1.865610673748149,-0.07660560600611703,-1.018771111528521
0.4040802477914575,1.064827304546604,1.311628107462686,-0.396476522340179,0.9490953236213849
-0.5697986832247741,-1.5075015973539054,0.6851206607301448,0.6771811303376818,-0.29426900044630716
0.6782426649165831,1.1384696551094202,0.15781632390230083,0.688595951585644,0.6655769520640685
2.0496997783316604,1.4106739609865397,1.7616405219267095,1.3373650862067596,1.8572326512178812
0.7963154391824265,0.9554324487515231,1.1369294321624304,0.47099193815623164,0.2871139545746165
0.3987019363563432,0.7924324984594133,1.4237244864760896,1.2957981087508157,0.16895780500040547
0.6407736304006431,-0.6020512805788824,-0.5180772444721111,-1.2717089556253305,-0.4430289250189112
-0.7587744452685802,-1.1248699323256632,-1.2362123468555957,-0.9265342060230395,-1.8768606689313168
0.04983914670230985,-0.19885371249214656,-1.0473654368096603,-1.322502798159245,-0.3390870590705298
0.6763294817306479,-0.7571788692871654,-0.8751081561488626,-0.685091606022725,-0.5563449028767266
-0.23350117713373175,1.3321452753773162,-0.9405366052999145,0.16734992401449747,0.2629589465904296
-0.9400465077165603,-1.0455875008782591,-1.898455002795658,-2.4053007953799157,-1.7777186683428101
1.5397454684991831,0.6192710118073306,1.6472502433663512,2.065009709478722,2.5037198102598137
0.33574400656231135,0.2749289973493433,-0.12204078447420794,1.263136006194579,0.6534273221894549
-0.06982732301684441,0.625918626312199,1.0592339652280545,1.6515861334206317,0.30122623490788547
-1.2837433413780843,-1.6194853947447811,-1.1261938631061943,-2.247112317677711,-1.0005290946240257
-1.913250249044514,-1.4297590775241038,-0.45972904363495776,0.20453935195526238,-0.9639322657255416
-0.08153040242648187,-0.014625659358214095,1.163819523370706,0.9022330442829143,1.1465367193031273
-1.703210764300571,-1.1802072588812345,0.6546340408331667,-0.8236191809278015,-1.0641372464790382
-1.4255686218740116,-0.03639178873003932,0.5104209062790642,0.15087802824449398,0.3427179306112074
-0.19938382401008645,-0.2911344982821451,-0.9205255564487842,-0.39145769597884916,-0.2527677604622656
-1.3448555832746167,-1.7209511334303598,-2.399220807318735,-1.6885421781735575,-1.7537292581926105
-0.9147671129250758,-1.110646810968363,-1.7214542801109556,-1.7863324936766434,-2.3345991022635313
-1.4158641459427526,-0.31542546438390495,-0.3377166305924464,0.1169271047034817,-1.3218810371809269
-0.6507465739120343,-0.8464325845068256,-1.2864657506068262,-0.0032071609733991574,-0.48661889480712744
0.2768938328363934,-0.08655815636453422,0.06774141710107592,-0.7065537722314372,-0.44139507000291756
0.8746270181772211,0.41348452545383885,0.18329494037924035,-0.13707053345693956,-0.15982799289158245
-1.0923841941809207,-0.47507300719205875,-0.2870352790221844,-0.1861907375100167,0.29427372769810467
-0.6518477715862249,-1.5656164684452125,-1.3256299225407262,-0.3854523133643449,-0.7463924269310563
-0.35290907302969926,0.658023329280546,-0.024722450710202185,0.6454930321731002,0.953362000266428
0.8224744183230946,1.0483439905125933,0.8765787587669078,1.2907667849827464,1.458366490019571
0.9917484390329623,1.1867266848439366,0.13941051831846404,1.1947980105230842,0.9638750966308686
-0.19981822573893065,-0.07007622940419216,-0.13994640352732546,-0.9196234434811121,-0.5550457220269288
-0.1384978608459246,0.3563411192257628,0.6588509640988601,0.5835158904423134,-0.056013639326839344
-0.4638548267738133,-1.2379915380411417,-0.22954570799554191,0.064504917946981,-0.42629751244627334
-0.6625984864276306,-0.5800495031750592,-1.0282127089570396,-0.23448097957031241,0.10995105477579824
1.0026702164268406,0.20816651926915866,1.9207167345034704,1.4543135888305274,1.0861221359476845
1.1843384026565635,-0.42962038125891483,0.5554800955969689,0.3437089260408219,0.49750395576822015
-0.3921447308537019,0.45638399662621754,-0.4635025039168712,0.7915673231614675,0.22121180613020058
-0.006650364238267262,0.3483807536681149,0.38095777782999585,1.8452879581592796,0.6895190686167529
0.9169685081209104,0.05443564382285938,0.018357634214586867,0.5975838974942288,0.34649509300448667
-0.011369636982790721,0.01656225749937533,0.07886319905761044,-0.3024205515198068,-0.06849543726676467
-1.7070861526295253,-1.2560902422016844,-1.0900885697996383,-1.5907461313574138,-1.8748496780518706
-1.0207729826074023,-1.1380610528865525,-0.5320793866735269,-0.4154971466219926,-1.2161488862362142
0.061285647204891054,0.16603240736215255,0.20585498495944538,1.0673331688709733,0.44338039119321176
-0.5253275127030179,-0.5259890849060956,-0.12335725917888776,-1.1156208293222982,0.40071493877538306
-0.03901776403420303,-0.022013888471239845,-0.24343005600070022,-0.49804272460453236,-0.18055340685181331
0.8895988880741017,-0.06772756745572489,1.7151720860021422,1.5258191229316922,1.7943286157107026
1.5656835898090415,0.7756247588082752,0.972043246353769,2.0140328299652492,0.8507387915882184
0.8215044891654066,0.13342666008428206,1.2039133487885096,1.538862365386611,1.7986988580392946
-1.5820056357806336,-1.8282426795665419,-1.1979412588385232,-1.7696466369312984,-1.586423831827873
1.661089386528581,2.555117222255863,1.6359799578408571,2.3459597716170455,1.448524675146224
-0.6042121312238968,0.9912416726562897,0.27297137826495693,-0.16015041098672964,0.33345790852900464
-0.5494963444030394,0.5023203690994408,-0.9226681193756973,-0.8781620546953923,-0.8890784226790629
-0.4636647532474855,-1.0209023792728666,-0.4983539226016029,-0.13607028186408893,-0.8921259462621303
1.4889820751172547,1.7863937163227896,0.9707286620212544,1.3852170620850328,1.1014376238164834
-1.7783018837501023,-0.9779088595682266,-1.1892716226803335,-1.2478436227145369,-0.6187490058988718
-0.1503233869713776,-0.16007118264172135,-0.024279209140753533,0.2751466801190894,0.5384116325758922
0.14647815106591747,0.7276260534536245,0.6513573756434915,0.15419625806416237,-0.43327563721682033
-1.219056422126367,-0.34609066340337524,0.1928560097528164,-0.9894789721203977,-1.203952248399791
-1.1936823064682052,-1.1484242629162198,-1.4131071805873232,-2.320239022903009,-0.7251552037474098
-0.02003752213027013,-0.043545710173097885,-0.2646580355812055,-0.3810362029073039,-0.1087327261518868
0.5433316925197602,-0.17664844547307795,-0.5060213708724854,-0.4128292997687723,-0.3510572209463056
-0.3491380788082315,0.4890188175681635,0.41490684007957856,0.5110590146812667,0.13537656338601806
0.22125985012215116,0.2274052698936126,-0.3866864852571757,1.1012902907630573,0.8831341144222857
-0.1349216281371057,0.6949528612490729,0.03556039515560289,-1.0660455210660542,0.07271751714601524
-0.3959966736618773,0.3560905667131496,-0.9400699188567628,-0.9747901755894073,-1.6676060319715127
-1.0705229630741016,-0.7123971722576811,-0.6202329146529385,-1.1426947826321117,0.0029155729541026996
0.9153636453723192,1.246837285808836,0.7868197663947257,0.2662343836958508,1.399620609593117
2.248851028483575,2.3888823208648566,1.2225172804967566,1.6817498163656606,2.4845174196014077
1.1197485123052415,1.267380418361665,0.5538232248204216,0.5752409735705102,0.3199234762327375
0.11612601298239608,-0.300795148936559,-0.35736896386573785,-0.3711959054418033,-0.7597501886448998
-0.9911036261851545,-1.256273255957582,-1.3386379460464966,-1.5135319500910849,-2.251353500424846
0.1483254518604017,-1.1311603421948286,-0.44938881432012734,-0.35853656364958414,0.049505588672041564
-1.106170740854424,-0.5959971450555019,-0.6620266905913511,0.23007671105180624,-1.1310049592135203
0.21256368808070125,-0.19160707991696044,-0.22895428750606905,0.5556683292219331,-0.312572900631497
0.30812570442552983,0.948098864845912,1.0813379654631707,1.1821268760607353,0.6857538634267121
-0.6311244231872385,0.870337072321543,0.880603770907363,0.400573453323641,0.46302668344978903
1.2689466380886494,0.6735645547991009,0.33527458766041457,0.5440708711147235,0.11823201386440177
0.9974036324998471,1.0558056013921142,0.7923184459576328,1.275166515856631,0.674732874245876
0.28702951636338475,-0.3294952006711296,0.6309142135333071,-0.010684714501095937,0.17999713172747484
-0.4350583251449676,-0.6977829207525521,-0.5159410708449815,-0.2547804396155048,0.34605090455370396
1.7905950094652876,1.0504267520801032,0.8912999164650972,1.252983752264556,0.9551751752021955
1.1958836290525892,1.2755643635118397,0.8653555002264253,0.24203692044066905,1.0853789858317335
-0.838169879945403,-1.4767317233601718,-0.32670068245131045,-0.9443380831598559,-0.6635389106579859
-0.27134072087892736,-0.20540286945182912,0.6243843425563821,0.6527385498066912,0.20290770872597982
0.32496093366887235,1.6606365056330359,0.7243716922017266,0.004818752355259145,-0.551376175128526
-1.3127363861988852,-1.2680797989464285,-1.0839438077463541,-0.10688245116673509,-1.1515131899571758
1.7057612969545541,1.4237577749894939,1.8644440401443687,1.0812418446238887,2.2624972959566025
-0.5119658857630724,0.08685632258894857,0.19385687466239498,0.7867442904991209,0.6604431682133595
-0.6683913317637105,0.17768468668586734,-0.43197483874143466,0.3359675792843273,0.417920911593203
1.0806279195869493,0.8338189270690203,1.7146203790657932,2.054407852592476,0.38726670156128146
-0.39369249311588755,-1.0312199341199073,-1.0861739037840532,-0.707680341741103,-0.5403422545811892
-0.3949665976211916,0.303109822312756,0.7724208047671125,0.023466273873207974,-0.24557138491733824
-0.9324905655076019,-1.3980273028127075,-0.23596761431416785,-0.5920645382794765,-1.2056587516312824
-1.603157423580296,0.25266789740292683,0.33444619993332664,-0.20722704792276142,0.2729736711478811
0.852504798191572,1.0835165602790335,0.870321584338267,0.525042508533746,0.15364815758342387
0.04039962883753031,0.227558178259169,-0.328372505727353,-0.1442473591425609,-0.4912855873096222
1.4220209623356292,0.7291746430614879,0.39174888555267817,1.0989240270294127,-0.6365796134383532
-1.522003787573544,-0.33990361231493893,-1.1674500695716385,-0.6615212994990642,-2.447577708062772
-1.750173290453291,-0.5698541783027895,-1.3552568787513755,-0.8907386861975449,-0.19113524812206567
2.3913703652307565,1.989582459751123,1.8397398553045874,2.3055743165868994,2.0716850751144107
-0.09811341722286678,0.9760807974156611,0.381945200024744,-0.0796168058937441,1.4702034600821765
-1.1229623507834803,-1.3733513649264946,-0.8030729440112008,-1.2130914560573518,-1.1977991830293444
-0.24220121686036913,-1.3491789941959509,-1.2484970504642252,-1.1467528847704644,-0.8688684838678566
-0.09550032473590775,-1.0821047948076927,0.3519839382355547,-0.08988451058382067,0.15176004819755742
-0.6064757067129373,-0.4492461316742461,-1.4314476949327197,-1.068897115460726,-1.644872061612821
-0.9847950204545031,0.2478860557067737,0.44913443722238916,-0.1630562388260351,-1.1565728470036096
0.5055240909466329,-0.1312461728790432,0.3584502746020681,0.3912519479328156,1.2343090355245283
-1.5377410671873342,-0.5349126708269462,0.12821549237638807,0.3882195831017231,-0.4464308109756792
-0.2532239966224117,0.7518742308318149,-0.510518146539034,0.7200752790333217,-0.20004448855409737
1.768149865423111,0.917933180763293,2.041885638428453,2.1591227084100515,2.418676549924332
-1.371458626233555,-0.5471432364432733,-0.4745989891998746,-1.2717397839708655,-1.1251574222234426
1.233246014932245,0.909169604219032,1.647246315327027,0.6553299707771999,2.601625993370507
0.7827446247762228,0.9121480522100524,1.131022149117901,0.4376254103947868,1.0048797748341518
0.14471530529855567,0.799795978823871,-0.08198956525079226,0.4565487399838842,-0.4135617095626411
1.2489659020873078,0.23298675961479234,-0.2577606893903813,0.5306939564617242,0.4966024687272348
0.3083706084056504,0.1026511657200608,0.0169448895413728,0.40684368979026186,0.27385157267086024
-0.43931124145185796,-0.5878330755857856,-0.9934791145318744,-0.8460650509500512,-0.12799130858852664
0.2117494428501486,-0.14259723020673623,0.3869680632733404,-0.09616022995620031,0.9068453250482227
-0.8941646202109891,-1.1303053609763705,-0.20230781490528796,-0.5872244157563656,-0.9342339570100183
0.4913458260977159,1.0983254977287547,1.0992141485864344,1.755139112330517,2.3054609456584902
-0.11601849229905203,0.7811355519488867,-0.11648935576375487,0.048484873177609446,0.9878842973508498
0.7743832414338149,1.5349349383756807,0.2022562783289271,0.7197166437298671,0.13031388685135778
1.7011908504048794,1.5965971042994265,0.8463620714005915,-0.301588246131416,0.5735589232337857
-1.0766622585142072,-0.6817033697567002,-0.16508867274542244,-0.7054464440078119,-0.9462736967071427
-0.8188834312822993,-1.138073459391712,-1.763327675076505,-0.7688674604319489,-1.374231292095631
1.4613415991889465,1.5598145574382525,1.0243333253462388,2.1756682495317228,1.2798076416444213
-0.059535378837222826,0.32826572268323134,1.301932676396153,0.7819419869157276,0.46592377256672873
-1.141818450168757,0.23325880349615538,0.07887069571006568,-1.3805557692638615,-0.43338358581566533
-0.48860572944201675,0.49498771490122545,1.2264068193573991,1.376162534729763,1.6822518556453383
-0.8581583800720488,-0.6530890637139627,-0.5735683894320811,0.23289972746007703,-1.8649261948886806
-0.07669126181485822,-0.19241758006294538,0.8948239501544131,0.23896828571863904,0.35018286918221025
0.07994512638703295,-1.006313228736913,0.0344189986735125,-0.23118288500040302,0.025282008452885276
-0.42466418874495004,-0.04789257118372344,-0.23147258656172934,0.7848299370704545,0.49248590645223067
-0.19399546578448612,-1.2647703466673685,-0.35502967393031226,-0.6899533155718242,-0.23517725519702665
0.1362550393328746,-0.35179284153529544,-0.3701654418786738,0.05980326779897898,-0.42441805395065096
0.17234969648538873,0.2589390569361238,0.5427474130352999,0.43871279595384227,0.30689000400860067
1.5497023920511046,0.44303183089914605,0.6712953671052637,0.4682876431999475,1.4599237786722046
0.5331453139442347,0.5700540538542771,-0.24284992151193546,-0.5976475343173444,0.12156816622572948
0.48274068688832167,-0.6978612104037912,-1.1519800825361435,0.21868081276464657,0.6398060658292734
1.357016973144941,0.8846759900235593,1.873322391765225,2.4405569234118905,1.4337849386744117
-0.9612971995051516,-1.3465487452227254,-1.0829358686080635,-1.3713088837802316,-0.7267997433809196
-0.5454391853660445,-0.8936585614530214,0.37331264853090773,-0.22385042945225217,-1.4438641555734881
-0.03894225473949756,0.9411926024814126,0.013607281468221441,0.15682577983068618,1.1021116213875854
-0.7074830523644456,0.9782030916108096,-1.0495279451955555,-1.0959764442343969,-0.2120133554309743
-0.22188594398441686,-1.0565437151377144,-0.1457327830018763,-0.8485743927828365,0.2830018538729613
0.387579820981441,-0.20561079194991527,1.0521223041983667,0.7160554616060864,0.43929119425455787
1.3374698282061706,1.3062721647574038,-0.22506115622129397,1.489064659450182,2.1234823565597223
-0.7088203057342408,-0.4591051793890992,0.8672123317443461,0.06065003631354321,-1.1383724347244835
-0.7214198478325742,-0.16134270315234497,-0.6861246349641404,-0.8856806099327331,0.45273458029431957
-0.923711271784406,-0.9099490905060152,-1.0975622863273395,-0.6758605367496714,-0.854042736905505
-2.4664831856719376,-0.708507515063014,-2.2869350673073656,-1.7741907668966062,-2.84617171448295
2.90526668950998,1.3815441152370957,1.375907567121532,0.5794326785429045,2.1395773224527286
0.8870233809535639,-0.04243266981208808,1.17013371634757,0.33122561437392695,1.4906790401258514
-1.6306408166915185,-1.4491428882080934,-1.9653465862163908,-1.6323770510141946,-1.229848342104293
0.482549868736622,-0.6153867573030131,0.029419349041080598,-0.9228601447727809,-0.34935456542307447
-0.3299274403847654,-0.18924705921519702,0.2685479124524085,-0.4715544288489365,0.1690536472982082
-1.511596015071583,-2.5177309149281086,-1.2433780027344963,-1.522425329615504,-1.084368629270331
1.8458579842270522,1.7615413263673674,1.1744124310510533,2.2019860928840913,1.35367987642983
0.12998063041410077,-0.7534438688329292,0.501038906856282,1.365477533638921,-0.049749793026241974
-1.724929505528698,-2.070331906867677,-1.640326591741508,-1.3184355524036995,-1.7218756314637702
0.7777926924140857,1.1886934281112778,0.26834572491842507,-0.23186173894268924,0.828230759294829
0.5749810746140812,-0.20830832725376616,1.253118036075299,0.21383159269439234,1.2062847441419238
-0.15998970091900525,-0.16216750128677818,0.4550932995112456,0.627177645667742,0.43540609490798626
0.6795148144734,-0.29065469945452566,-0.9914268990244914,0.45883631152175197,-1.1258030172575695
1.5606236057390013,0.8979435163904164,1.160913901563488,0.4631409329346028,0.5465759967817078
-1.1702780021927406,-1.1859460097477101,-1.3109466950127873,-1.5520495413738074,-1.0794501163879135
0.7622364370660877,-1.0673190932307715,0.14919425803976594,-0.17042401447577793,-0.207766143911485
-1.071980470011943,0.8724359320916724,0.35425071580087836,-0.460274035563618,0.3203657431267954
-0.48132876459364315,0.41657772378729746,-0.6789571480628142,-0.38987595879174897,-0.08181408169099479
0.9601648020691924,0.9782528815873828,-0.1529078896337066,0.7546147059203071,-0.29812160397617676
-0.0527666758732274,-1.1400810756217026,-1.3699230018624804,-0.7926972477723807,-1.9524430644483648
0.8028691000571213,-0.4513136919152155,0.4629411245583357,0.10492354112001374,0.34989239075712736
1.1243688373222447,0.7475499270989038,0.9169355864595058,0.12530027682121647,-0.3457950602784822
0.024834911221228217,-0.7279534338759902,-0.2353456157202909,-0.6774372394387566,-0.15014766127625453
0.1243638600361445,-0.47138087116376937,0.41080420158833714,-0.2537117474277292,-0.5131692475068214
0.4135808565364079,0.8945074691752101,0.6778895972175769,0.8622129595741614,-0.19919468936898077
0.5524957319231945,0.5698242924175272,0.8130855606023525,-0.04742054151660859,-0.053750882350682726
-0.3027598203769477,0.7210544339509327,-0.9328662117839243,-0.2123256282107644,0.5999983178350151
-0.4980198146845618,-0.5100377665844982,0.12419944698065456,0.11870885045567629,-1.4058552362187453
0.3553590515249184,-0.6622566203722455,-0.5176794944170087,0.6614553926536506,-1.513305791473815
0.9285524407527507,0.9459906222058813,0.42390779062530815,-0.8151594283449685,0.029160464790651753
0.7490089143091825,0.279976030682454,-0.009933077812201683,0.4903843092022284,0.49287521647327315
-0.7276114397946442,-0.26772899053146076,0.34559978284818077,0.7558744785850524,0.2669203370108254
0.16455237925840635,-0.8001495414429426,-0.13193445707819934,0.479681382417891,0.42446355709267386
1.2228757453469579,0.705172752779003,0.8867243493985022,1.3523141511866807,0.9376670673791828
-1.8547179192191203,-0.9000700152775751,0.29976844869844044,-0.33866779669455693,-0.5342613965597293
-0.4718090219140502,-0.08447231345747448,-1.0119018393756092,-0.3876896154584608,-0.3448842955750582
1.4130437215621978,1.218990113164466,1.922171302384114,1.2389219617086604,0.7443338037807105
0.8508150877394743,-0.035143431504637994,-0.3858851357356991,-0.4562699046224112,-0.36840076864206767
1.7230700478529235,2.2237504808391604,0.8257192186188848,1.643569070992871,1.6742001028860645
-0.6696237424272425,-0.94949791942574,-0.2947517621943072,-0.2501534286785295,-0.292477605773403
-1.7949446687963877,-1.443063316846221,-1.5373854022839435,-1.914945641966333,-1.5175630383529364
0.13044767660750717,0.34271834951958274,-0.1687884377009093,0.8546787328283191,-0.71987377168799
-0.48603109930599003,-1.7639700093743824,-0.8516026505892202,-0.1049859094189524,-0.3981607779400855
0.6415171206589442,1.1453514481422629,1.5212650604410407,1.2597539570961143,1.4977463035533103
-0.8359839820616808,0.43572339900276336,0.35551361580669927,-1.3785836055366272,-1.1906776192903965
1.1962889982373193,1.3117500848112347,1.266271057821744,0.9362687095284321,0.3399439494345112
0.9689049929444961,1.1107082896652878,0.3786102338388407,0.9870691593755268,0.20816257092126755
-0.3046136008246891,0.7754343352645224,-0.49680790471369113,-0.39680498775690076,-0.3293193728041194
-1.0998571946162041,-0.6670516540889546,-1.692642687893526,-0.37847120520036204,-0.4200096975134875
-0.016715433855899048,-0.6037353453050729,0.5215915697123223,-0.17222804439303097,-0.3258706574452734
-1.3865565092386303,-0.08517008019184619,-0.9430898511331101,-0.7584819899799535,-0.35077758384989993
0.4643914361219691,-0.6239043659864781,0.11934950041718895,0.09578077679096686,0.6596732259922359
0.28575519325063775,0.6638287159730003,1.5472698938809641,0.08519707608306067,2.1512897497181593
0.02432825687894445,0.5814137310831653,1.4168826130395429,0.2022495177693605,-0.10857859141966145
0.3118809998549965,1.436615598000231,1.785987471020624,1.3897710078349095,0.5852597294573209
-0.8459326612327822,-1.3175519901325379,0.21338727715767727,-1.6259442211696533,-0.7087058797368097
0.8776943676540395,0.3141299768503334,1.8317821819456732,0.9756868199953425,0.9309280904788968
-1.840036363796877,-0.8559913342677297,-1.0448592336364682,-1.8438913288251622,-1.7001009137770577
1.1704037224037138,0.8733276405178994,0.8851145938979915,0.3093026304391155,1.6869690844738543
1.2267838565158078,0.45055642467819207,1.4391048104423751,0.6216008953405286,1.3090743761709118
-0.7338109401622046,0.8421606095820984,-0.1869224714012834,-0.5144207743894105,-0.7277153866014083
-0.32497807184350913,-0.82287002950491,-0.8641100083570158,0.14679340998661553,0.1349254794554984
1.1658488342867275,0.11928893355547436,0.5235968434237426,1.2181303584024439,1.143342604239709
0.7391571476577009,1.0281007170625067,1.5314979788773981,0.1640417549632774,-0.3755376460248321
0.9247200871548302,1.5079351533642065,0.04025521248305507,-0.49221249948961404,-0.0415834459964986
-0.20548112418145173,-0.2702059862203949,-0.18522366606949173,-0.8580639162621904,-0.866103786127422
0.7706599630106592,0.4274490993824068,0.46888284997985746,0.5888503639796902,0.9871025084399877
0.44536926969223484,0.24387734304298478,0.010528105184996835,-0.5387521270641025,0.1944686779029746
-0.12214374449787568,0.19603597755395677,0.5301866097135072,-0.1454444663390538,-0.4960064353337376
-0.874772060584464,-0.6882899355695978,-1.1288985601146204,-1.2581034967069438,-1.6988595809784466
-0.23085547271632376,-0.4505822238099694,-0.13339294999437015,0.05776936534363764,-0.5906306322522517
2.798759659266631,1.7629417067334594,1.2215043947662103,1.9210561657029204,1.4120496588344793
0.10592200670964515,-0.21930786994915255,-0.0024458072124189842,0.03296508059915564,-0.3838807985589047
0.4858520796906954,0.6807283533928589,-0.5495261242020175,-0.4402961412321811,0.060669148666837404
-0.11543547839183367,0.32102769506806433,0.2649557282775752,1.4833143432655624,-0.011074838472687068
-0.15953466620138412,-0.06508960222038014,-0.15314849472923184,-0.2202749883351759,-0.756242743191928
-0.2936665697042777,-0.58880185348317,0.02810056643249728,-1.0013217848619929,-0.11179138607039513
0.04425300689273989,-0.6229318922431905,0.26778329949472107,-0.17076505080816748,-0.6010838969016967
0.27344195505500785,-1.0577177077061135,-0.7285882342176199,-0.42690737681899393,-0.41739441767223606
0.1888425619166661,-0.6913315692455401,0.08158901534615953,-0.16028750847481565,0.06785615580118495
1.785330882729203,1.1762983929515927,0.6402572399422164,0.40397821101959425,0.9775668742466032
0.0916238676316193,0.35142367310257927,1.0355479275550277,0.8118493572961568,0.9455756682852857
0.6469157387951946,2.141164677526617,1.638510886898656,0.9936051369258448,0.27977809285785715
0.3027472010938649,-1.1491843604939902,-0.3724062987538126,-0.6878561903629046,-0.2759933098882749
1.0111880968021725,0.46278933072664136,1.9257961973509838,0.7154870716681877,1.4611680654317496
-1.4901882505092483,-1.2910710773358507,0.24459760172247752,-1.0320959712304447,-0.2570621630430832
-0.7638292162573115,-0.4304434159781965,1.353291010833568,0.9865951999057809,0.040377918106402004
1.2943399881276936,0.5582294806698197,-0.14399559777246984,0.737299448854096,0.3370012874799451
0.1879898618724812,0.3866274101846694,0.17017932851136236,0.8292075608924815,0.5471120526291502
-1.0034798765121498,-1.5496028631533139,-1.4596068190280764,-1.0797076690541183,-0.8471685959568205
-1.13304941427456,-1.1112154834560266,-1.7139910103195546,-1.7218824261949996,-1.329052074766655
0.272136634080895,0.07798854557020361,0.36425533415213224,2.0767930738889593,-0.08874176478096348
-0.24878635551495973,0.16348125403892047,-0.08373032114127352,-0.7421858015340593,-0.5619709205409561
1.7684636929491775,1.791170737920686,1.4901155507018462,1.7610383178432427,2.4084857325313185
0.4620010005906534,0.578412052914368,0.1238382352969535,-0.27366800325098456,0.514553513192745
-0.06225335916073486,0.254812210374148,0.100799023392351,1.0737451117032222,0.07789159892647117
-1.1431349640903337,0.8790661038538529,-0.4290322338767938,0.5323803997326837,0.5935519663887515
0.6887424026928142,2.0271031453532196,1.6130235492831992,0.6855656315895754,0.5538524516654741
0.5607403630380875,0.3408348503391712,-0.5117833415234654,-0.2501035436321383,0.9716254471359723
-0.3974740127812798,-0.522095811668808,-1.064249135380266,-0.40055065765631004,-1.3011895273234273
-2.86421371247981,-1.7140433146543277,-2.1110470740389604,-2.008651720108844,-3.078947795732688
0.9218263071370484,0.4874094945234581,0.18688071938354844,-0.41682790606680376,1.0782811049551804
-0.8636665765693156,-1.7181246274111606,-1.0743598513147576,-1.7874155722199812,-2.05105160991148
-0.6389031965389464,-0.39280798725939625,-0.6946187527220755,-0.7009724941234219,-0.9230501955298627
0.22105872190795045,0.5826449640563024,-0.24271882131857395,0.7520799080275559,0.007224262014102829
1.8227196355566846,-0.05268580594118251,0.1391745612769504,1.0101773235279905,1.5709232649035858
-0.039494019195504576,1.3605604232227868,1.210459929387535,1.5756597828433345,1.2364747957378168
1.110047570968462,0.9869146662218525,0.7165596674979324,1.7692566151400428,1.346194879618651
-0.3047047177488553,-0.14668299979206398,-0.5330877328192173,-0.2195792311040251,-0.42925198271203757
-0.6877555690260044,0.7690806460314615,0.4507752948324468,0.606080700263118,0.5724830710319756
0.26904000861371835,0.41052030729127725,0.6106379548622947,-0.3046912343297679,1.0746620691087714
-0.34436120886854116,-0.6714173511385355,-0.1983523897294022,-0.6480636948364877,-0.5169752156964931
0.27683421007400444,0.349902465117917,-0.5974817504568739,-0.47268281421674574,0.3899697568735777
0.3980787011835658,-0.7687104057679944,-0.23441038908030692,0.23695618261074827,-0.4675977995489026
-0.0800121321500348,1.6725362969845683,0.6215220850740268,-0.3053785205908583,1.041464370674925
0.202227197746458,0.7128515989378275,1.7067556912306892,0.5775727600677288,1.3115292578761264
-1.1871448500168862,-0.6428658512827621,-0.9441184730511696,-0.36854218673974753,-0.31303032625605204
0.1917457429966209,0.9202870048537437,2.0950027924123384,0.7686399801058302,0.9386133392119845
0.18335950670441498,0.6688259941784385,-0.12197766082086489,-0.7274041720690118,-0.6658981560565819
0.08220426792545407,1.1858896037018012,0.19605408387908763,0.7303151996055018,-0.19473002956281055
0.2984695059880668,1.2220783929515953,0.7355093073038195,0.4148446470551114,1.9221093801041231
2.223606254589551,1.3734783158436104,0.8429985724469421,1.4412954995719551,0.6495034642738501
0.8912925780911843,0.4745536612463579,-0.3201324735787528,-0.0044246822054457525,-0.2928019079460676
2.1836462469305573,1.4876166507583264,0.5416230649316056,2.1614824089905453,1.6189614552536244
-2.6326703595094676,-2.3662756150655038,-1.389221123908226,-2.0011907768223556,-1.4546465626472442
2.3828605044811995,1.5501440488567353,2.019193912968371,2.027044587701626,1.2175393721164467
-0.7258335614425097,-1.4364028736028356,-0.7746369962360942,-1.1080406560454117,-0.8166553096316468
0.48969937869002544,1.6638428942235481,1.3214848923616602,0.9101265803797189,1.0900520286079955
-0.8460411291139455,-0.1854073539808957,-0.3057757861830287,-0.37057344362079914,-0.20298356054534145
0.5969966213819434,-0.6463977653496765,-0.3924631313540141,0.5415047259793037,0.809005094623423
-1.6924468957207277,-0.7346801086643754,-0.6530038640540817,-1.2240590370700817,-1.6031660447629288
0.6896405779318444,0.8249150853361242,1.2636640991961121,1.05939144041412,1.1432956649755637
0.9212597972110377,0.3381899768517763,0.9303156428810367,0.552717560140151,-0.30444023173864143
1.7487326139271662,0.507996634980507,-0.18126294803599521,1.6438515265103752,0.3535818767287804
0.3425026899801907,1.048816332708332,0.07109540031901669,0.584214718732751,0.7658235321777963
0.8569004495644154,-0.6321956394199089,0.3846197293212701,0.3375948155607003,2.514341152992342
-0.7721874093937401,-0.4070815607124414,-0.4804452560671411,-0.9526157018795811,-1.5073142803496946
-0.31656936519992857,-0.7932279468237164,-0.6205570410246052,0.21164939870715777,0.3329753994895633
-1.8885979758076101,0.07819199441878749,0.5360049769649013,0.29673460191424617,-0.40797346186419053
-2.3680375286923803,-1.0064810679687735,-2.231677563876742,-2.344554723211598,-2.5161641707390587
0.6889071586969474,1.4630198830549002,1.025259861929149,1.0087301158772173,1.3827882418516901
-1.7722840012834928,-1.1516033631956022,-1.0540646060066459,-1.1943615048771907,-2.4600787977993948
0.4171304799508287,-0.6695150437759358,-1.0793133122609726,-0.7822913420864749,0.20863956250017626
0.8829927503937832,1.1011886492203005,0.5089545492571014,0.4430229798632561,0.9590438856396367
0.23818592895173932,-0.24239503967584333,-0.18893474731319515,0.7158965245275797,-0.7549564815751594
0.6641488556246953,0.8963901774344049,-0.3619505120335356,0.27988683661015545,0.6723451103769534
-0.2693224078556218,0.01019634766073581,0.13822794888959272,-0.08622052109000186,-1.6301198081004056
-0.6474386336786887,1.1984891248273861,0.1539687485029006,-0.8550057708217668,-0.27856596154954044
0.772119336558675,0.4658104714908627,1.3325199329749111,-0.13000696575862833,-0.003291579825174328
-0.28440953769864386,0.22148386933931286,0.1294919966074409,0.023399561774745302,-0.10566550770764409
-1.0910964115652209,0.4550974389849612,-0.9644715198252753,0.09127959109290905,-0.09459731809749505
0.8749478193015573,0.7799601483266629,0.3831293004206541,0.20399447342812319,0.4103796139604342
0.7194934889477372,0.4026442512038155,0.9738974238484929,0.38332823638940083,0.9124823493404235
-0.8532148183996032,-0.39569531987762546,-0.4224596482399014,-0.832997998992801,-0.649684864272354
-1.2395518074953613,-1.9704994551713704,-0.6732981645770869,-1.8203487102722828,-1.153797394446995
-1.2127203193395584,-0.6245178377207375,-1.1495577118181775,-2.392436457654043,-2.1036836988950105
-0.34848434722212807,-1.3310739866063477,-0.20361841967905883,-1.4938630111097695,-2.460225966717147
-0.6170433409433828,-0.921926747119548,0.28190844796067677,0.6444594758052515,-0.8299059064637642
-0.5560474490990786,0.3252551920734569,-0.9132977455460178,-0.27823852528988713,-0.6894738394979925
1.4188386369298973,0.12885062678038064,-0.47897870362936285,0.1523735964972486,0.13269915551637348
-0.3373023491063442,-0.7579884774000683,0.0711592658700985,-0.19031562580331787,0.9338172208476221
-1.0477823810246656,-1.1667247356708368,-1.670681918542032,-1.237132110018655,-1.1182034915534511
1.357286074942315,0.798312571316231,0.014009343386943818,0.43859492732414784,0.5002954934971591
0.6302501941121001,0.11395922081514248,1.2268643044135215,0.32731756835786,0.26229905541186027
0.8906185723149511,-0.41563140389696135,0.5902860124714772,0.6344408714757463,0.18329308324701804
-1.3025106116074596,-0.5649103973471115,-1.764466605693038,-0.3958730489582493,-1.3678237585769282
0.34706474897215994,1.0707180005243484,0.10677545001400128,0.5320856153237037,-0.15556219526377785
-1.5775280553664799,-0.13184278148073808,-0.5874496408276506,-1.476589264720405,-2.1267834660774882
0.3881136718294101,-0.34983396633428876,0.3224950920898712,-0.15512510930784326,0.37387371452684504
0.09591375616054662,0.6482957974909361,0.2513443931981673,2.058592013948878,0.38740144717757885
-1.6548615623728635,-1.1425874555799544,-1.9059389833331324,-0.5517987696703406,-2.190377927367338
-0.5728211424875437,-0.21252157684816075,-0.388645012586912,0.22996322252368837,0.9445244273424634
-0.8543122861684753,-1.1636510157114612,-1.2009340243346844,-1.0962426911310843,-1.2814318835023328
-0.8521214529725913,0.1133364141658321,-0.4156399010205879,0.35633186313860166,0.6123904776501703
0.6002710072008566,-0.4941137679074454,-0.39351390945023745,0.8534515192949826,-0.7535874726093676
0.5598729883992807,1.213880076421181,1.6193342477833554,1.1079350056592447,2.575958591306174
-0.7853691746508514,-0.3698872497621188,0.2643816760613584,-0.7100540831982346,0.91772375323271
-0.6438563715768406,-0.28752591182346304,-0.2703711529867994,-0.3814204986809376,-1.3187879035742711
0.5616304939219877,0.45734273788721347,0.6355057169066589,0.8920226751094504,0.2538906080641693
1.4513622539164128,0.8970940113866305,1.3051868820858452,1.1286150031545725,0.5725953881376471
1.3469742816158312,2.147249881671847,1.5520410447850177,0.7169225873058783,0.9953257861188848
-2.374375017613622,-1.4678327842162322,-1.4519602980242903,-2.4603853877112454,-3.044862696337723
-0.27909363046218444,0.9853944265236283,-1.0277577465284298,-0.1543717671143474,-0.33027162105812535
0.5019607179499367,0.6868186465329515,1.7257409337932688,0.24057130846061395,1.3038718556547721
0.19704780788026835,0.07784179312468535,0.3722610784217822,0.23982230880677471,1.2641635391579835
-1.852269952519714,-1.3998305375549063,-1.259039835342682,-0.9776234678104019,-2.21215404309591
-0.5550237965180629,-0.3444492849881363,0.6179380303600316,-0.31384452701312976,-0.6284335620506025
-1.0431323233411414,-1.8847174260859234,-0.8831583023767311,-1.1679759050588823,-1.4640259187788551
-1.4990673527743428,-0.50129482116973,-1.4282650899743625,-1.5406621035973609,-0.247962822823349
-0.34019276709580976,0.111959195437591,0.002227840206499609,-0.83014827467641,0.1613376099659884
-0.10342684981455996,0.21782763596990398,1.115088499939201,0.748204154570123,-0.1626968126166985
-0.787206778273729,-0.5467272522042936,-0.14694488088167376,0.3689179030071174,-0.13905649901492564
-1.126369504317544,-0.12076462028870602,-0.37513495744420233,-0.491709742487742,-0.7635653773454064
-0.5935663744562181,-0.3919107284570214,0.06992818705014298,-0.2886838462406809,-0.751263341748055
0.16257083599327576,-0.035494125596514464,0.1833171024402371,-0.0962565039489118,0.28934646014233323
1.186705911807051,0.5641441784707598,1.3191764982575556,0.5105299469467751,-0.15556371334068636
0.2140135661376822,0.2900977536614662,0.17347560074234739,-0.2578822730754834,0.09077857958636437
-0.09526436623661888,0.23463008004046118,-0.37553453352626215,-0.8100241774792694,-0.408386986522804
-0.21291850793162634,-0.0570540265107462,-1.3739032501367983,0.38335788343871,0.352956280424523
0.9363623826600606,1.262392909472765,0.7638062421361851,0.9096633826431648,-0.12013139526745628
0.088300461274601,0.4867984339063223,1.451014697094443,0.7443635048864274,0.13788567437129945
-1.6014232013317522,-0.17856787866610457,-0.50084041473678,-1.331093719121773,-1.1133556164234093
1.0573057157446986,0.3808118579289766,0.37513285540571634,-0.18908158322331817,0.7574856101413012
-1.3890833438360273,-1.12054852737546,-1.4267667137679398,-0.5706675062194526,-0.5385974065053383
1.108781934381317,0.03649928210877308,0.7592162443610103,0.46899298380065335,0.12884098885834394
-2.029007642490668,-2.482671487046884,-1.3564025781075337,-2.407049226228626,-1.5714527222909032
-0.660487457241081,-0.5948980505199281,-1.8312786164510402,-1.4628878348723333,-1.6647277452673133
1.0955938112933614,1.4365592638208846,1.7198295950586904,0.1760840701190722,2.5661426481759086
1.3657234646130516,0.8691004292913508,0.7148858272484339,0.6432690715714874,1.2487997202349572
-0.42411156240535086,-0.9347833922922768,-0.4032191175722612,-0.29397570802931416,0.06910519556319793
-0.350192924336794,-0.8126808390585244,-0.6793378042904717,-0.7354833509817654,0.14717797763039392
1.1259512614769704,0.47708294869346346,1.2795553426118504,0.5552852511866707,0.48741784471660643
0.6797807930326036,-0.2589317897161938,-0.6679980083190509,0.648452821048227,0.19417411526681358
0.16275638693308203,-0.3572987525839919,0.898149250170367,0.44847577363973995,0.2635017072962022
-0.2788970093872851,-0.12612206486509142,-0.3027971035081625,-1.019433446142974,-1.0424589366848596
0.18624872598571565,-1.1418337799492426,0.1111322953615937,-0.7121080134967389,0.8902533011496274
-1.2388677368893093,-0.07094062235298271,-0.5627945024063375,0.7393298401738547,-0.6675668805433718
1.0036016036676667,-0.43576129062238056,0.24917983553613698,-0.04494371044891155,0.9636922075991414
-0.4381864977565708,0.37859392276710113,-0.15615231838117843,0.6096843843802745,0.22338648780134576
0.11708777712840578,0.2433694689714174,1.1404036741553032,0.20128477464505898,0.38109457678729736
-0.7622952139331576,-1.2490136930712104,-2.0729336908062095,-0.8348339850458021,-1.7034483441319839
0.5828269202594146,0.10893310076687704,-0.3100119665305765,1.4294640569355825,-0.18753344194099128
-0.19239755653703244,-0.34670693183366164,-0.5728817942041504,-1.0589868503980802,0.33469123752130747
1.3657328129929718,0.3402019632938489,0.8990377215153602,1.2057038662398625,1.03740642869014
-0.6686201638413516,-0.5489996274188089,-0.7766191224571996,0.0023888931608258657,-1.291812331615337
1.7817169977331648,0.4725284674921542,1.6464499605739984,1.3043784424316849,1.0660629469866096
0.09203614237523855,-1.1352512304521576,-0.9587143629023028,-0.010753562283662074,-1.6948462632383559
1.115482504732342,1.5266509626782685,0.8626202259974788,-0.14856409905681386,-0.16788586702433847
0.813950213183798,-0.3951052791429708,0.5165830905570242,0.238955170628325,0.9751187159124479
1.0500980888353166,0.8841850649141658,0.26456982034118887,0.6449515003486417,-0.1908667506961119
-0.902838343588976,-1.1200696246635395,0.31531226404427537,-0.05683139633987587,-1.9480022581513161
-1.465830514167567,-1.425324366097903,-1.3805553088851745,-1.0885844872880175,0.15088464150353836
-0.007214752827004744,-0.9018204138798748,-0.142733418110098,0.135925042131366,-0.6132858857243324
0.19069243081400752,-0.3156881258786176,0.10758262360036683,-1.0269737316035175,0.5636445337867323
1.0785675736557685,0.9844562827865331,-0.4259505823193623,0.7359573020563502,-0.1767695371502728
1.3494534048458495,-0.1943016327284641,0.37904679254633605,0.7201356949483448,0.9343151532756478
0.21327329859070898,0.2861361390907304,-0.9521126617376227,-1.1000194225275721,-0.9930381382130851
-0.06431005389638815,0.5887202715059527,0.6095932734061882,0.21631303900017718,0.5006782720436936
-0.02394202742913776,0.8415181312977668,0.6773775248679862,0.9429803504514904,1.0656246098854671
-1.417778670546684,-0.5352980764933918,-0.24421424622134807,-0.19131933502827903,0.13810742157678454
1.2336831041072442,-0.32323692008612287,0.10427381035101117,-0.004868028318232614,0.08353807601746581
0.3603861967931133,0.7203377927987414,1.1643212767360416,0.8622800368982905,1.9972705201675174
-0.006511930458421033,0.2699146684128929,0.042002472892753405,0.21623071675341435,0.09801168176364436
0.23782574952125266,-0.46000131648343767,-0.5157633007705044,-1.140580229794577,-0.36917668838009926
-0.4143399423008824,0.1660593369931593,-0.4796393091141613,0.6521123278200517,-0.08395856152150054
-2.25187758883778,-1.3570871703499707,-0.9961882714286979,-1.1349691738940169,-1.0381083209605717
-0.5212613810025564,0.3760075206179629,-0.07062148898573262,0.7225729282466914,-0.6127464623624687
0.8243578380511658,1.2194404807745451,2.2669453283072025,1.1684552269436073,1.9113146272417147
-0.2503849586681505,-0.772340818199856,-0.01797706893888766,-0.432922138731322,0.19761370434649284
-0.3359434263037928,-0.015446359303541235,0.29141808375154993,-1.4734474745883033,-0.3105057045592368
-0.5431040304423937,-0.3318235838534429,-0.08721995496868194,0.7312080177333973,-0.18935521418618725
0.9929705722227413,0.8246851196075743,0.4941446634669711,1.0859304488521444,1.0117884442270448
0.14414624205046658,0.5727506021494999,-0.18378752504475035,0.4905048301773118,0.9392484716052882
-0.5337161923493268,0.6731404007390933,-0.538474039304324,0.25746185773151853,0.6962750154479407
-0.9628381770500456,-0.4887097648279978,-1.1686686650692648,0.5126198207432949,-0.21997166739677196
-0.5616079484082275,0.23566773501272165,0.5132752926968313,0.5686458859581072,0.31016725362414926
-1.1380577422021136,-0.9353319382736187,-0.3165381393559754,-0.9676160178592002,-1.337757027955057
0.8382497184362511,0.8765009139330948,1.227404227766014,1.0758731795128142,1.2509394664689382
0.6730904237469436,0.07019345179424447,-0.19864270045810858,0.6555346427478468,-0.5824522745934665
-0.5769630552452029,-1.259779716751048,-1.197307276739593,-0.7641380979838513,-1.765520892516891
-0.6130653776896572,-1.2656885732724557,-0.9105694943137389,-0.7522231393362913,-0.4813509732801632
1.3881737162447283,-0.8940512659542984,-1.117670158749725,-1.2236741184818294,-0.24285223448121776
0.40416288369429976,0.34269549567459817,0.36712468817677096,0.35209004343253647,0.6072016366435107
0.39654416187598485,0.5031350753130783,1.0909143145628222,0.37974286147656766,0.38390907451211276
-0.8640574623134158,-0.938684149103304,-0.5108583806200319,-0.4036472412431477,-0.4679723660542532
0.13939666861559585,1.736993887288533,0.23109993669438336,0.4682197617200631,-0.03206226185944895
0.016284206744026995,-0.567719377019698,0.8277068992384139,-0.27736684283304897,0.07608089218458684
-1.3601182792802788,0.5180835363596299,-0.48806767444984417,-1.0275357447336493,-0.41988194243004223
-0.8383306554649785,-0.8485767604327032,-1.8510905148700412,-1.7023439951938861,-0.8338673463024305
-0.7879341003692945,-1.0654882505883398,-0.66014246177485,-0.7127184670241159,0.1945060822471099
1.0095310793274215,1.4539174645659863,0.1776374290089662,1.1788998460848883,1.5642758129892558
-0.7487111517860375,0.4107402678508695,-0.9674688373169471,-1.0893635130102153,0.38122898181361886
0.803713319213456,1.3029504384076072,0.5287112803211188,1.8571401130520364,0.6812189125527971
0.3834125603994674,1.1377923597781756,0.9777244207293635,0.612081132981437,0.8307896771416997
-0.9085345302994067,0.23642643629040516,0.9484942983449347,-0.5260115986103348,0.7000084859439958
-0.025096714438335086,-0.7414084033057863,0.005340128468626062,-0.36595235227342526,-0.7036638287230464
1.736460713077877,1.762567682660467,1.9725334828448582,1.8063437428089566,2.21478362125208
-0.8956149591829397,-0.6931184230875517,-0.39611762519420196,-0.20259083809605538,-0.886606106736086
3.150187914913092,1.6137101743239375,1.1476316686697006,0.4522536834534498,1.3923406201137518
0.6826786988752204,0.18801726740182806,-0.48383286280821947,0.2066077556243232,-0.516052096487131
-0.846068808236457,0.8166973953573288,-0.0034608403009156593,-0.6014907436144333,0.1868003234946133
1.918520752666084,1.33837559803623,1.6908162854348987,1.081349483271618,1.994850942773941
0.9567084903589016,0.6586186836998624,1.0374056882663665,2.229194438820794,1.1286453881791054
-0.7009705377577654,0.9111331277586493,-0.4466746480738355,-0.017733523667002912,-0.06575885773322919
0.7460052037335299,0.3857077946552507,0.8486068985850181,0.0231808923671024,0.36780145560772337
-1.8319398824130024,-1.042369783401472,-1.216297700789014,-1.4383688166301647,-0.734423026507212
1.4828118224259752,0.2986635775723378,1.3648080484370522,1.9197751219479204,0.614247219681866
1.431497380877321,0.6601574544684479,1.613155807379376,0.5169327098825575,1.5335105005577783
-0.21344077101970482,-1.043278189561546,-0.544394501213764,-0.13836843034769633,-0.11906567582337009
-0.9928541192685864,-0.5200613546661863,-0.8602443305554395,0.08706714556637654,-1.8298932693262089
-1.216745909257259,0.2660405994043743,0.4756998990327783,0.33458887603979276,-0.32459303625479036
-0.04747795466923768,0.7361332067795018,-0.4246266845650379,-0.19474774064103254,0.18422681030174404
-0.16299083379544643,-1.0870334830305168,-0.3950007058891341,-0.7611270712655236,-0.8165958215342926
-0.36639664836572877,2.187605188271356,1.245026975044633,0.6057490118826285,0.6342250489331773
0.6076093049849133,0.10710519186260019,-0.3586631198975781,-0.6498257010265089,-0.6530687181143207
1.2131707797532527,0.8860837783025476,1.000803678830875,0.9656116823113288,1.0661574140145347
-0.23583171273043582,-0.3345630342072524,-0.4471914407224258,1.0444852219743002,-0.9457749342121161
-0.40128357378880414,-1.0132462776967301,-0.7588368199443724,-0.34511883953142075,-0.05860191504814867
0.34494484619105165,-0.08580052573144833,0.036779676736065664,0.7150089654667088,0.04765873651037798
0.6169416895816523,1.2366617033794955,0.25418427915597913,1.6786491149163816,0.4543771508472829
-0.6099999693110074,-0.5945414908661755,-0.9211039857594173,-0.4223421867284683,0.5573122448759756
0.26454955133078206,0.5318065480691143,0.7214777993458605,0.1792397201345719,-0.22703999902326685
1.1072569751087475,0.05426045028654626,0.7643789687413739,1.0245415724334401,0.05474622161592611
-0.158347025204782,-0.5317765917524089,0.42825298491807384,0.41185219504961684,0.026217780538128878
0.18831717138516296,0.208058961615708,-0.6736197937380859,-0.6448832134087125,0.13954072119599664
0.20734191877198263,0.15182414470645955,-0.312484775031121,-0.8358340045944468,-1.3274462239769322
1.344800328655248,2.1945827951669825,1.6176352927286046,1.1474616518332252,-0.04025064370515406
0.496622291452216,-0.42422873615369217,-0.45429958196620324,-1.1383583780070097,-0.3773154069308894
-0.3310741285289676,0.5402060520520061,0.7643109429140648,-0.05618937848451746,0.6058672285165672
0.33203502448066297,1.1618233193370853,-0.060088443143644074,0.3509969082652041,-0.3410937201552018
-1.0415356667293616,-1.126237833835729,-1.5638442228956024,-0.35621660918094494,-0.3359861337269863
2.030914634763994,0.88424044555106,0.38154955870519364,0.4788262216425863,1.583087313685689
-0.7566657322648329,-0.4342056807895734,-0.5696789293640353,0.4211658751162961,0.5788644227912858
-0.16032532360624724,-0.37378808354676385,0.4556311569394222,0.6561490243197696,0.6609809397123342
1.2157622025413746,0.22454648560152773,-0.8789741591230992,0.2618886539484742,0.19574011986203577
0.13677074733727487,1.0878381339310983,1.5699011252867625,0.8881880784902363,0.07032445036876575
0.22965877006545052,1.1644496381149654,0.865925708357075,-0.279573715632085,-0.6970831607820251
0.1257674636547533,-0.19043665824696765,0.9780031317484622,1.6652255221970413,0.8693331925260899
0.8673082054411242,0.6236185748229591,-1.5975241992992015,0.3666734835762331,1.4737889583434811
-1.042997657647094,-0.4607985065011788,-1.1958945059831068,-0.7680897006381151,-0.6705207960784991
1.9482086840202006,1.4383283773929434,-0.02906947470329794,1.4361117844073186,0.15481548906843506
-0.14518204223098016,-1.0320413805208115,-0.5446235427509216,-0.9322848055034534,0.2191418185801752
-0.09827490607867867,0.07676462154728339,1.088654166499555,0.2656042778487676,-0.1843588615771838
-1.077449347509326,-0.7135424152375571,-0.6298146092114749,-1.5407862424045524,-1.3984522246686197
0.1979486614972765,-1.3026021071642813,-1.0875228189969617,-0.5619310547830859,-0.1377183549272192
0.26943425541971505,-0.6670001473066509,0.9229663421518071,-0.29694490010195057,0.6934011454803931
0.6650758496947983,0.7378069237560324,0.09321145679589962,1.5809968428628949,0.3827650105494586
1.0241420939673784,1.1604496521581753,0.2785409901466275,-0.6458838769628814,1.5747014050163544
0.05495852745338972,0.4923394466917104,-0.4195990203557314,-0.7391752270910172,-0.19589740840766082
-0.24204659779269708,-0.007960039855158472,-1.0403328966738359,0.21780481328698267,-0.35352599169398385
-0.8725454840417887,-0.7841779275959962,-0.6155249591118631,-0.5274308344200045,-0.7636645395838388
-1.2443863780951112,-1.0276379824348716,-0.19992223797043102,0.15847611604032918,0.4089118744609898
0.1928399771695529,0.09669581052331012,0.29988192151447085,0.013086729074240577,1.6317951449145294
-0.4416270331728481,0.62064095521974,0.17570228552362321,-0.35144504124049303,-0.11513230176988842
0.7694642834700921,-0.43530876264545193,0.3924923077038529,0.7474083530113176,1.0142474300652908
1.4385604357248039,1.8269999879697147,1.1426735491230027,2.431602127733172,0.08625583508670694
0.0942070374968858,-0.6857247986853686,1.375879713864214,0.49985043022686426,-0.742826945991146
-1.8005807867392163,-1.8973833548609846,-1.456327870729489,-1.9469487745503007,-0.8413247409160686
2.3465124649483338,3.151893996588368,2.47646983216111,2.8882590846454557,2.389518197899985
1.669488122799097,0.7956767766664288,0.6907012432277543,1.7211303627163128,0.16370193411704553
-1.4609817141352355,-0.6057500156533289,-2.281333772828651,-1.189568684103921,-0.5386297710872259
-0.05069247500316563,0.29141191271790673,1.695269349499198,0.9127492234395471,1.0186020530363278
0.6230176377315526,0.8732033769995092,1.0321702751983934,-0.3958143596271453,1.0497807223095348
0.6975268140728941,1.216565537688699,-0.5811262973860905,-0.23943713314165024,-0.070182395129943
1.1569045697532438,1.6096661745440388,1.5974299458112424,1.3347327839132168,0.6926254265587904
-0.8333080116734994,0.23833779723582685,0.14692273797892516,-1.034677587004642,-0.9100438542025568
-0.362295414570956,-0.5266209677693506,-0.13809979054612073,-0.22644689459686826,-1.411863982880144
1.462782462797659,1.2489499997807834,0.4613953612968402,0.7496735605766252,0.1514252688345973
-2.204850505504606,-1.379860737929459,-1.5410424856069278,-1.6592210640940224,-0.7502795862613546
-0.6862025890640976,-0.19613310116595903,-1.2050509029619731,-1.1168828018328463,-0.3543298700383847
-1.4335397788312587,0.0716266247451435,-0.5030580356403374,-1.2138844220071894,0.2645520586017862
-1.6858114513267877,-0.7538282442327361,0.4789127463357846,-0.5256171284976313,-0.10496393682191603
1.6947469786065927,0.8054663647283002,0.8579362575174896,-0.632448039289895,0.574427520304035
-0.35816898921082707,0.5924984158172117,0.3241404367889459,0.6341235024577014,-0.2965219107575926
0.9870809645784693,1.606109585138473,0.6611376942143704,1.6176350860131108,1.3389062643078136
0.5620386564583186,0.47416446400009,-0.15253373015088678,0.5175978219121578,0.43244888243202423
1.1829526156668928,0.8421263812538321,1.3859868854210742,0.8339366679543949,0.48365558236843426
0.5851669608487144,-0.39228905829187405,0.6679451357001228,-0.18424659171916785,0.015727617071139344
0.6563528761871099,0.8474791123394717,1.1834859928185477,0.9317638764632309,0.8776855824884672
1.143353395532317,0.46641489433686895,0.42444687363854355,1.1792366683228974,-0.48863935408620707
-0.8794142169832948,0.06099935927056396,-0.4355267838597694,-0.87023694397827,-0.21272808066022872
-0.13351417543190258,-0.57887477788362,-0.4430257533772008,0.28344814216692227,0.21656817709647316
-1.7150925911483519,-0.34916046733389766,-1.4307689846010274,-0.23173963947644363,-0.08210387420507828
1.6399420537827367,2.9601558540331303,1.5391775038420865,2.128259908341805,2.7717757278313035
-1.2562749734762204,-0.8887897316714426,-0.7032978960540662,-1.2019824731378332,-1.1409908598935987
-1.3072583108824714,-0.22076916597054042,-1.3002233923149884,-0.6101303817251506,-0.9079717410921837
-1.4452877597965186,-0.22148670527071593,-1.9502407745315562,-0.3771121077113828,-0.3397502828572675
-1.0939481953871022,0.03258307452521232,0.30382643982527907,0.25802724930333554,-0.09759329573963961
0.429233665898922,-0.27003203710985973,0.12161749548520513,0.16632574237924422,-0.270286866674166
0.09913192689252431,0.6953012847775805,1.067150187798431,1.0822866672547335,1.0501060386000363
0.7483841346454373,0.9775006021991269,1.1599897596254738,1.0090170212234235,1.2570156775367625
-1.171950636804462,-1.2779708943796433,-1.2081151507603334,-1.0781228393599158,-0.28200616268849127
-1.5002913921904721,-0.3735878482694632,-1.648283717193047,-0.9471322714384444,-0.8322958957557248
-0.7363533502632215,-0.2314201214915648,0.4172387500084885,-0.48811532252252143,-1.18921532332829
-0.6220239161102372,-1.1994355578819462,-1.3158708635691285,-0.20138782731696944,-1.19915130412126
1.8820613270487432,1.1703669010194728,1.910059037106688,1.8999632055000453,1.7263612041483356
0.07167797056744522,0.10042271184354958,-0.3324416212208921,-1.9266636285402137,-0.5737131630141037
-0.8750438415219203,-1.5256974437434863,-1.0484663704198374,-1.2518593052994005,-1.3480659852310457
1.1670891060104942,1.1223779985970652,1.1455129609436976,1.4139266913726896,-0.7190943805363488
-1.6939613533303572,-1.27109123958632,-1.8803352112910219,-1.6182699397781073,-1.5903106381935268
-0.6175031905179366,-0.19343157054488522,-0.8455422938424014,-0.1372807205828691,-0.36982898070254716
1.1616625425543068,1.1856162588445984,-0.5793467071830208,0.5817313811594067,1.169881271600733
-0.3626764316267923,-1.991341912240803,-0.578258271546396,-1.0274320525390808,-0.25763568548385096
0.4529675791555591,1.4674362109525916,-0.15123189479305862,0.35541112473203207,0.5809224645486458
-1.6943133072731404,-1.9686864234876271,-1.5817571397046266,-2.1644576335862804,-1.3325226152773182
2.0556650781330355,0.7090497614326745,2.1777674876662223,1.0331111737177388,0.17856246628425637
0.11848065107498605,0.7948343799616415,-0.12735565218149555,-0.8923179707117255,0.1378383917331006
-0.11801341615848637,-0.1543445988429368,-0.6860599585836133,0.6419403397802114,-0.2627567548763247
-0.5358765506397578,-0.5748727215914656,-1.1301921959136147,-1.451658414348873,-1.0679117313184312
0.19821170655198267,0.47408554854667573,1.491422988169503,0.08856601711385437,0.43580378212580817
0.6180950456667532,1.023047118400664,0.9061668057804856,0.8929081313155975,1.57636736723123
-0.4428096927771081,-0.06969672607066664,1.0070938512223853,0.3903489122235019,0.6661367865252016
2.0895618388989594,0.34785830717445654,0.8072944445935089,0.5639313762095841,1.2292472500761549
2.3992476396631,1.261578958227303,0.28245454992710156,0.6659257640729073,0.4735132184618834
1.2510270437765254,0.759551545670093,1.7015330526215107,-0.052160129103121566,1.032709206000117
0.10618084292606374,-0.49476721265490287,-0.889803315298767,-1.3593036631904758,-0.8863107584850072
0.6396986475992958,0.2980964557789416,0.7058521128932667,0.19947777359752303,0.13987229550509428
-1.1217600200237317,-0.6947670933509014,-0.8335869408752442,-1.1886381329125373,-0.8027171568275494
0.11883979417438956,0.0682450617878269,0.2694996778439899,0.1912154209408407,0.23460985412129884
1.6831688277921046,0.8177756896300605,0.7324165063737592,-0.3344292212471354,0.9486505943501382
-0.3519806554033751,-0.7708152576543623,-0.8221405188330486,-1.292067657490098,-0.6249063475285324
-1.9364139037715726,-2.083012137118686,-1.6205959730989214,-2.9138267645556906,-2.2981555324891105
-1.282274755242067,-2.0325302215498127,-1.206151529159511,-1.1947850144384273,-0.44543704952423163
-1.7949125551178264,-1.113122700685443,-1.5368427637481685,-1.5132839989195916,-1.8833150194596968
1.771289086808925,1.541121614227914,-0.39194897040590876,1.8233242741118314,1.3212708859117626
-0.34205816316858234,0.4546047870447829,0.10723478883527392,1.1723391636345857,1.2366454567769238
0.2662791533279481,0.16249777774496507,0.5902335153320671,1.3002104827672356,-0.28397503595822865
-0.8735092590388885,-0.4220597980181882,0.7931277533498452,-0.41016997190868304,-0.02366040174099936
1.2962075270140367,0.8312618958510859,1.3497303872692936,1.7027055867537069,1.2447072261793364
0.8416630636765862,0.4175805443365853,1.2874822983496608,1.1080426348020214,0.5705873893838764
0.9503785513899569,0.585251965069364,1.5853391531071446,1.435254205524605,1.43800817496271
-0.2766401768154504,-1.4193460333003751,-0.425239001298596,-0.22156037235688664,-1.127717562120215
-0.3484460515852907,-0.8458748321572963,-0.012827926676608578,1.0322571112205967,-0.11681053546476991
-1.0773212093615578,-1.4931860477687304,-0.7208164685329215,-0.7971417718148317,-1.651201512080324
0.011116301530127866,0.317817531278226,-0.7377836845626918,-0.6501476445008425,0.7144532169223479
-0.6413934771281761,-1.6632701868153332,-1.4629021852996433,-0.9332518688895958,-1.4479381814088204
-0.16326398006093612,0.8667844839560901,-0.24555816808708247,0.0012761641467489853,-0.3118814834110039
-0.037818134555481414,-0.12731669196596748,1.0338172109196897,0.9035083475804353,0.8881397902414494
0.2607497986775591,1.1664279230118133,0.5375614585436795,0.11206230595824546,1.3425715591559344
-1.5402514280536803,-1.0993981810763667,-0.9897783204197225,-0.496013777519959,-0.4408337987877121
0.5979527923366036,0.5203751184872568,0.9139808067492462,0.9132622636339591,0.5553227425243952
-1.357960133850226,-0.16534058230553425,-0.7652988722177254,-0.5314898206188913,-1.0495038127775789
1.3008083161521282,-0.17786065694804637,0.7494305591725199,1.5419093034424303,1.1665804458973357
2.1850128912763553,0.22425576127805705,1.2683090700719146,0.9167557072720983,0.6155706971600802
-2.0235637542314198,-2.279974438553563,-1.170614215238619,-1.6032796389797153,-0.746107798491501
1.2374380900310835,1.5203059817181779,0.5422261610435443,0.429164594052214,0.41950935254410854
0.6044804147548591,0.9342838889909159,0.5937973194087806,0.7601154048367622,-0.3065377015398506
-1.6043286155911807,-1.1127638906538293,-1.647032336450618,-2.2821439052697166,-2.2597172204337355
-1.318810794037313,-0.8562669626019118,-0.42204961787873196,-0.7604185970537923,-1.4357479763376193
1.6899918990230858,0.5047153683127349,1.4421748544061215,1.1545739006211695,2.4300392763777605
-1.560482548600639,-1.4077504844500852,-1.6716787387286574,-1.4372182589819995,-1.3696868443958063
0.2939291320252117,1.3268921083715497,0.6604290903786415,-0.2948539301199162,0.24846253217106987
-0.23132560634247698,0.04001489277798686,-0.41204586302978885,0.2132209143041835,-0.3158676362881094
1.0873204277805237,1.1312363216310257,1.1012197935130998,0.2925896187971189,0.4723672289188826
-1.138592211613512,-1.6179732092404684,-0.40526461553210746,-0.9241088086597625,-0.9008681374134094
-1.1656003743789443,-1.4049308359703871,-1.0595963805698303,-0.8818277114056887,-1.206236004101775
0.6835448521851984,1.1910855144661923,0.6778925493884917,0.0840837886838241,0.8148650723519829
-0.10880776480180451,-0.8995282116111193,0.048952597520269404,-0.7139609670853969,-0.17795147935573719
0.3391537857346874,1.2991883301217209,1.165931817283351,1.829367005660734,1.2333003996595926
-1.0341398406963624,-0.875034473016628,-0.9170321774286363,-1.8449202193586887,-1.8097516876454414
-0.4624256037467031,-1.2533782035385626,-1.0385315130700303,-1.2066993784776328,-1.3454340132516855
0.16843530056972122,-0.04585539247002579,-0.5251766545556426,-0.22799439453174908,-0.09542051116209166
-0.19754762126498973,0.42285491826834476,0.46439118085083037,-0.7144278414829489,0.292983444220134
0.3390148017343157,-1.0617649328168268,-0.8121033382304348,0.22036379531294217,-1.5931533898640369
1.2848292108920385,1.489009540840782,0.9511656893307023,0.5306751109483515,1.1425156290914749
-0.5250689681348788,-0.5217570909692733,-1.7152019168513246,-0.45382320439888585,-0.5023069966145983
1.5145485427265726,1.3544608652809704,0.4920491095426676,0.5784934157003799,-0.8201411301258663
-1.153358214688995,-1.3137934895943868,-0.40954858303843206,-0.19110882023092668,-0.8639967923205939
-0.7376055081173164,-0.9142102347640428,-1.069653050065396,-0.8670868896647237,-1.2645970868531262
1.3862677974737874,0.8728477142226568,0.5488340706371178,0.05633907955666965,1.0624095322105995
0.978931633550654,-0.1378701786775981,1.0842433210855886,0.6036546290212829,0.4348523823981197
-0.8640328913647678,0.1804236899905992,-0.7155809965097288,-0.31123877364538927,-0.24677992305194135
-0.20254652276856186,-1.308305873807514,-1.3047987340253955,-0.7931711269478595,-0.4383064984742782
0.28014064318728127,1.1555870414689715,0.5075019570956725,0.8374942355180052,-0.6164662930500521
-0.5574485353224132,-0.38591309881069286,-0.031117783979881485,-1.312215191557887,-1.2083205850642145
1.2114802133253146,1.6769467362812758,1.7353761281088278,1.5691287848416788,2.27089010510954
0.1970410874286674,0.20133319261314353,-0.22818657525530875,0.6726676139907883,-0.5033417056462606
-0.7262912800854918,-0.06850429464130017,-0.5566880172085958,-0.2990411022238885,-0.506842785059066
-0.5401112300917467,-0.9368651022237968,-1.5371331054129278,-0.7922000174879976,-0.2781216096336851
-0.290914744297378,1.1587761861471482,0.01669908530807003,0.33415803975848946,0.1240295161089828
-0.7950868732861056,-0.7047114886394873,-1.0342962487824992,-1.176369458323183,-1.3771224570962501
0.489688065989463,-0.1131366812025826,0.7873581651992971,0.9995701697268509,0.6155959290066163
0.3500927389826533,-1.359463971045261,-0.6314492541578741,-0.06722714622985916,-0.9601465387899147
0.8949402477929597,0.8615637008563707,-0.05868701522096744,-0.7717708949636845,0.9817313165827596
-1.1107357059042635,-0.5909432946297561,-0.25068574796863813,-1.9910306263185558,-1.5976813380924229
2.10348352178148,1.0292679392572452,2.1008931973819673,1.356167046743966,1.836668812293636
-0.9929239490509131,-0.08711981207811319,-0.6899861788756152,-1.1135657346088275,-1.0828440997799225
0.21710609802649058,-0.7765017041543615,-0.6107485399014176,-0.7999003301667966,-0.073953436325989
0.00503983880480523,-0.7705532820248493,-0.2883153647686439,-0.4169621517271715,0.4257942097436262
-0.6149489794690675,-0.3441096657944765,-0.45071048777781425,0.03757694553218516,-0.31155604749490196
0.2517963245046038,-0.20841467154255114,0.19705721668817927,-0.5722656311261859,-0.4206644465474514
-0.45731756909848115,0.002920889357132251,-0.39223085067778585,-0.7487851588094718,-0.3364243007116688
-0.2640002877198847,1.8820013936135647,0.9276550768575171,0.27129921883336494,0.1342724275691618
-0.1628839418642876,-0.3237519151651642,0.17226166749604102,-0.5663141278105257,-0.33302630245924403
0.09239515704330091,0.8391425899439519,0.4891753318350948,0.4833256138110654,-0.9699398772356164
-0.16141502406283034,-0.28396307838980794,0.6511416086209771,-0.5130123323005912,0.0330625572891362
0.22142250993496743,1.3692567218145801,-0.24581602695494995,0.2443717968450886,0.4550793070074939
0.2721671388296512,0.8889899881261246,0.20344007438686193,0.28939379264927445,0.5018779536592295
-0.02900629508537363,0.26143509601292975,0.7528895983640207,1.1142284636541668,-0.22804599124538633
-0.9239363114473342,-0.3339261593710565,0.3841024636070394,-0.02428330523823078,-0.2823818256985389
-0.5444528074005283,-1.318169639331584,-0.5297615741104426,-0.4998105172032012,-0.3833832526917917
0.1539452598710779,-0.5510998061893191,-0.5078832636279692,-0.27812333978311365,-0.3032118629436641
-0.5158555915576543,0.11486747701268696,-0.3259242823826495,-0.42982129695823434,-0.49936966484455386
-1.266497210398812,-0.907225897112405,-1.577640027475028,-0.6951413204479806,-1.465431750818595
-0.6494090716033429,-0.7337714353555554,-0.9930263640461428,-0.6539047220824659,0.14301284788087487
1.1634098453190285,0.974077812838027,0.1556469817743579,0.41812837178731427,-0.06336191653912208
1.3519121088942976,1.8391182091711598,0.7735340069517641,1.787947136803439,1.401111127663215
0.5231714208334445,0.16683917755401004,0.26378264707593324,-0.1178424505358358,0.8863651099573775
1.1678760497932352,0.8408167364455843,1.0763397244164488,1.314486151924478,2.0423206655539574
-1.1594346277198935,-1.2775203620018163,-1.290323968081034,-1.8009187900628068,-0.9518319381920527
0.8800985191842634,0.41896594923721875,1.1803767464165675,-0.5684062113421651,1.1569847118604972
1.178049984085281,1.1025148720815592,0.9933276811366726,1.1834579609261675,0.7924826241320333
1.3041850513810969,1.0779146375157724,-0.4018051360254353,1.1797925986059437,0.858992355094813
0.46585026185751693,0.8936501063126591,0.3925539293373342,0.7978228728196515,0.0415209283761337
-1.9104336749293793,-2.7460073882692275,-3.227865876127558,-2.7890622809995715,-2.276872150569699
-1.7651158600149923,-0.8834947796329778,-1.8342111845584963,-0.8283321055983157,-0.5036833143232958
-0.675096849660193,-0.673898094856607,-0.7719131699257283,-0.11476514402141418,-1.1965190390416283
-1.1750995139018556,-0.6357401330614696,-0.47914613724176186,-1.2562486364662133,-1.0468482511442636
0.6766773802736262,0.5060764533108619,1.1358071034868744,0.013391971503695895,-0.03173400268704515
-0.6279126468370096,-0.5410794490046076,-0.5798746083727315,-0.4155496163306827,-0.9107500010698425
1.1040579153030672,1.0325026910261024,1.9755758806626802,1.193141637294364,1.2411094902057689
0.4144002810152881,0.015165462123520266,-0.5064872373085206,0.4592461099605425,1.126852038906387
1.543123587878177,2.1218165242674947,1.0419923186050504,0.9433592522051005,0.8324638452992525
-0.9966685356697027,-1.0359097500043755,-0.1981180022995221,-0.3105815011239673,-0.061622216652602924
0.8923690550572981,1.332778412912316,1.8494138929308326,0.12822806974450285,2.1188913468457344
0.9227386681950605,1.494454543974581,0.6808072781386024,2.4666259592941233,0.5861745399228352
0.4287392708387445,1.0309244824929065,1.22616904657324,0.5394820254233584,-0.46970282336704217
-0.44479304909568573,0.15266962062233336,-0.8263687443944818,0.05671720442587122,1.643808594077444
-0.1629041903373305,0.6897697195997087,0.42663519319683957,0.4031005815530758,0.18904141062055146
-0.1496605633806495,-2.767371677602037,-0.506737637821937,-0.09537678243917903,-0.46265555161114646
1.0044447558916831,0.9937650928561358,0.9371527547166975,0.6252261907521611,-0.5301479748316618
-0.4136803617086554,-0.42639385790334594,-1.6093602910953435,-1.4024422859517465,-0.950828025354079
-0.5546968367702132,-1.572000774484118,-0.4138263439548457,-0.08006446470952433,-0.6231229488407319
0.671974551049023,0.6061114051386695,0.6314605980609966,1.3035172314294423,0.039744147743849136
1.3937728432819134,1.52059750483826,1.7936659350533934,2.8955111996081944,1.9757578727203553
0.4991825133503647,-1.2197594235464366,0.7733729585369201,-0.961912976542529,-0.4790938372625862
0.45113116356078214,0.5216527124132306,0.0410092316801622,-1.369834479407311,0.016961012759309127
-1.0678713384883936,-0.574736462678543,-0.3435723354052658,-0.6935892328351656,-2.084661856892219
-0.2287871915557624,-0.30088193977594035,0.7979049056482022,0.7032178686983537,0.19917029780476603
0.5944518925224257,-0.45174067127409634,-0.8023491980049157,0.03400034971214005,0.45702014029404786
-0.17716557810308922,-0.0074511720593677475,-0.6170221640820183,-0.08006494246034121,-0.36922503713151333
-0.2619637442886564,1.0068009521638919,0.8824929246531901,0.7211561769823295,0.8126269674664891
0.16528996315054004,0.35517714300954234,0.5210531159622257,0.14547952862903815,1.1106599927057772
-1.399410330170506,-1.7918832268638305,-1.6614594274039407,-1.1339964901391395,-0.614331155921786
-0.7590954810842426,-0.5115652838198048,0.5398007632512356,0.2183137040257786,-0.3956092040424387
-1.3120847978550072,-1.1790673447920048,-2.1346744012889256,-2.4527551605674796,-2.7722926595305126
-1.105436007360119,0.24688478494805569,-0.15536334020200906,-0.4004818518777489,-0.06805875436544681
0.15014592354590292,0.6360955767019295,-0.018862715339040086,-0.5783625667466399,0.09659680414752012
-0.15584673729803913,0.1045766039194355,0.15747630348937686,1.336011358446361,0.09150803656428061
-0.6683575288081698,-0.19912954831620322,0.3063475771637334,-0.2943170476413503,-0.6220168470440285
0.6354524770078301,0.8411305426897683,0.5293922550280304,0.5575007909865984,0.8361624362232002
1.2386614883699099,1.992616710259907,1.535662135850799,0.5271631257493881,1.56748328884813
0.2611021404276968,-0.7333185988241534,0.5495003059689896,-1.2589183117733398,-1.251959353426399
0.5700208844518242,-0.4443719895683383,-0.12817754235364148,-0.9460099197839575,0.5145377701334937
-1.2652275091781973,-0.406468948663016,-0.45326947858013467,-0.9517494592212714,-1.5920738634373337
0.23225875358005652,1.0681688496195105,0.6050129291703434,0.18811210645650045,-0.17849137060813774
-1.301273403522625,-0.7740075282247809,-1.781649151928832,-0.9948587270026303,-0.5759149805949418
-0.5959768141927191,-0.32755882198864494,-1.2377828813909129,0.014496746685685753,-0.5762071016626502
-1.2600618988535637,-0.8385084390853706,-0.6559904399389327,-1.8135799939153183,-0.9847656931679225
0.7250001065783526,0.4061536523374702,-0.20031756056949868,1.4334590464199908,0.9523832153701897
-0.5767463238918606,-0.52958303240349,-0.5398472803422966,-0.8873241214237779,-0.3735245458434524
0.5881977068375562,0.13152093692519964,0.5956940005775787,0.9498160883183016,1.291569048522967
-0.6271276185190775,0.5989752721884887,-0.8673621701361566,-0.8236008640446999,-0.4309621773158076
1.2372370238355737,1.1632466690036531,1.5367810759878575,1.7780961350666424,1.4942376423271604
-0.2697625387197512,-0.12340227442160197,-0.29404376533632326,1.2290157858241364,0.17567491102168079
-0.2673950548034452,-0.010068995613116615,-0.2918232033410411,-0.8043729949786296,-0.22845825016251048
1.0909174878377657,0.5407256504858,-0.3754935721896654,1.0173816794761728,0.24952620923198615
0.809094640947954,-0.3906928157458057,0.5682135108264711,0.13145241091964338,-0.03959981249057066
0.9448924271272623,0.7887677672071314,0.36428513118658745,0.8951991721156703,0.18642136594574457
-1.1414015793487595,-0.4289410699640832,-1.0216498763845465,-2.275032466606676,-1.5973206658930585
0.7691442689448441,1.0167377008611465,0.48874026591344905,0.8051368045660612,0.4594580042384424
0.9815872671833077,1.4147403316883853,0.44415141766860206,0.24052462528942856,0.12569712969384972
0.3771986050273128,0.17099482328735166,0.6690668484537226,0.32905246587764436,1.1444043794317444
0.7685015314671787,0.37117307246028186,1.4617235628243466,1.4874381219044912,0.6177199056507339
1.891966451401334,1.6240684419446998,0.9309802006852417,0.858848318178401,-0.12049656926209103
-1.7926017288859981,-1.537765074304125,-0.868927072039302,-2.1087065984570774,-0.9588827341962147
-0.9648504246616942,-1.2294864935405225,-1.2947727438508685,-1.0451459772382852,-0.7965007751006922
-0.5008447519087366,-1.5404398013353593,-0.3232659483162884,-1.6751466099613463,-1.759379479413673
0.3910769271606738,-0.2610650327043601,-1.0145960466924868,-0.5449374776154543,0.15824055845977864
0.9232927093730376,0.00261619957910566,-0.6526352992265404,-1.0470230345286502,-0.9142522798885651
-0.4903016704990616,0.47203073664716755,-1.1601938789755615,-0.763512120158488,-0.07225212085951235
-0.32713454326970054,0.26957847512605704,0.2621189925209042,0.8247126676808949,0.19023863350690096
0.1685375899752546,-0.24678271842146524,0.10201427151092618,-0.20924722957956526,0.02624421844632891
0.6827837994106919,0.6445041660294258,0.5690431199328735,0.34358569933598293,0.904300077063565
0.9592930741094876,1.087146155476794,1.5598325942529443,0.8901457851834881,0.8648799429515238
-1.2990287891959018,-1.6799198690562982,-1.8327529861685956,-0.9882131509147049,-1.0404686410470774
-1.696263937848199,-1.6009421067499314,-0.713904823494991,-1.8702029878331428,-1.123988524965355
2.0499587482799217,0.46384487628246795,0.17636247694473253,0.7872042292617322,-0.46658177320718025
-0.35575419451987067,-0.586587986638504,-0.2657897006523209,0.5115130118237172,-1.267047089808594
0.4499909154770716,-0.269993799057711,-0.20968792251624366,0.4932564760508077,0.728287038483657
0.6103951294828271,0.3325505678329585,0.3805864169355887,-0.3684949148442564,0.7691818268143592
0.3822874028802956,0.417244535836672,-0.09540361980537822,-0.398442035747699,-0.2555404583759751
0.5082681963993824,0.39665570500217145,0.3348386904659661,0.7023740618428969,1.3596206976200353
0.7399092607526679,-0.053420434365700376,-0.6580026671516723,0.16272246543244517,0.11612226854914655
-1.0744962504144646,-0.44058003958079717,0.36392258918002307,0.4178467296048646,-0.4892752073981842
-1.0220875624146466,-0.4155228891502548,0.9890299748182436,0.28073836572923444,0.8058172864149322
0.07080728021626574,-0.6269173970812395,-0.013683454806438613,0.40697879367135764,0.43859340026396876
1.285929386983909,0.4155034584390299,0.44293769587489185,1.0775642672509926,1.189712438866733
0.233119024328612,0.38422171364065516,0.8202775947473693,1.0115848846382882,-1.4234286340210067
0.7726592617696987,1.210591068183086,-0.6162806923942415,-0.06284380273304198,-0.4748253940896763
0.6617033737494431,0.5621776288353328,0.8190374913555928,0.6654662996774136,1.5955155105944105
0.9331353857949096,0.5899545620544935,1.0733321180668318,0.8704777832559094,0.5885825596317384
-0.10782411689926072,-0.15931693003516734,0.05783811798698645,-0.8461294831121596,-0.08647524561064147
0.8037748668896243,1.486660076139987,0.026601548735846643,1.0172081836089633,0.6042628472933188
-1.9056319386041716,-0.8014069178484216,-1.5828362211396043,-2.2686908598910227,-1.837213364277183
2.219321901114879,0.9927727407762648,2.4815496321076838,1.5779712354779232,1.1760622537098655
-0.3617875026191071,0.4232089220205896,-0.9175806934116538,0.8740982322268068,0.10440797547551853
0.9535072027289205,0.1872949740823058,0.6887306185294032,0.5240315042705695,-0.17745451335310547
1.4836026338400283,2.2487591823365594,1.4003508670261136,0.8224965921702394,1.2714317348867017
1.3902588780469949,0.8026146934361845,-0.25386584476230756,0.9601864906161718,0.7488256480263398
0.46553593458737536,0.8081359853029405,0.7338404996062735,-0.11272129942051017,0.7351780714745499
-0.9276178194394745,-0.7626535264818421,-1.4335618170624849,-1.9820018797114207,-1.8272049345715418
-1.0278984832695672,-1.1220698212147084,-1.3783651372740149,-0.3487903416005521,-0.7877535793639643
0.2995538721642664,0.7053461695699036,1.313942772361713,0.9572620557128334,1.069238278403579
-1.0877635057220854,-0.8825573063192478,0.5382613881566024,0.6391297944379307,0.9167941676273103
-0.8913841157459436,-0.8335660052431317,0.08843467327267077,-0.9278652150308996,-0.10906288573675033
0.2575278378656201,0.7375986367812292,0.32373865653052625,1.086149826107368,0.18441646303994338
-0.46761096536266156,-0.8079300716873341,0.22974803871441732,0.17895150264625176,0.0953013578104923
2.1364947220362223,1.3303807254448012,1.5486414200829353,1.6751143353565374,1.3376017713245356
1.1811847940699838,1.1999261340486247,0.479908953183757,1.2276124675994182,1.8102911038614813
0.6822144518902777,1.705925916327653,-0.4193297926569328,0.23018943725722732,0.3985225024467261
0.5719705540911296,0.21358738570503052,-0.3497193837304304,0.3467737519551358,0.09090556409801549
-0.7620373602917204,-0.2404277776531149,-0.9119580861384898,-2.514046825588115,-0.10297508018411904
-1.0282653717932921,0.13769602411447077,0.9471367393684011,0.2569821234097031,1.6968154811396157
0.39811938044761314,-0.7955377835207358,-0.774663150980924,-0.4548726749064066,0.6015731785921962
-0.5111133786799817,-0.8229490114024062,-1.4992813889085492,-0.8812707666461849,-0.720697589071923
-0.7336577078901052,-0.052957075564756935,0.47210591857110157,-0.6171489908292201,-0.37322210090611585
-0.25494477230955764,0.4215473499090633,0.2740577853013304,-0.5701157558029518,-0.44101509844732995
-0.9667739103430019,-1.136652671610243,0.2221480459430721,-0.7068061592367711,-0.5977805200972939
-1.3010459205627456,-1.3268930289813108,0.1693624806957557,0.29221003115560146,-0.27214077719462554
0.0608456383400656,0.39201932518223975,-0.10937420131192467,-1.044097706164132,0.9720271997930001
0.507372634672147,-0.7388559047404112,-0.5784824254491349,-1.4818707612505213,-0.9666257075545995
-0.5558478041246864,0.22873819990637995,-0.11600091628261229,0.12386997200085217,-0.28529893741853835
-1.4483168253216783,-2.1083281388859336,-1.0738211968144886,-0.9238003916346765,-1.8582449517475936
-0.4249223843746731,-1.2965775731117113,-1.609924260633564,-1.4438169005276356,0.2805627055125253
0.10510379293049293,-0.3059215032906296,-1.0895882751626957,-0.7705554029465076,-0.26400039303166767
-0.9361340974947908,0.4442585637314445,0.5604291850385946,-0.08224836678870512,-1.1051796265918032
-1.2182230345675165,-1.314114263899683,-1.2840696375131746,-0.8968839605195418,-0.10509793178413813
1.3134515202091679,1.416527878868379,1.724970222458983,1.6490446465601636,0.5218048448441671
-0.46010418196612846,0.3837776143046953,0.47037982270050716,-0.04542287633309398,-0.22500909331372596
1.1084933555115228,-0.2757625400496668,-0.17432985755488506,0.9734271867495647,0.9966771279896458
1.6126311299040244,1.8355024365189423,1.242507069847878,2.2068172647708493,2.34392055909801
0.014852842596577917,0.31679838917461994,-0.3231342646074058,-0.4506870856873235,0.029104336717057488
-0.36274071792162255,-0.13898478726335942,-0.6921872469614135,-0.33316760333486356,0.28563626649085405
-0.655270992887466,-0.04413030026233192,-0.6075950715701924,-0.3060708224879868,-0.4482056349678205
-0.3255745575528082,-0.42304448745277595,-0.9926987183689338,0.0198004889299536,-0.47113213559785344
-0.9492529793836318,-1.0621923227804408,-1.0266847207294105,-0.9368134659340283,-1.2542383907048804
0.09851054550521712,-0.22224548515955442,-1.0466903689290454,-0.06866743379575875,-1.1778456811995661
1.1385924947303165,0.5245272855260777,0.6527456708801047,0.6819165663889114,-0.21831586823790167
1.293394377250658,0.8494233677529247,0.4098199687423083,1.7945793447275582,1.0804096217471297
1.4707093853908026,1.7026902021894306,0.7460318194994652,2.2664840836887765,1.317671501029161
-1.356283992290128,-0.9770202267769995,0.16636878487830467,-0.5168909343595703,-0.5430854464633851
1.4232806926988877,1.3521670200871823,1.0326805191693302,1.8451659625277175,2.2049687879130055
-0.5694382443061705,0.7223656798113223,-1.011008001919745,0.8019140796492923,-0.538894187472931
0.7748239885388787,0.9948045064643276,0.8869582219746991,1.0511684744199055,0.8065015918046319
-1.3880063234551558,-0.7658333664965199,-1.3027192534667842,-1.6482937576669274,-0.6158467302104554
-0.22971632006102016,0.14769910001104256,0.2619378672166785,0.18862096122371413,0.3290592183872295
0.761261594757869,1.3178302783050413,0.7034593401969789,1.0823678029525508,0.21033029463419803
-0.5295089049965066,0.3577015209103653,-0.13196102080767144,-0.2437595757478694,-0.04221093501237034
0.4562479844352088,0.47478408335510675,1.3577366653807525,0.5424204625613037,1.2352626647755844
0.4082225909307905,1.3708939988708166,2.424341962796128,1.5180873745743428,1.5767047290263612
0.32832073495192216,0.4823586585943346,1.2798677697767684,1.0654805272315555,1.2071786342170656
1.5486841024348363,1.8826246964418984,0.8382291725114903,0.6157629363525502,0.9198451718658006
0.7000306459072879,0.7211210835255499,-0.3009463894682261,0.44982862561601805,0.06435620639600445
-0.2939384387324407,-0.20032224639246468,-2.054393880140665,-1.7011908539306055,-1.7812775037676885
1.0945034539770677,0.7090517835963138,1.1822374867309702,0.35998856577915556,0.24682063235985835
0.342051105323739,1.1664310269297533,0.5344332454314188,-0.6219339092186109,0.364989165122741
0.8143220924912467,1.1215316555973354,0.6671419917558512,0.5036129183449167,1.045873103371127
0.8100455512099911,0.9887337962568442,1.0997702263206037,0.8192842365103472,0.619022604092077
-0.054715301501258966,-1.37454881728941,-0.6558799554632716,-1.09464442102622,-0.08569321832584467
0.8136244175189061,0.10292332204815084,0.36807747277303277,0.6977852117977802,1.296033342084461
1.6465403220623254,1.2746146654459098,0.6439061864886886,2.0284925517470294,1.060285730442596
-0.08834655834030757,0.5382828449858824,0.6450516348786152,0.47417884176292685,0.44689496214441754
-0.7356810687464582,-0.060605012609985104,-0.30414492697543893,-0.7797291510060812,-0.44633304539964064
0.17959623763346186,0.41861082375614544,-1.480945819420958,1.2714945550059233,0.3997100333062676
-0.6769918665090138,-0.6523893116055304,-0.18241449194427098,-0.6239002110581433,-0.6439867663247949
-1.601596284422844,-1.6382178676218566,-1.8488912458541802,-1.6018077650692895,-2.3692610737810846
-1.2172799730427153,-0.7844395381794547,-0.6738732586155316,0.18034312719744866,0.30002039753008275
0.9217972813219378,0.6984965227136231,0.650406669399791,0.6814538796057039,-0.12725231859821964
-0.45194759090639464,-0.4376177315249086,0.7826711511194322,-0.6405398171048411,0.471966340104991
1.1775353050745447,1.4802438558515376,1.0680831387809153,1.3660600449295275,1.3569436908885686
0.0720441505474024,-0.6391428218634488,-1.0526958275278984,-1.8216179255983953,0.0590397119239832
-1.1983272388813246,-2.004486339281968,-1.9476507817273605,-1.3913167645483653,-2.346292959189919
-0.03211548528929923,-1.367288423766046,-1.0940248261038803,0.45716282512487855,-0.9571244552723647
1.425349319239988,1.9872657909134441,1.506997520586116,1.6832186604738835,0.29716004567015564
-0.63968389693916,0.3756553329308233,0.38193701560092835,-0.9381307859393522,0.7395951406295689
0.5265885593754025,-1.3348842302848922,-0.1957688146338478,0.11353037276822521,-0.9367358715028123
0.4690485456404967,-0.16964941392577138,1.1442052207533107,-0.46823696700937506,0.6994372688710663
1.2174099317363543,1.620975805782773,1.4106213742859686,1.9615403607377808,1.0818994121608432
-0.7393050753835706,-0.38719704327283216,-0.2245908175772751,0.7965632489856381,0.5064025711445856
-0.4885119727851086,0.768364397643152,0.35189942285412307,0.47365308083657687,0.32595487224523945
-0.7612994939593251,-0.7413889987689015,-0.29766762925329215,-0.6979283949201553,-1.8375442265030555
1.388204939989075,-0.15937660901241055,0.483697534362298,1.1264194958403735,0.8099756332974765
0.850918143265458,0.25735277240272847,0.468224775616773,-0.4532403089549499,0.3626070401063086
0.8380686591276967,0.7910567103783629,0.48871914088143215,1.1206306763132583,0.5306757693132692
0.6083697993223492,0.3440465539711144,-0.08011758239633493,0.14913601310184182,0.7857994354593275
-0.3428388643589182,-0.8414834845850787,-0.3046093325007708,-0.8321119638542482,-0.316712768444897
1.3811790999203446,1.499766340896722,0.5343689939444146,0.8597294405606017,1.33532344052249
0.9185786385764431,1.3192515013869641,0.8655050163493199,0.04208921682855803,0.8223677704252871
0.1371449793228742,-1.0449692295694686,-1.2547849562713023,-1.388972735286322,-1.5119881955019183
-1.3830467371359572,-0.7613746346550653,-0.9624232425833261,-1.2799189636215542,-0.8543386490752863
-0.387398545930915,-0.9187342593079042,-0.05451547296250574,-0.7856642708620687,-0.9336579237433902
0.933155962653722,1.3077521123931837,1.7880515260287155,1.056751466513964,-0.4553019533806477
-0.8829704323871361,-2.244633222600745,-1.828933569271357,-1.5516498528478695,-0.8164645659840645
-0.24258994623970354,0.2767864223234358,-0.7660481377582935,0.4748905501839459,-0.24691448137226638
-1.0215029522927395,-0.6370607375314158,-0.3416984520331357,-0.9259252578401281,-0.9363332873980036
0.06127517878330776,-0.2619598758349904,0.5235689700159377,0.4477544022379538,0.5561633393159581
-1.0431706122708897,0.46653452472477935,-0.24932963107305092,-0.6840698246921915,0.17632707087296604
0.5704898909935283,0.4014550141951559,0.28839897224415045,0.3764938120022306,0.4155199651141461
1.5628951892226195,1.439288585843139,0.6645561744835526,0.758467182639082,0.9259568320917311
-0.25866850625405186,-1.3576374072334214,-0.8387845553688456,-0.5834295147105435,-0.7693271555311498
0.32966088732982163,0.4614603657774358,0.3407961876062453,-0.39994046376904563,0.6297136376185941
1.562488008320949,0.538704003261396,1.3569649819100236,0.13027892258460871,0.3170619080374242
-1.180311515868277,-0.6603365823417618,-1.0868257416929503,-0.883859204077702,-0.8316956809680722
-0.8476422949012052,-0.9448423507313374,-0.46053389631895886,-1.5683463081907023,-1.1460223253579074
-0.21888172503442224,1.1502972060156091,-0.21028624350212086,0.448316290590714,0.11003526264836044
0.05558212686559601,0.545067701579724,-0.01754447248012413,0.5295638189091164,0.3270158181056439
-1.8450686254532214,-1.0189134390562513,-0.9600654549885116,-0.8494395639448608,-1.3919111367137635
1.2266715247372135,1.1523347632025698,-0.17395525312253365,0.4040989284951179,0.8787682102044103
-0.428577393441581,-1.2678809365291506,-1.5555376657261903,0.23137984822617494,-0.16996956979230526
0.07760718291777895,0.23430293266705815,-0.028214713864259375,0.06103715883821556,0.0944731336642584
0.5101277033874404,0.43781368741441146,0.5711690136754912,0.634696893677779,0.2635566715515226
-2.580681438490831,-2.1741947299365254,-1.9594490387139265,-2.18886141631802,-1.9398353007357856
1.7405851117827342,2.1452025277084044,1.3171377925789822,2.3408916039007623,0.9541644253129469
1.2703961943455189,1.631753709278918,-0.7206954103706724,1.8865870019665427,1.3380487821032585
-0.7372851201050572,-0.9525468846028777,-0.6135842978330065,-0.16804696037901948,-0.22616395325441768
0.8045949537366316,-0.08605584250406541,0.2640411605678509,1.3934820805198582,1.0392593584608516
0.496522339115441,-0.05832812389240933,-0.8147370022430565,0.6558764835445867,-0.06562067541125202
-1.551118981517823,-0.7064821945618716,-1.0727102275314444,-1.386424585471531,-1.4611203523156637
0.8534568265878084,0.8664364448283519,1.2440513743920971,1.1624288003069647,1.7284151270765085
-0.007652192707155858,-0.6748079751090966,-1.0049577284718767,0.22483395157844743,-0.23902392094191927
1.2112241932021466,1.3502248400152972,0.8094846771418113,1.997991210862001,0.6345689791155446
0.04263756015312811,0.8120937268485572,-0.7751839134739139,0.44189456601092125,-0.05411652016221662
0.03876872507874793,1.247277005603508,-0.1849559507604255,0.47484733204593177,-0.0009130554429530101
0.787350890921875,0.668353828885733,0.5327418985115892,0.994614227840123,-0.565876073476646
1.3465236710718576,1.0565856841542396,0.677799532319524,-0.1142795438859484,0.49563188570155386
0.5669313351810127,0.17625703420912744,0.0004948959060286505,0.10949583926741793,0.6435189590606413
-0.27225054761007805,0.20382439540056058,0.20632854762428568,-0.5429119435135612,0.7420256627308258
-0.19266269588599821,1.1007898130385922,0.1701998665938541,-0.03843571306235738,-0.21561068434396072
1.0328053584240517,0.47694713452977594,0.16108593135330315,1.0779738585689427,-1.001972933255466
-1.0319222916051993,-0.3351330111781697,-1.883558961683872,-0.7991620997193816,-0.10583576988347934
-1.008576075138335,-0.48661456102336775,-1.0916676282749174,0.15049430073039022,-0.20782669695307202
1.3209411425117488,0.5368200031439212,2.1616113961747128,0.7561542169777156,1.5792721627146147
0.73073950053246,1.1790881328042397,0.6996496069065316,1.0956141503219132,-0.3245806729512941
-1.0078490672625733,-0.6077342581924849,-0.8243008221709826,-1.4503026895422984,0.24461040411541368
0.28073985675893093,0.5312591687094805,1.4499927416512655,1.175940668064121,0.5129712225475842
-1.0315267676966333,-0.4166966777637725,0.13446049039409866,-1.1731814426728702,-1.7530127141842466
-0.5527175587499169,0.9097591974912269,1.5396659284361411,0.28962803921961494,0.5255310458738212
-0.9362429582285724,-1.3012598316161774,-0.9374071324828123,-0.8472175772224403,-0.09689934514682588
0.6816383011726803,0.7293116770090606,-0.003591781681432341,1.223523586193162,-0.410300263373756
0.17542020335008743,-0.2263488358076395,0.2570822498141505,1.104135100230958,1.424987316392026
2.4107981216027703,1.4177510647929106,2.000381969312747,1.7230053571573782,2.3007104562702976
-0.6199704331585694,-0.7437820354991026,-0.2977333775747837,-1.5901696697019756,-0.5793208835079163
-2.3500461408432707,-1.5516085296509379,-0.7181779933848016,-1.077195293983498,-0.971578159325354
-1.5499471945790637,-0.2234510244278656,-0.04666155612375286,-0.4563503760734397,-0.0806944573917994
0.04695783710726222,-0.5943490598080527,-1.081098281897775,-0.9304445726819619,-0.19424795393761313
0.7029124591341358,1.5725477968455004,0.13618072628355407,1.620637878845914,1.2456731119320403
-1.4666307254130835,-0.9224588792977969,-1.6476867246460383,-2.0555221790632507,-1.8972989754967935
-0.3925808673782623,-0.8284620770066804,-0.5288081993661905,-0.7805730341006412,-1.4636716730918287
-1.5755906918278317,-1.847141480744263,-0.9226266698392038,-0.8214464217587352,-1.6558607315969895
-0.3109746621737355,0.17505733030984338,-0.6062146214043985,0.30020866033966026,1.0550986289211852
-0.1344657496864549,-0.40392658763174033,-0.1193731145153033,-0.20388908571475248,-0.2890593931298106
-0.5375596771934269,-1.3202622000863469,-1.1066469913051553,-1.3249900271121384,0.1213616301607614
-1.383172979910963,-1.1249799306976997,-0.7928798739463228,-0.9725591543836164,-1.0350662977552585
1.1863516446962075,0.116131106573738,0.7151562171351222,-0.16433692770128785,0.0938952846288917
0.253578906581415,0.13818257679979312,0.08148489033485869,-0.07059177206890375,0.5821988893624348
-0.27190750625919063,1.4153540286982607,0.7877471859753892,0.5280235493277562,1.4608896231252948
1.5071259072296392,0.4299439717695781,0.890570062870934,1.2194752763568915,1.4455511330640014
0.20857614272233319,-0.4829320178943745,-0.06057201095540735,-0.2607582667895894,-1.3844034621074492
1.479462157399965,1.3538769968327369,1.5176128962436644,0.5257280551118888,0.9601490366261954
-1.3563447109980664,-0.7637957846421825,-0.8761547930823588,-0.09405482751984735,-0.7188136780622276
0.9034598750304657,-1.0719970558769203,0.03379083947207926,-0.4458741717001285,0.10817775883273577
0.024361484168919655,0.431302525294388,1.0567349629350893,0.7617828040648924,0.00024219479043724207
0.665101671393281,-0.14173859432634045,1.3971825951091805,0.048221127684427774,0.2218190205376671
-1.057943002034765,-0.5517409202405947,-1.8528462807876154,-1.7183160830357425,-1.4372293664500142
-1.048664785571645,-0.3437773758179494,0.1729936517097185,0.5415161815623651,0.09182614940382712
-0.06030793473903875,-0.3011605122456633,-0.5075656741193835,0.6891189107909549,0.5191361641086288
-1.652205943706483,-1.760266037994239,-1.8517937111630132,-1.028198871008001,-1.48230095193972
-0.6083265413364278,-1.6578588055736911,-2.0652091748412023,-1.767506381292122,-0.9163239210645113
-1.0392449432343582,-0.2247200777072567,-1.301105094550407,-1.3571661178120036,-0.7844322707090287
0.13944547968607676,0.2370733246499339,-1.127690718882294,0.23652064008672855,0.8070362345943484
0.5648583892891691,0.049312596807087224,1.0170482645947758,0.4649642394796626,0.2757026904596424
-0.9799957068751673,-1.3097547699685954,-0.7297045437634987,-0.23206275769818777,-1.811318222872607
0.931392895701727,1.0942767775135405,0.7376787752985947,0.7989527921338504,1.1939955975628962
0.5248790499780919,1.887931592592083,2.024594601333632,1.536784171137355,1.4581837561194655
-0.1395210933366227,-0.910399793091907,-0.981026467905858,-1.2819818810815213,-0.6636402859776509
-0.5132071929393682,-0.5261773103658101,0.7382825715519582,0.5088706608420387,0.540168092080227
0.7561021434275323,-0.08882624908230348,0.9676305373764639,0.21140581339559844,0.8618037184308389
-0.6208319995415292,-1.5082111972717578,-0.9584112286164352,-0.36154775387987553,-0.5503780462142592
-0.9690123644929766,0.6515131332382177,-0.26656238941032195,0.8759973298313221,0.8226461192035318
-0.12165020298748391,0.39637175954396403,-0.1702689848769135,0.17827251156821022,0.20660669960258982
-0.0764039658574877,-0.37986089916226673,-0.3676083441227749,-0.1533285954445802,-0.2323533862379011
1.2815002708458227,-0.09448909330393229,1.1372961165768578,0.7518142765032931,0.9592252949926249
0.30879429190769125,0.0423204843033908,-0.1209960582705077,0.2333803383558979,0.27289752671564804
1.60682934339955,0.9143070985750643,1.8178465804059938,0.5079635463037657,0.9628369171517657
-1.6689961468434829,-2.000158592937068,-0.10003899319067863,-0.43413375584912234,-0.1655330640442579
0.2759228590397912,-1.1223079629662909,-1.2095814153567856,-0.7412877951613471,-0.07069027217356455
-0.23735437111475585,0.08503082091593626,-0.7975910654075267,-0.4133762527442582,-0.30972642027430536
0.8423586740663723,1.9365617687809595,0.5678704533843714,0.1467973782345856,0.1312868318207222
-0.3766607487707469,0.5002831908753909,0.2642694478588682,-0.4989210501786325,0.23745494312849466
-1.1881345050384893,-0.9667398932833187,-1.3662267574905054,-0.25776072154850305,0.0581162327033542
0.9153580581488504,0.844408431969903,1.6492129394306345,1.696366544951483,1.672785957449838
0.6709380564188882,1.4724293254607066,1.0049248344922035,1.265092509249382,0.011061752920024459
0.2958666078278768,0.4694075907968046,0.31993029368461723,0.3476755511945431,-0.052615741357240134
1.2046093321216005,0.8365356869741769,1.0282810094497625,1.708868434972411,-0.023192549709866506
-0.11622460416647906,1.0528169662821427,0.9475515397393991,0.6665879987793593,0.5175048769401873
-0.9614348145328356,-0.8176868153052651,0.4367525006468166,-0.0702357107129684,0.8061284224105184
0.6258764819847211,2.102534089277976,0.21328036987245105,0.8438342561486154,0.502922704415511
-2.127084594961783,-1.8890696022187532,-1.6634004714698312,-1.413581880106506,-2.4601387320813606
1.1188267079715146,0.31349633180725844,0.9426596764610764,0.05086722146759707,0.13898746561306352
0.02633173001668766,-0.4880499979526955,-0.47236991618152,-0.286623883457386,-0.7181645457293774
0.08510182949306909,-1.0918593708526099,-1.1868277375118328,0.45220707192011766,-0.3207219283465375
0.3559085870826657,0.873827614470712,0.6579998294572891,-0.36163505853090966,-0.7022521625647408
1.7565947242491131,1.3104868955223186,2.2314140459849754,0.9812429812904,0.8976205723606014
-2.102012256776756,-1.387140082319598,-2.110501841833073,-2.190375411496319,-2.513435253006269
0.6052410855787169,0.020315683060373402,0.44462107365703285,-0.4156545566845727,1.0281294002922656
-0.9846070496263505,0.060306972996390276,1.0284185234618841,-0.6511742693362909,-1.189649929943513
0.44208837373561405,0.3599458930841952,1.5262372454072934,0.6280023354226135,1.2221609485729525
-1.3780137561271768,-0.6852871225091756,-0.5510608742393234,-0.939106064919373,-1.2159522168073362
-0.32053815946595604,-0.3799344312113766,-0.2519498228949542,-0.5427895380155281,-0.08015454244837068
-1.6326604983324422,-0.5773620925042002,-1.3473761559108532,-1.1744749791709388,-0.2479178438611095
0.8710156567161913,0.854726733017624,-1.1239078557216748,0.9075498199797032,1.2762089616014571
0.2420687507636875,1.2928216765778755,0.7266079289646505,-0.016600783038332952,1.1206923316310184
0.3482962755139332,-0.1045228356865298,0.9681077865589449,0.9260088326745923,0.6007757573439864
-1.6104172991223393,-0.9221503920380166,-1.5062441404751732,-1.6043478794703467,-1.4751700040366356
0.6270714974384543,0.11087203703085646,0.9298693152129349,0.6995218595048733,0.6586664551934962
-1.5826638880870634,-0.5499997444746442,-1.0353417152728528,-1.1746035023915156,-0.6243829041111983
0.4523270625113322,-0.019601432580597523,0.4825518326118137,-0.5749490836648558,-0.17629107083797071
1.60832701921378,0.8386681682507799,0.9479054091913737,0.2170357231667625,-0.06341729908894073
-0.21244749114047715,-0.38773931038159154,0.048807862107168795,0.4523311510756421,0.0092066479890739
0.7346267823933779,-0.5032985664082257,0.252186600991293,0.3795420073650539,-0.03755195384944323
-1.6422768258678704,-1.3566640299210773,-0.09742905516998167,-0.9292076236089422,-1.0742968684258845
0.055355465269218015,-0.5674308577245611,0.2994338580951914,-0.29563171678061784,-0.6901033689195144
-0.09623183778393213,0.0386128877543642,-0.005573171909099115,-0.9263341753767659,-0.09586441968163692
0.07885551761958588,-0.7903435493517722,0.6541164442425291,1.2038531311142049,0.9111676070327581
-1.1073096549629347,-0.8427839260831737,-0.9394943750000171,-0.41111123550332823,-1.1886823514684246
0.17917714298682563,-0.32466682324637147,-0.09218904900993921,-0.5618600925171204,0.6491768483975848
-0.04464369806126913,-1.053186483283553,0.163459569953684,1.1421529498735208,-1.7432166951520667
-0.8601495280123795,-0.33455003687656587,0.4198313257515481,-0.6282907749868303,-0.5840387465135964
-2.072645893386395,-2.481479142494243,-2.0714042938578836,-1.1693337450888057,-1.713754342153385
2.073073606837575,1.5824871760678192,1.0530366333479086,2.035330122381204,0.8078782298258413
0.9493102241875591,-0.6382048621349926,0.9859509235279111,0.3783349412849868,0.2560024145310411
-1.032373469429453,-0.04230254677599599,-1.032228886682975,-0.8693327510115902,1.025993483077723
0.9812746985164976,-0.020427736390147135,1.3444155387461674,1.8004177652138682,0.9421793607620672
-0.11036239294468106,-0.4406590060235704,-0.10675128094768359,0.6514440796227102,-0.46815748416139125
0.4149841081853454,0.853839311672966,0.31824982400954976,1.2402536730401286,0.5494130229847873
-0.39768415917684413,0.3590919116023087,-0.5010251686004987,-0.10643472846723875,-0.17591955592451716
1.1865546174279273,1.0112096095747227,-0.041832573424922706,0.243492952749575,0.25038793070865534
0.06325941137142689,0.04355939401555268,0.49274979745750686,-0.890689730710568,1.0087495569021125
-0.9586202931581685,0.0977799061079429,0.9717474732872268,-0.014730210408796018,0.6967896001580063
1.1048054734125836,1.7975614847725507,0.2742359159210113,0.34116193300936737,0.13319282457223292
-0.6994149772449259,-1.0911379246730883,-0.4103019118300676,-1.3632886678963843,-1.8671874454721291
-0.05167719935025977,-0.16540751850436616,0.112999594062728,-0.8270753266183121,-0.46469906763092456
-0.6754210188661688,-1.5284246448158236,-0.458560777710016,0.4484335964150781,-0.8238346911154043
0.748923955337379,0.3101936428404856,0.4997278584211715,0.23509714938360043,1.8195457271207225
0.2033483386038325,0.48712621120222593,1.6015173862439929,1.3587077424369298,0.0006162605867631194
0.12603692906666925,-0.19433210961242708,0.12119090651512261,-1.2411372455277152,-0.6521281371976492
0.6840456607240738,-0.2756092114754317,0.7318107146136474,-0.09075170857246526,1.2219018952613985
0.8398932320138244,0.3307803098124029,0.28823473670072897,1.559433109231161,1.196551975914869
-1.0053279520296545,0.042873451220738115,0.45143650841327276,0.32905984649389497,0.5342184175255531
0.10705777674067934,0.2145371322304035,0.932101851620605,1.036085258502701,-0.33547443096647367
0.980828529553055,1.2438936843985677,0.41226830595432556,0.34740790770211866,0.02442125170150548
2.4393424327197706,1.7949723201930194,0.5336826440365131,1.6487184714721923,2.2766658880805726
-2.1893321272706965,-0.7662896970792513,-1.5246420926488562,-0.23271042961402472,-1.1206249148082377
1.0936524966385397,2.2723930394086858,2.5151051251610914,1.7749110787991549,3.203625887894853
-0.7362648677268291,-0.7387585948283835,-1.6372351743399534,-0.6567250050439981,-0.9644318495860911
0.9849518537358734,0.6726215104114915,0.6064763335978267,-0.16133506226667224,0.5703723435359187
0.4060399534282176,0.002411044885441871,1.3274158655930424,0.005036576883789915,1.1772127162813344
3.031443198096263,2.568795074004198,1.7850611372092904,2.2455524495467456,2.8554588764917144
-2.8308394831149455,-2.8960059177335986,-1.9645350090975577,-2.638131781007528,-2.9962964815410316
-0.036922867163158915,-0.7534387499004761,-0.10491764080732291,-1.2744220230306118,-1.6311782494705682
-0.21057838959901426,0.15672693135393387,0.6295880914867076,0.668979840991185,0.3089493194971355
1.4589701365013954,1.1333077921234422,-0.2192484711250543,1.4543487942245752,1.6969308136037498
0.6601813763888846,0.9738228424627848,0.8595261204643312,0.33638064169232024,0.5443237460538485
-1.1096074604780677,-1.0422540264683937,0.19035962037310983,-0.43240678740318117,-1.0666763244013793
-0.3236348448238298,0.16056550574394385,-0.1286293250098174,-0.4461905913485748,-0.4112329732504689
0.5884115695283615,0.537760583550124,0.38455150766893764,1.7499325204862568,1.5173999574255623
1.6876248987293263,-0.28891871908482997,-0.7801965766815675,1.2187390714917392,0.2845650882247448
0.8081363534501829,-1.0099159532024684,0.17933820731771025,-0.2815166669281602,0.665903829516624
-0.6014806027682438,-0.1191463004043717,1.3232549701083842,-0.09330581480745871,-0.11416692393489976
0.5821718326001059,0.19883712876109436,-0.19374420914203952,0.45753059267282686,-1.1028151850498948
0.17784866993248433,1.4895454147623268,-0.697528020936122,-0.5286319498868737,0.0967844722137739
0.18828362462026385,0.05696491962793669,0.611668619717087,0.8427173497997045,0.6828055622631698
0.19550767066386146,0.07052631479629748,0.5668675768844688,-0.9682298351695692,0.21078435702816814
0.8607577738305552,-0.4434131197126774,-1.3459718039607662,0.37313188889619386,-0.03733732946382715
1.3505145655764483,0.6370301359956053,0.05123354576578873,0.4156161884089837,0.8703682316814824
2.217435116260685,1.1303688287085945,1.011625549272217,0.5331803042015698,1.8770415281252486
0.13134709904067934,0.18231578586800504,0.01715857538590135,1.2363755147814943,1.3507991328863709
1.4321185626350275,1.5862923258364867,1.4768208756427128,2.942358139496897,1.8897024074044042
3.1925235822163676,3.3302224543178465,2.300316344638402,2.264752716961894,2.7906022669805735
-0.3431945168801976,-1.2834982107467445,0.4808913444704312,-0.7355905353041108,-0.040185922765878256
0.1485686176683721,-0.22421718339046506,0.5875818108839898,-1.034577504467723,0.1472198448675105
0.7983599478497682,1.7579652608994945,1.3583189543995176,1.2486853601786072,0.5751932399797622
1.0767721186854362,0.4966131611018762,0.9180555316454617,0.39881467515955277,0.6421048514378552
2.542054362397008,2.633742509611491,1.3187461764791202,2.3460829655048063,1.1073992782652848
0.8254184280951045,1.1091764072072,0.8279135850001695,0.8861616369634404,2.602713621447116
0.8822326955215525,2.6145377066208044,2.5074844223795036,0.6353449878896399,2.4629871767096874
0.7418632215408634,-0.4727060457395221,1.1837607866750872,1.3130958323534307,1.0380425719415594
0.1311019187500929,-1.0878646031034394,-0.32734641633060296,-0.09436081761686195,-0.7272301495928342
0.28867581942773335,-0.6433243429459855,-0.83107078688197,-0.8501108770000697,-0.13634177525069688
-0.17511793561408218,-0.7736752834740062,-0.9047804933911958,-0.15740045605450811,0.21388401922181885
-0.8411294583939118,-0.8917876247402596,-0.1285090027227612,-1.383450546925026,-0.07403238179673774
-1.0369604399014216,-1.626249844610881,-1.6330882014279782,-2.1949531015474664,-2.0943277478761044
-0.9102929870471264,-1.2670446044081158,-1.0248707020814336,-2.5185317864113914,-0.668612837644309
2.3079235380167096,1.1047745537656408,0.8240642336087804,0.8231928748334405,0.19945254336708598
0.9100077457491399,1.8497024964206092,1.0077053363822255,1.8512747078798273,2.3930786759647407
-0.13092286760692615,0.11082352301788846,0.470046266864372,0.9242406957080082,0.7614076383310009
0.8802536574709328,-0.3340778918773514,0.6513747335552811,0.8848364177149269,0.7052198727005334
-0.34599577322967284,-0.27476007476357434,1.4904687282896085,-0.5203148480253217,0.14160406250113003
-0.05767636151591412,-1.471946860708548,-0.5118667671869883,-0.3113769183688536,0.10882261303672913
-0.31292871551263085,-0.13287450801576461,-0.4701542896770802,-1.1729320600206121,0.7347113025648878
0.518271074493623,0.927808380253569,1.5028451045643043,0.8295997691443634,2.125950408262714
-0.1645654777608654,0.1878269742264869,-0.6590776104640449,-0.8380767047155812,-0.7554892351909566
0.4711291680920404,-0.0638262373524923,0.5603027520632022,-0.9980526564282018,-0.37727901488943466
-0.9892218715809198,-0.5567917953662819,-0.2695955279097573,-0.45500880921187936,0.6187584843420751
-1.510147488950195,-2.1642664203798168,-1.4730124441176455,-1.532278981397972,-1.0758810281876907
1.1726041907729159,0.4564905604721672,1.4065600589930176,0.3348219950627264,0.5452338549422253
-1.1281051124733326,-0.42676044734871205,-0.5480180523942004,-0.718917430482355,-0.7542883689358856
0.8898285766228377,0.1703451677532552,0.9131119545395513,1.019148191022384,1.3658009338301602
-0.06215927228115616,0.8116317272666695,-0.25731617887712094,0.05544920047384326,-0.28427424714800664
0.20033125378547292,1.5401938607370709,0.5461764508557939,1.2862614387187696,0.6994129798017491
-0.26451287879811436,0.41025244674491224,-0.4478104525471288,-0.32401892261428583,-0.5354141315697544
0.612178931629438,0.3937921532426594,-0.2942801011737513,1.6342656971559208,1.5356189475966067
-1.2843871512624447,-1.5145881397513787,-1.4398668386261877,-1.5357341376944729,-1.2251859768274032
1.1192894320935998,-1.285207886913093,-0.23826262521278332,1.1082309309998706,0.1496403815760509
0.3076967410034754,0.01856281627081045,0.8480897005805527,0.5044205013210143,-0.5706239646085669
-0.028863614211019697,1.188266163934009,0.48433185578693727,0.4150226164023032,0.08624850648137523
-0.8153500842756132,-1.6336161933023772,-1.8542148256963138,-2.258944917614436,-1.2371117261774096
-0.9775435739635607,-0.03647906026301011,-0.1558544407200579,-0.6296112165029721,-0.5672445527588676
-0.8244824229526252,-0.05900776499132394,-1.2196086043293768,-0.14073048798348975,-1.4749489746029683
-0.17154597243926162,-0.597343761872689,-1.4953545159403143,0.27264896188880755,-0.7346901965231478
-0.7744594235110069,-0.1311280066205219,-0.4706889715682337,0.5709038362469169,-1.1287048455136885
0.4175992304219515,0.7319724947378162,0.9981754336942189,0.6308048010970235,0.02084649611286311
0.14132869248753765,0.6371180779170196,0.7122328960700648,0.053934319778623556,0.07919267383901112
-0.34784534314625987,-0.52071848111421,1.2613962941801313,0.5684211346632418,-0.6681205579136934
0.45968839650479837,0.8604571856757643,0.31677267329368397,0.9783022215473642,-0.3610441757995953
-0.2533279366410778,-0.17727863167418034,0.16211626250782948,-1.5425250731673594,-0.3635518639217902
0.31117405154181876,0.8590500815890662,0.5087463187825474,1.2790215142533652,0.2519818629775363
0.252349044879711,-0.6642637882678628,-0.4493134162175981,0.12637025440565397,-0.3994328065578306
-1.2430321151311727,0.10952927352701058,-0.22193352981926986,-0.34818946215546176,-0.7425443801351304
0.8997337830394131,-0.015130837081149259,0.1842113655714602,-0.8122390750457856,0.905084346231903
-0.13365124851110993,-1.1975331980486115,-0.2178890175857292,-0.21298256275253477,-0.08878253902249741
0.27146489421686004,0.857921944955573,1.090791695331665,0.798063643884085,-0.43976507170023005
-0.02042867652459364,-1.9283964752186191,-1.2926964238223866,-0.958441285647586,-1.0981151952561088
-0.18226989070255561,0.3879007942260007,-0.6170782294452708,1.0752378879195819,-0.8522191995992954
1.7058565855284493,1.078040814002878,2.1053029416358884,1.1437799227519592,0.9711777394067505
-1.3752251752055222,-1.487779676013919,-1.29616362584818,-1.8599918672156768,-0.5398124334093963
-0.7187764424780457,0.40624487643392515,0.09202084998284821,-0.055827134221278385,1.0382212452669288
-1.3423562970885539,-1.5708352175707587,-1.4942350159059372,-1.437854482804673,-1.0458131894503773
0.5866165737414374,0.2378665770760559,0.029937369066013242,1.7215891500665503,0.6827698895380789
-0.4502469969509253,0.4284471374089132,-0.7599232747366004,0.7817738636373073,-0.5117712550228719
-0.09853056158070676,0.31675335611037136,-0.3882789980933424,0.36617018947962754,-0.7569441729759651
0.13166295965444558,-0.6161273473402279,-0.9318207814736812,-0.05737823244495788,-1.3476091986925007
2.386900238264783,0.5331599130107186,-0.026725998024543108,0.33060849004873977,-0.05042447017868589
-0.5620532121904903,0.7986575525338532,0.681167253746161,0.7824212273184585,1.4142147516436343
-0.47382081916853513,-0.6508872010258243,-0.016275025373464445,-0.9335103919194209,-2.1203262722544305
-0.7245016977192072,-0.8022248156061966,-0.6625092368554983,-1.2725220874716592,-0.33154414296007967
-1.8539577084812555,-1.1836667398517808,-1.3109357007657976,-0.03619029045495772,-1.618965166542657
-1.294323216514937,-0.3882088016294755,-1.3406991796580623,-1.126385935042187,-1.2855171618862906
-0.7271963462314135,-0.7695148918823957,-1.5827479088870529,-1.9848612447562644,-1.8811299561618393
0.9074019783038221,0.6337796622114225,-0.08643462989558656,0.07884658045335502,0.2551170970990853
0.16761235890790718,0.6871336775903965,0.555943110479656,-0.2272748001272219,-0.16487173069719346
-0.4241435314959074,0.5806707295034663,0.07933044556944698,0.7039729895167165,-0.7843176328658059
-1.6605721334688233,-0.6061154318174935,-0.6854001297461264,-1.104279091522085,-1.2834148142543524
0.2159266382908655,0.1706273603292545,-0.17023327072145245,-1.160419810559625,0.37274999758030786
1.136924370105186,0.24436575737857621,0.2209221793398655,1.342941353093216,0.6059967051705815
0.08351238408310219,-0.6870876282992987,0.5501901580886134,-0.7370373475052173,-0.3059116615933886
1.5001520824760792,1.035754847972219,0.44496129155403547,1.1760635815241036,-0.0927104797011152
-1.2189918571718246,-0.5943015012110067,0.5660872853832812,0.1562866832370545,-0.32635033924658374
0.7862021434253361,0.9469251238157531,0.5269016950096137,1.0035342146812505,0.9832752647875858
1.0769293675808755,1.2323108350449599,1.4263352065278012,1.654216336488684,2.201179547766841
-1.0749077449294375,-0.44897029859456816,0.2760783053558987,-0.9064042865226773,-0.24844663853571067
0.11709331068009389,0.17532711172259244,0.10277860918760963,-0.2094011420271224,0.5818966185980542
1.5185973693888493,0.7964031232952203,1.3055168077338415,0.21888183121773158,0.05255147268488541
-1.2690050992587456,-0.34657044662349235,-1.0033334798857956,-1.09337998644044,-1.0764548197079695
0.8776532518421724,0.42189913638811344,-0.956499525140648,0.05072353550753902,0.26956096415338815
0.6213953394145879,-0.22962641650137847,0.7803192786039604,-0.8112649057622031,-0.5798544835861958
-0.30918791036364285,-0.5125086983981982,-0.8053320040262465,-1.0103769252115569,-1.106388798792341
-1.3395086750508867,-0.7183880206851047,-0.9977296472701052,-1.395509070813728,-1.29646208068681
-0.3984212991914757,-1.5201069344775342,-0.7641313975931667,-0.08947603266179643,0.20637532387320023
0.3969765165194242,0.3925321667732287,-0.23419271522174784,-0.2190285743262082,0.1984078516881283
0.12695919475824244,-0.04496989622170115,-0.16391773149915193,0.4917120691783386,-0.6442578089383333
-0.2916119641945319,1.1707690006029483,-1.1092313292249167,-0.4711644007877457,0.24632222668295697
-1.0494132986621703,-1.3916448720175425,-0.5014418333951034,-2.2866282455981097,-0.6648129307137001
-0.2502157615147008,-0.8156160369709309,-0.6717286242703268,-0.3957101201397373,-0.09873173486070258
0.829848028001621,-0.3048623795227289,0.1777934884016328,-0.14952571288409972,0.19656757286793922
-0.3117955945120859,-0.48354306565618094,-0.533505644618171,-0.6448523592085429,-0.7343192351116717
-0.5754125956244242,-0.6781139050248655,-0.6276862534935781,-0.4663306673805789,0.32272878804584826
-0.18339076365507567,-0.11465458713720293,0.5151005536415002,-1.0154467245096084,-0.27469530328438074
-0.3542490229564529,1.393967159553908,1.0996286288585106,-0.22466215143154925,-0.367375950954164
-0.27533321279015627,-0.18795263856445796,-1.492840218432221,-1.1278165688982347,-0.6792093116558211
1.1807314032639717,0.14323312609140423,0.16420232718143266,-0.6320247683096006,0.06766759715162626
0.26209910561129485,0.7744942078431689,0.4252209581477647,0.00035580081627020705,0.4790032287100056
0.02785562349650393,0.9151802671093302,0.8465386763051099,0.3653201082198708,1.5769637929813185
0.36601894171614086,0.5137086025498198,0.46624101496445197,1.1392636728594525,0.6978711565299766
1.6486243584067855,0.5961526366486906,0.9776881859012867,1.2988159642055777,1.9503442825074213
0.057315030861180644,-0.7106824756554038,0.041476663655477426,0.006198912085418819,-0.22372631472121793
-1.0632428491762935,0.21552372652182206,-0.49455094121123416,-0.4213758049382213,-0.3610926777167956
0.8155674021088,-0.36831567965970546,-1.0604571313659963,-0.7254638705444114,0.3722342032777277
-0.1721851918684135,-1.8735700008174834,-1.2784767862602906,-0.6819153936054414,-1.3111532804929023
-0.3935199298280015,-0.4257745415049245,-1.1024255019957,0.7267018174017466,0.2432034217974703
0.1517447828204119,0.6186999775888576,0.12053738020060333,-1.1263371799143311,-1.012809856394976
0.5367568047007958,-0.28367150401674085,0.5342023109358301,1.1111771291148689,-0.4936964627822131
-0.13764325828235524,0.13420926955347395,0.5911913083928916,0.5789399653198246,0.2305833911039507
-0.9502886959047977,0.4550571106337876,-0.601731908378627,-0.8173234363943229,-1.3722870369908946
0.029643860908812086,-0.30934406715004775,-0.2886074874939897,-0.17637947731888318,-0.42788022728534336
-0.5988255104223822,-1.496738985551887,-2.0884382957214602,-1.884841954140402,-2.172809455265321
-0.6343988075845808,-0.955948394500303,-0.5023751290741777,-1.3481351253824743,0.20336708759126487
0.16286415655067324,1.8665809697619724,0.022085040885887818,-0.04052061765082796,0.5583041152651648
-0.3725608498922575,-0.8152437957088271,-0.48309487484561847,0.1533870558987222,1.010169519231333
-1.240854665730673,-0.28970165061678677,0.2626324558123045,-0.7193633666017196,-1.1656095447482842
-0.43392711752013147,0.0740168284608616,-0.01942557445131526,0.10094692874917818,0.2327003280426352
0.7594621540104335,0.43339885834345165,0.010040871174624554,1.3244032751992103,0.30562709978154196
-0.6732202597263833,-1.1076480295498528,-0.14630521836714552,-1.6708924200153585,-0.4955415946464847
-0.720902237399512,-0.8327840463850286,0.0070792729302006,0.30131884615174154,0.6965001105300397
-0.3577669886808175,-0.3390338651293157,-0.6675323984872643,-0.2890756502985758,0.27402709226796074
0.2036490298294811,0.851258327437496,0.9162296968530874,0.21859180053259256,0.4060606124676894
-1.1449403806299125,-0.7365636235306974,-1.2106898785514812,0.025094317628758595,-0.10227674236190551
-0.3299123038515029,-0.9183422154848844,-0.44578594727738363,-1.4246978950471032,-0.6827985602343819
0.1668460138464361,-0.4813658967062647,0.2891570840439466,0.2035420428052045,-0.1197360801314131
0.8893685019171338,0.18325174717198636,-0.05918254484064217,-0.07396849974830672,0.12039187770536237
-0.8541378647903772,-1.1623834649228444,-0.22385739509141214,-0.29570966586574965,-0.847718662584937
-0.6617243527811473,-1.2453934528994741,-0.590865550298974,-1.5894149291175972,-0.12265390994555668
0.1626314814105818,-0.8043010177713472,0.47696824174121294,-0.19514909206470613,-0.1140873392985035
-1.9326768829338115,-1.7007181384708603,-1.3388272019337102,-2.4061849865482188,-0.9476433973049901
-1.4856246348853888,-1.1276963824618351,-1.000538006102225,-1.3193793892376997,-0.7572843842597179
0.4563511254698697,-0.10133461752430067,-0.5451609015852283,0.6716217923819935,0.9510184750949261
0.02362217672114285,-0.01864594278704334,-0.18930600925429775,0.8959100781786303,-0.19260631292999678
0.6154125672704532,0.7042064751707023,0.2154107341577146,1.3550267675149756,0.6558951343105263
-0.22000555648430606,-0.5142217470952909,-0.6172934184129782,-0.2374719529490314,-1.2498521728918957
1.1540488392468178,0.5783617738567737,1.6022467759072014,1.5606952044538969,2.351765421795165
-0.43628370975372593,-0.5223182953254077,-2.277228210248082,-1.5916939677320323,-1.3430101031020087
1.5675997324596482,1.4037805280615945,2.656280043633083,2.392180518650463,0.6209518634342246
-0.8258412494161849,-0.2803522655611234,0.1092121530879024,0.18334000124537075,-0.6541311914766248
0.6102378567711354,1.8529031677150989,1.6450923826133965,0.08036047556335144,0.8454216598695061
-0.96753008732073,-0.8571392325708843,-0.44007678683646734,-0.5245059922530204,0.3466371168849889
1.5262690242511534,0.3779215882651873,1.1451918804622947,1.0461967451416332,0.981662024749833
1.0115393499711929,-0.472233659333504,0.3374555087245797,-0.8907690058489304,0.13514819550297508
-0.17007138215314097,0.3825358813219535,-0.2432781457604547,0.8488110921375001,0.20426614604112717
0.5031739226137055,-0.2510910261841875,-0.254162365356148,-0.37797999340687244,-0.028667599319400924
-0.2576709967285371,-0.4573772253328173,0.3603166465325502,-0.3447214075705101,0.08140852495510738
-0.8997700833065253,-0.8609584077318001,-1.7371910605152499,-1.3422462799134927,-1.135673620272097
1.3731484047384714,0.17924319573124706,1.3832216055922075,1.4619781522610498,0.24701712199438683
-0.17226000550697854,-0.2477130182363841,-0.30556717962671454,-0.668117927645086,-0.24855856060877798
0.498365895895602,-0.4423549957988047,0.1910655618037357,0.6476935482166447,0.641202520665302
-0.27485780644403196,0.7186236359864432,1.4002407033690014,0.28312285732370357,0.8077407975627575
-1.1489269809166367,-0.006295737503383616,-0.7498397342634213,-0.4613080338037184,-0.6113153323162137
0.7231373404924384,-0.09835509896061585,0.8949125251369972,0.8337315429711821,1.5362708339057134
0.10502491848371462,-0.2018492495123772,-0.2761197301180573,-0.04179616915128327,0.3274047696821789
1.0679519761613447,0.6400030351745205,0.8108794577120206,0.9525931161895062,0.22829817887360715
0.4489795116876697,1.0096659133904209,-0.40551409892591794,0.26562791914206607,-0.010472437103866392
0.045148512035992135,0.5420542884652911,-0.14237145616693486,0.4919064029464189,-0.08489567409895993
-0.010939963393324939,0.3600456705298669,1.1580854513288104,0.628402026472642,1.3912186073710855
0.5947321305174897,-0.8075710030879827,0.48170806093537977,-0.2345298803959327,-0.2744377412983931
-0.6125990324677701,-1.525683191400982,-0.5687169455434161,-0.6146807240056424,-1.5835265887885586
-1.1522781259615116,-1.5120427186713896,-1.1002869725266489,-1.4101839303735666,-1.632249107606389
-0.6348246301063124,-0.6186084118464803,-1.2455465085965731,-1.2248257537055918,-0.7636703465889876
-0.9092532719857455,-0.01625587312025146,0.365250063164374,-1.0201495761559956,0.16233585254659014
-0.05022329028434896,0.17924198305185726,-0.41826502226823215,0.7335999734479379,-0.38096847016386315
0.15982512368907664,-0.2737983207609023,-0.14859806193419559,0.4075880559464714,0.5087555500855299
-0.8851785160626109,-1.3427694056116384,-0.894769043547398,-1.4948722535264507,-1.3628491456345395
-0.3811475274600988,-0.9760368000609928,-1.2092338265697566,-0.5549695550164773,-0.30035730667493765
-0.7716857413557374,-0.9901314980345628,-0.5239098951449007,-0.9412030661030024,-0.8179700607519893
0.958333762064571,1.0474293990566235,2.5668073787035524,1.3490594157119409,0.8210136348148299
1.190005734025514,0.14746407068782072,2.216955561710136,0.48885505541092794,0.5940839883384148
0.5702583440184278,-0.10006325258276619,0.6698932936248403,0.9845232240488403,0.17370573154036847
0.996614763878541,1.1994961359825105,0.913781250091695,0.7120632491367227,1.0776331743028005
-0.2617134351618013,-0.02852441135384681,0.2935027831603045,0.6277674942424727,-0.11360448193273326
0.4907060424751113,2.387488047632768,1.6293012861680536,0.9152884716664381,1.7749352300606012
0.7123702002978611,-0.8748868099989953,0.7869746240729638,0.00791596991510185,-0.3071275906949063
1.5025840472701748,0.6516506122056572,2.0071301734178486,0.837787568721473,1.4295006840496556
-0.41176796213487377,-0.09568188899790342,0.47184059896223346,-0.3137060171677484,0.5813463932974222
0.21108010189881846,-0.8612307179566173,-0.45517593159100617,-0.5679550133740066,0.0802410883697521
-0.88776370955705,0.42769985651387393,0.49687666342894804,0.6474479238856774,-0.08847237986124523
0.31641344619931844,0.16016401321917698,-0.892052283044663,-0.24369536437645575,-0.39457883078519673
0.0006216307620899888,-0.4677263960095039,-0.3359665461550357,-0.37689655716907794,-1.2890760709881606
1.0386998850529015,-0.23726975452866997,0.04815952762436588,0.08464844261562027,0.5959242295546001
-1.518231304815833,-1.223303677421605,-1.719144223094964,-0.41640421490825524,-1.173353625933629
-0.5130818750012515,0.03045246659568349,0.32474947784235936,-1.247506118020659,-0.42193007956345163
0.47829271663592476,1.4928044411864805,1.3754391418238205,1.9293232343566238,1.0250279007506757
0.4764645072034587,1.0710071606172267,0.5867891559468424,1.0177815400959178,0.7323828972843214
0.31582056126639846,0.7869477820129847,0.48189340170907113,0.0766810056920282,-0.2120567301335322
-0.2774054297434104,-0.06665540255390065,0.179489462353052,0.13414726266462837,0.6159990213676919
-0.5102905317658689,-0.03113204700050288,-0.9745779432212378,0.6298601766135101,-0.8130935040902904
-2.520420696452935,-1.0761101341120576,-1.8201355530242709,-1.7480226496376536,-2.384704273489517
-0.2588264281866643,-0.07531502939067242,-1.1407681790634443,-0.42038594844709914,0.5217505758330737
0.48449062993186026,0.17281519503887283,0.7385627904775004,1.0801281610352054,-0.39786221781068387
-1.6105702924666472,-1.3632752730833608,0.2647218976388554,-1.605827490874614,-1.5569668619264991
-0.45693002379805314,-1.6243172991262367,-0.5154030471741465,-0.7929278607626371,-0.21182243282530308
0.1185953976019448,0.08239743132008483,1.5937147096585407,0.31145448266916576,1.3618045477068534
-1.0504635377020657,-1.0395004705149455,-2.174768991489517,-1.4675804394887375,-0.1031547382779672
-1.4796333589607717,-1.2319489734116955,-0.7550515150240544,-1.0921411891924953,-0.4150684088919348
-0.03791439664982753,-0.7779052865924672,-0.7152144146562234,-0.7000284663867036,-0.34461769854309865
0.1361792855575968,-2.9433167137899856,-0.2833771111765384,-1.6543447835410432,-0.7775598751375102
-1.421893421720463,-0.20301822605413902,-1.3569054791498665,-0.2007857768394408,-1.410632415494365
1.0503726026246463,0.2571851247412787,0.6747066300662805,1.5134954233031805,0.7088814417420617
1.1963061856644053,0.8189357286466943,-0.1657202300259747,1.5199587758984876,0.932861074126399
0.05265858605550796,0.03165577129051537,-0.24618831795809185,-1.504010651192483,-1.1791656206854708
0.47876856258686773,0.056330195098702775,-0.9411590707394824,-0.2610839383101062,0.5721537550063261
0.13196128804930504,-0.06490272974598527,-0.8070315217769922,0.10701361638720745,0.3784510155279967
-0.09117929112829885,-0.05249296703422639,-0.8486536347330363,0.016539415236095558,-0.283950289632231
0.6313153298671444,-0.26189043966379505,1.8382912108457852,1.2844189185205512,-0.08380293737331941
-0.7638517800425051,-0.6710506375282521,-1.3413576265154001,-0.570161324330863,-0.844736536377608
-1.968887801725259,-1.239047245420013,-1.3011333752113703,-1.3507379596684166,-1.8859774919092647
-0.30585264549789626,0.041480145741738604,-0.2024358652468868,0.7847700075256727,1.0299570338074389
-0.02179690042463579,-0.15234555903536884,-0.16369380840380404,1.1871771561505478,-0.17138874040045485
-1.7902670332427995,-0.9096940031983566,-1.447788631472699,-2.604409572548351,-0.9909921311474613
1.6027941642530106,1.5558137915967907,1.6526243205133075,2.332668073815052,1.1475077747741835
0.1912469652035369,-0.9063812153972576,0.1478745744914595,-0.8235407529924896,0.16852476647503642
0.23909816718677715,-0.13644304607316649,0.21873861029648436,-1.5996090796936715,-1.0114295315920279
0.4066618463445887,1.0236539409563765,-0.44538879561917566,0.7546664380340263,1.0869784928742752
1.0239937881439853,0.29597838354786005,-0.032557191851672475,0.04737853241307818,-0.1599666933232049
0.4472388835983167,0.23315800204081402,1.62375915306089,-0.6051366296973821,-0.13412909780458782
-0.34133685460752156,-1.1107695822085206,0.20916101814903612,-0.6805183605733456,-0.05897775431566593
-1.10973192777681,-0.8582200215880138,-1.4387988200041897,-1.1446582798342841,-1.8257561202776673
0.4593283977806978,-0.09116051878041695,1.2450222593036373,0.004842575559628509,0.5706333188002284
-1.5413190586243533,-1.33959934612345,-0.6522674664166632,-1.3873486122347634,-0.5407602942274263
-1.0239707273776353,-0.8197546787519843,-0.7079010923807955,-0.009098570321165619,-1.5418090646051363
-2.652787601274892,-2.3783203999818103,-2.8602826438984224,-2.001187529560845,-2.4300384368756953
0.3136704910703892,0.0903267451655302,1.5989896071235157,1.1248700881493765,0.5735870505905217
0.6181565346583628,0.8450477602193321,0.15008533157174048,-0.8009770090487488,0.748376548211661
-1.6217396302914553,-0.47159312803360637,-0.5894196610363643,-0.6815693146156185,-0.7254117714190218
1.6706735455856472,1.0122047121053763,1.6392955988804174,1.6153642840435527,1.3148227313193526
-0.6602971162803231,1.285598799479766,-0.08933320137685104,0.18436305651569113,1.7291230248969751
-0.6572400868873765,-2.1137938011579687,-1.3206612487489249,-0.7428830383008517,-1.8583208336395927
0.0362497318643424,-0.27417090142765765,-0.09809623201649961,-0.24136824137622154,-0.2694005253824679
-0.7212210430036022,-0.8633332384652433,-1.721089387268978,-1.2131361810825603,-1.4401751147278714
0.7052187967487712,-1.0019651532729232,0.6760711317552233,0.6101063479777957,0.29086440395750446
1.3144822202532385,0.9137473797802901,0.788333649845046,-0.0014173964954071491,0.1511918910425647
0.1825274791359061,0.8091392762726652,0.9022263635506486,1.2993943738080933,1.5672270544422047
0.2593202094886307,0.9950688134951986,0.41811123836693137,-0.06944299898275352,-0.253902627337961
0.5181205064574013,-0.4277332779901075,-0.764719110240903,-0.5000433345911387,-1.2296490386476444
-0.8005261248772721,-1.225568971143338,-0.09317589238891633,-0.36282698838589983,-1.3589216523328234
0.6071163383053254,0.4000915377471437,0.2966700635930211,-0.04160479205219465,1.1523305356976594
-0.4822521836874131,-1.1293148744110462,-0.2815559762275829,-1.5230835802262006,-1.4475407328657057
-0.26634533059579196,0.5775334558644786,0.7491658285966094,0.9215193307014086,0.08035255199282242
-0.6522004349759379,1.0415483222047348,-0.20634638221656035,-0.4758069694729277,-0.27986183233304984
0.2811474945586048,1.8255601272961681,0.19247745734397154,0.4786848000463448,0.47072585565159736
0.4390874902093744,-0.026764541079448968,0.2720176632210817,0.6323609947795534,0.29507035698514134
1.046783311029687,0.35253023345568174,0.0791474185475797,0.0820709267629676,0.3586964273137894
0.8348846182723022,1.2891640758286775,0.9102124404427191,0.060228696136507484,0.1955855565811981
0.5363335138642423,0.8476209299454467,0.5377546695168811,1.392711836590242,0.21345803311410586
-0.4743717102817865,-0.7818000513551148,-1.0072419713808132,0.14296026981192742,-0.8672763046400915
0.4218478902258554,0.6323483627611611,1.6696305628008243,0.4242195493964679,0.47103980018811253
0.13205085313154108,-0.06964749890735285,0.2068272034844441,0.24449360468189954,-0.3975635222112858
0.030568402662971558,-0.2955486854261468,-0.3721130267160708,-0.3982518897363178,0.19833926974635185
0.7054535427427745,-0.21120571791891354,0.918884723435134,0.6029984642017945,-0.6850711713932203
0.18749704232679623,0.8708878425348581,-0.050659875397139495,-0.11217404900628711,-0.4696053241515043
-1.7555896751029567,-2.876890777857325,-1.3716159286717664,-1.907460922623867,-1.862488128249804
-0.7681835572772983,-0.9817476511701047,-0.688070716266874,-0.23759633684014614,-0.3810504660050342
1.6572155484567412,0.12320261412218236,-0.2675508586463674,0.4823210411889757,-0.18792497496081526
-1.8312630556372844,-0.7828230693581161,-1.545474427287667,-1.3431427726553726,-0.7527783114611233
1.4296487503785884,1.640789015410697,2.3095887834748448,1.5985718282464387,1.0914681741525243
1.292845930493534,0.7796741653290078,-0.11449802042096707,1.810546283468398,-0.026619476569924846
-0.8965407308380451,-2.036769867895772,-0.913674855860491,-1.0156051733428233,-1.5902319511118883
-1.1205543518806307,0.29121266276604063,-0.9079305373892327,-0.6387831818854723,-0.8431673045468174
0.6776784152806594,0.18770038278550555,0.8130050405157411,-0.39368272262061127,-0.14695758304478587
-0.6866671433873395,-1.53543058532413,-0.7742554466033535,-1.2848228596021822,-0.8780546844543042
0.07207317735437835,1.715054212761347,0.6757090943582361,0.9550032656826121,1.4602668512402885
0.5898920418237373,1.896259827103261,-0.3928503190494371,1.3081828710213397,1.741592366840124
-0.003938720547238076,-0.9932124361760587,0.07415372692105276,-0.9217252992332413,-0.758007346466142
0.298791288633364,0.1994228805661377,-0.7793659813313504,0.4097857647914294,1.1518211100246787
2.0317241598837708,1.7060657768443046,2.348492484811679,0.7004992173366137,1.5520011426124425
0.3902571502478815,0.2232597230368347,0.16205677837920182,0.717497456057954,-0.14014567297820477
-0.5745203126176149,-1.506727134678516,-0.628416495754474,-1.1768251317471967,-1.3686909426988898
-0.5784477304024949,-2.205577592648265,-1.722529319994403,-1.094373511447692,-1.3339143418141803
2.0574843594823435,3.1401947253284193,1.893386818054197,2.369082972754995,2.4236047976133013
0.9227536495992238,1.630807650911344,1.033127664390777,1.0237661478249995,1.8924341527337416
0.6018978832512735,0.6145969744705692,0.589441593428918,0.7187856048820916,0.9534307515240967
0.04367336254091794,1.2154569341317725,0.5126858283180089,0.21538180060841527,0.7216161276958492
0.7017227908913272,0.7753247186726971,1.9713842585338157,0.5367430595803723,1.1973392002217618
0.5085312324891024,-0.2513822807865081,-0.09179430027126342,-0.3362302912770042,0.4570841136031174
0.1134772682150785,-0.21178403165827092,0.37681124626506546,1.3187259531365567,-0.18765092561436583
0.5239958482082561,0.2198428852590765,-0.798316959254783,0.7069525767300915,0.7508758282944733
-2.0532426211893564,-1.4202190987481746,-1.8021020411694626,-1.2105988671759838,-0.6936063537186029
0.20760440335606595,0.15224696222654893,0.7751648496316166,0.5591879126707487,-0.929356645357477
1.2003498478732366,1.2613921327105084,1.1414228980285561,1.0972015091225278,1.7429583547128118
-0.6950632548147939,0.06603495906208484,-0.9697558883133703,-0.42373286585810005,0.09269510657334011
0.017862977520644457,0.5385804575209745,-0.4347854608335858,0.9982051389184389,0.7223262459015518
0.11062454824077417,1.0541621050940062,1.098056987488404,0.198574670844215,0.037864288808234024
-0.8511488181324618,-0.14816108015711393,-0.6009695570171825,-1.0425450203177036,-0.159773177325192
1.3275114769064649,1.4283396782958577,2.719244489479013,2.9495855483510067,0.8704900008684661
-0.4604419918564692,0.3115990330129568,-1.1425781971247233,-0.5169452444121782,-0.17152631990271855
0.6321701347930944,0.00983377016751115,-0.921937516103527,0.695569831914075,0.7450035851933755
0.9507415880612942,0.6459016925989346,0.7215733423277136,1.0534839387431776,1.0875153450516593
-0.1945009269414769,0.20683499885238524,0.03640156203944848,0.18043055514730255,-0.7177941264662374
0.7435817043553812,0.0626052075021047,0.3495664112665958,0.06728846260609726,0.6279236960293051
-0.289180018502709,0.24147366771096185,-0.5425008887550097,-0.5002447171930684,-0.20062237006415923
-1.0348523571541484,-0.4442563974345679,-1.0829757567258746,-0.2111517794380482,-0.022313322981025886
-0.8177354380701426,-1.2026865324394682,-0.011236099008816296,-0.20842002214659652,0.6621288540405551
0.41744415933120466,0.3415914688156229,0.40634145764652163,-0.3952631988350049,0.9001534292700692
0.3812344448459193,0.07237251430769087,-0.35050729237691913,-0.07495733734713203,-0.03174816327204517
0.5728741774431445,0.3619315503572489,1.2847290832827887,-0.07670512538269139,1.0001840271483882
0.6775509292316825,0.9357588318383142,0.5205222457989666,0.8440917708040571,0.35891212619241974
0.0892802553331863,1.2055761362962034,2.287128985289516,0.31049855477308735,1.0154186249580628
0.476722116300962,1.4352488216226023,2.0460028348970765,1.8864542559934725,0.7552909220012314
-0.18719754387493284,-0.37648927432430335,-0.8887041467611037,-0.1933865597340716,0.2531120715367657
0.07204576135396495,-0.5451196536433579,-0.6791846428570719,-0.3760884382957646,-0.19263891256137225
-0.1447490338309576,-0.48211782103505824,-0.4356741417774919,0.783581041034861,1.2469573508963843
1.1690442787740005,0.46697270974081956,0.8753817052114959,2.493527784186751,0.41626915321945973
-0.5908472064002777,-0.06635032069170355,-0.7172653145009233,0.24287065498026725,-0.4270944638559516
-0.09661648841448246,-0.02941472130363882,0.6364808833907117,-0.570502928606705,0.05934030589924022
0.20344629214169904,1.1707798473374698,-0.4469102531412176,-0.6520308205685041,-0.09511610992850507
0.27707226666881807,-0.08496785004802977,-0.0458879304683481,0.8935961668436214,0.5937018142261841
0.25629298172950976,-0.6462004681420467,-0.11726951608143013,0.4319879132555493,0.15797106240161535
2.251614482664894,1.3847720659791911,1.4020900138183352,0.9294168265747911,1.4331466150149303
-0.1678885952934965,1.043987949872239,0.10978491899114677,-0.7101870602676914,-0.39719695613991157
1.5053490169813717,1.9122740717790125,1.3802002592770648,1.4381545990727327,1.4683837977117506
-0.5303838511874006,-1.0467645475974727,-0.9432053682899046,-0.7694923880033585,-0.9502711757694761
-1.4482335635823829,-0.38489780526654965,-1.188192535715007,-1.217799459837337,-1.1033344924558546
-0.6110804034360019,0.43317901470539516,-0.5323263235321744,-0.8049527666371861,-0.2508305406339469
0.028472772026736343,0.7565837440037194,0.9916605107146638,1.2463894648490512,0.11769614002201041
-0.7843984564625148,0.5349538598219993,-1.2422132325185415,-1.4207887336618983,-0.7893514440124785
-0.26087189717893794,-0.4904941481984611,0.2841066190292457,0.9174024658581932,-1.062981547945814
-0.9279314392704447,1.0358611616871674,0.11199492394250009,-0.2029038101320921,-0.24707602170101203
-0.3197575535796601,0.26445897123944284,-0.4994633647199457,-0.9626842695034635,-0.3064353295822254
-0.20432389574285043,0.9580133945632334,0.11321399047680328,-0.15697093860248992,0.7560730427497986
0.8160205205598042,2.3851778782024913,0.2796091463040484,0.09488345409436098,1.1302344779969697
1.185329692060789,-0.17592493361364914,1.6955284032496776,0.6720845860407578,0.8942527608063083
-0.6409393063399511,0.6856330748892494,1.1826740960109594,-0.016048743766543104,-0.42373182669909626
-1.514722444563452,-2.5217703953075974,-0.7291110704559336,-1.5972539624730695,-1.9234848215509428
-0.6192114966572858,-0.10350128535064526,-0.5868274241828255,-0.8223682798278064,-1.3415406708891429
-0.6276420826637377,0.08579099758357464,-0.22271588466084768,-0.6221824764851365,0.5226564692869858
-0.9205213630741225,-1.4165151809968275,-0.9466126856136869,-1.6641877650811443,-1.5102207772040783
0.7634738591631411,0.6267007855713227,0.8778921975959492,0.47600401336697384,-0.12971618133224277
-0.1393400497495532,-0.17582904580547296,0.6672041085170158,-0.3916607905646257,-0.6239132305016116
-1.5176691730787903,-1.098562430851266,-0.6262998328821554,-1.361347489005503,-0.8077541398812649
1.5259360480050332,2.1491038822061395,2.4401806302519793,0.9013184866421695,1.1097693240476834
-0.2617946936580376,-0.1563633322593646,0.7720146222667911,0.35295317808143045,0.1845060760448663
-0.06737987512752508,1.5014835823921435,0.46367181572976696,-1.3207319502029686,-0.17615246464811782
0.7414143857072947,0.9534296862551784,0.6261579604371015,0.9538728129965134,1.5934394784843346
-0.6858924415147951,-1.3294628864361542,-0.5901471618804203,-1.2425236844269538,-0.5753474299681189
-0.5471392143641045,-0.08645581910991139,0.7866833359599205,-0.4457951668605941,0.7216725260030267
-0.4496535666070176,0.7493959395022178,2.073153766277523,0.7714428563709644,0.7669550657581466
-0.5884690058714148,0.22975922120693798,0.5342105192220271,-0.7102196608640209,-0.7639549013141907
-0.28690725122412614,-0.17082393692594955,-1.2525587993501093,-1.7534777527132699,-0.988637618920658
-1.16017007611214,-1.72785622642715,-0.37353650136453836,-1.6051425774584995,-2.570110031837272
0.817025588693129,-0.05368942673042842,0.12708036674433962,-0.5335948727461867,-0.03980983249414124
0.6628339867500636,0.22795188688042764,-0.5376310548859778,-0.8086672963298345,1.3503911453910011
0.5028366093001481,0.6026990016597519,1.1487625732821292,0.446990888178783,0.3796185049123069
1.235822758754514,0.2632000683743634,1.0922265153123232,0.8376851827376688,1.742371783165719
-2.369943490507133,-2.0878532905173235,-3.3616385859611557,-2.2910700201895184,-2.530866443600859
0.06359458154424075,-0.6975017099917495,0.7745288117912896,-0.9316875628862293,-0.557738042154849
-0.13376566605768428,0.354396147284756,0.04486308233306856,0.8836889272974606,0.2360891318722965
0.17026754173911143,0.7374647961706318,0.019980664676255793,0.6918265808766886,0.8076829957525313
1.9267208100911726,2.5711435041319115,1.6015083357242659,0.971835033768583,1.8736555062228089
-0.504013274498288,0.9343260754088982,0.4643378594921032,-0.15832790975701247,0.337694027600219
1.3456063933361573,1.0076055925413048,1.5418277457832967,1.7926467121895127,1.1746377197476279
-1.1707238223415188,0.4916814988729213,0.22478697907079953,-0.013450970105272277,1.0920712657531426
-0.5219824627806566,0.40232683378765804,0.2284960225989,-0.801084996494529,-0.6798739402097368
1.114112795959777,0.704493674981038,1.0905321780104262,0.7637341297753738,1.494806824967898
-0.9733838195643613,-1.5066871664242827,-1.6812624252179365,-1.3993582303702952,-2.6063196877345916
-0.8203176543339048,0.223867705287354,0.4812261939247715,-0.819867021776316,-0.9861015526838688
0.27468597941222633,0.1779662281467856,-0.39734083259024816,0.1574625603317186,0.8118460641761021
2.1661711745280368,2.593768223532428,1.6647324104392538,1.1782778583837878,1.3848518338497116
-1.2658912157382205,-0.6109602290257615,-1.1924835209244504,-2.04233116393122,-1.1445205089448314
-0.6661276314203721,-0.7684076169040113,0.27154778384924483,-0.3914091137757755,-0.01791979037320694
0.05611387424156936,1.1367357571453383,0.6022396435061167,0.6371104095908734,1.0766116452837073
-1.6305336949255167,-1.2116648936648886,-0.8523500993268088,-0.3515977269045848,-1.9949843264989258
-1.3120604445809774,-2.223110290755889,-0.827063931689777,-0.45924262798961557,-1.9772130293134318
-0.21236473935555147,1.0469277115480056,-0.09886907824121624,0.33534261908896124,0.34145481913769204
-0.4159104717896817,0.14305771359578798,-0.2765174882968328,-0.324309639942428,0.313049961325102
1.9304979557762054,-0.2624857130208862,-0.053787002801513266,0.6251352571547368,0.7059701528665328
-0.8765757749274463,0.8579332950999602,0.33447401064990406,0.5842756586803458,-0.1212750813760641
1.4602381027522933,0.9222281325591455,0.2779544017559506,1.810136259483622,0.5242453122982144
0.6695211205353975,-0.6629429596462084,-0.038153285049498914,-0.417587959483809,-1.5784208603721743
0.1597584007704798,-0.050189497983851486,0.6904947366316502,-0.3807778933889383,2.40940096641958
-0.32778787777512985,-0.872896130540593,-0.38228847306591507,-1.3294462067422312,-0.6487540258852003
0.6143243155348499,1.0566402042031975,1.7169010275476548,1.953794410423676,0.8263742845671759
-0.019891677460656006,-0.3852135811299303,-0.14697485712853517,1.0895633689088533,0.07261750427696002
0.28677166011393623,-0.38621617206598347,-0.7185341767161291,-0.3705415843466244,0.07125904885074406
0.6863114811104992,0.3906868946955816,0.6438681530281188,-0.17146772355101608,0.10858244689501835
-0.7941325262194415,0.15678653669013615,0.4175405171315092,0.45460735427268956,-0.6442937641943017
1.2694345991786222,1.2801994898397007,2.221002280846132,2.25732245834509,1.6400007578274578
-0.12736226113573004,-1.753116050539327,-0.12127156436947499,0.35241630290181974,1.280365181086611
0.014779758739864918,0.19530401927632676,-0.21202981043039598,-0.3584054108449463,-0.10986408656693518
-1.161873833707247,-0.428352500178111,-1.6489312774825693,0.4336217960693935,-0.6467479425321682
-0.4616057037804242,-0.9523877489949063,0.12537506190965567,-0.9027768489541055,-1.0010024574939351
2.213391583633141,2.7923528597751157,2.168266502801399,1.7738421042491186,3.58704595789329
-1.6473988271804558,-1.6448308512845022,-1.7786249243400738,-1.4436269531809511,-0.5908744676344372
-0.5553647837540331,-0.7330142611379085,-0.3165938201646912,-1.3730714432770168,-0.4765307245222751
-0.7967829359097314,-1.456391795008844,-2.307950370923395,-1.5799962633344298,-1.281722266493105
-1.7476308679696007,-1.8138791222677115,-1.7007233092171634,-1.731492021376698,-1.783425285119681
1.228192919925226,-0.468639151879974,1.1548810957141205,1.0448097115640256,0.321185737293419
0.40662344687336555,1.4914757681878263,1.3946924899838873,1.168830847098719,1.5111719634045966
0.26996357913260927,1.420451300068055,0.9561195512823052,1.257266969997918,1.3919720559534774
1.5644388754168623,1.162168930448523,0.43758537046276313,0.3965803043237949,0.36017635480531285
-1.113883694472221,-0.8215441697227627,-0.6356005816047937,-0.47492879643419494,-0.7254403493158884
-0.8279483496171671,-1.1437049823840693,-0.5306287144688492,0.6112378078834849,-0.6345821620564344
0.567738890326283,-0.2030572213816103,0.30413696991586187,1.3167951843202805,-0.20537450129463755
-0.8181912363255971,-0.706056764781793,-0.3197633137332142,-0.8999231723759301,-0.7728375035035743
0.9531334613798229,-0.3450880029288122,0.4293576463344541,0.4626560267873559,0.5419785207544575
0.9727546721724746,1.5012653602395323,1.1092198044293229,1.0955397528139363,0.7156322688449713
0.2075404105567088,0.12304373064365448,1.3130276917848267,0.02842585787674482,0.8950118557343286
-1.245931181893374,-0.6824166664013658,-1.2151250916057603,-1.5667352194024415,-1.217946718895468
1.0902361996585097,0.9750890096185796,0.38466514830868637,2.5139728725186035,1.2491546602708292
0.5550946229725195,0.07257058571585434,-0.27352789655400317,-1.2830736644541247,-0.21293277770127528
-0.5448188955441575,-0.42728228322275397,-0.43597440045734376,-1.0607869564970256,-1.176532388053936
0.5112285015252244,1.157423676599045,0.8452860228232562,0.18243946982872317,-0.03731839549628067
0.5855953875582973,0.4615066820458241,-0.20396569392069525,-0.5333613656463042,0.27037830166315036
-0.3847713555933768,1.501938446554973,-0.3009841008461535,-0.4964894917367585,0.26379862880935917
-1.0214695651148926,-1.10015680413878,-1.0944551156823443,-1.2658824907423076,-0.5162076124606262
0.9875237409404536,0.984604832839189,1.78625224269129,1.2866697544046033,0.943273006056193
1.1772306397603027,0.8710187538103968,0.4683397152541368,0.22937518939974913,0.592499420539702
-1.7338229731859698,-0.9733309604472709,-1.345321495563873,-2.0265265081040353,-0.6840742295228964
1.4291532009196606,1.4929138367764823,0.10867882386761842,0.5795383610714508,2.0567041450111954
0.3592921272864823,0.9737202929829749,1.0210603972176735,0.6427015766490658,-0.6188237461358705
-1.7159888723183243,-0.7628269034800412,-1.7375022293653026,-1.0826482658084529,-0.8511160297638884
0.3257010881570855,1.0118245007310098,0.6225915753130218,0.5811977641616229,0.4901216863593057
-1.623434872923818,-1.2891683583026117,-0.8994681217238423,-1.489295201629737,-1.123843222548069
0.8539014287333411,1.5798938183273088,2.400397514025609,1.7322553744006661,0.8077062284820112
-0.7479902170672093,-0.8906074225705445,-1.4021433013685405,-0.9385796250061851,-1.2081482064708746
0.015399456570782295,0.05223482045144938,-1.222781915171536,-0.07937205410264017,0.05437768620532202
0.8364600658503071,1.1888838693800157,1.5952226745585545,0.19820111645983207,0.6158699471556718
0.5949226448733284,1.2015045956905988,1.8545770702629631,0.5420714833145551,1.141866539224411
0.07135712115224534,0.8401158050872047,0.362654408918403,0.1781595588602002,0.6115494996518857
1.4774227441869183,1.1482434320756283,1.1293086291970942,0.8086230386474201,0.4015434740160579
0.18810086344128643,1.0503869672070265,0.9379767994489168,1.4104156218278092,1.424997043059184
-0.593329877409776,-0.4084929703097813,-0.5433259807230727,-0.3583094171541885,0.14265922769540837
-1.416330575638228,-0.967305543146865,-0.37336580694870736,-1.1775734384759378,-1.1117953354697307
0.3672131025849266,0.3231194067969701,0.8849588337230946,1.5678765560870032,0.5435455086666044
1.0266578070205155,2.0548514200789647,0.526593053432637,0.23730288366938584,1.192758198661106
1.187738117775661,0.1719935266855259,0.12512461723130477,0.0890550356575746,-0.5849150233361147
0.07167124064721753,-0.3843996032451032,-0.3303557408603799,-0.07185800129006244,0.1500071935658912
0.5061331577271635,0.3549613606012895,1.1773574527681507,0.09254937347710555,-0.03157317132730559
-0.025134560946932873,0.5490298863489416,0.49952724536926024,0.09010678156846327,1.0763876881027457
-0.5440130275190062,0.34069922312072887,-0.10005684337138279,-0.8502973234081053,-1.1011387134002624
0.32553402796923675,0.33776683142154074,1.206731665760096,0.9031744978908959,0.9366130331141128
1.3895947428030193,0.5727360490885026,-0.20527230088696755,0.5463056549342736,0.6655055835497578
-0.9998132174874891,-0.3839940262575342,-1.8377537470545209,-1.333941696064416,-0.8571420450600075
-0.9627909405128728,-1.734205904638735,-1.082175120728416,-0.8194786446039724,-0.6518407995022215
-0.7011790788259608,-1.0906554511976452,-0.7626051214719726,-1.5509023242634854,-1.7820194273716912
-1.4155221018948276,-1.494463697172778,-0.6754713913706911,-0.4706551890472581,-0.43274738477711794
0.8173553966996143,0.7548022930079142,0.9235855650911727,1.4415743708410333,1.1045999763456888
-0.19015150394414446,0.5592281106786036,0.6911477307240725,-0.6882814562071479,1.035228068612875
0.9339227162542629,1.3791336546409478,1.8878136166860249,0.1989968924688994,1.179805583297139
-1.0536784218176887,0.19459941126988023,0.5914765843434613,0.14450529311437718,-0.3001733790293097
-1.8750836611455528,-0.4023974342586682,-1.4699888989555874,-2.3217703767716387,-1.1931458101294286
-0.18486226929415484,-0.1543747548136942,-0.046666817339463484,0.34428998585283294,-0.16021332605686905
0.710910944468662,0.9427157703897429,-0.25779067543945366,0.8089702034872757,0.16243265752344901
-0.137809547451561,0.6855404233796843,0.6469545146520709,-0.27303639623943776,0.6169874886352796
-0.4631929116710562,-1.7060793611136882,-0.7411309477783767,-1.7052213600744233,-1.1203133936226104
0.6113434716363308,-1.590057396380598,-0.334917310830626,-0.16780041119357472,-0.8277599777506043
0.1503542396059706,0.1765187172173077,-0.2962193874984688,-1.3442357839200143,-0.9642868407242294
-1.246904438215725,-0.9921428817042037,-0.971377357015812,-1.3335583151889923,-1.466813524128049
-0.3800071496673697,-0.3502754514930351,-0.5670513666012235,-0.9923767155957877,-0.04944525766338987
0.9455877152757487,0.07105086572695156,0.7879669452126595,-0.5816576554118076,0.5782262448178446
-0.01756866431030236,-0.2104511911382127,0.16070187819449513,0.7899344770919552,-0.018858775850226352
0.23910805759250933,1.1668736265577202,0.10405476860703596,-0.5742887209811655,-0.3143902864821356
-0.6698842112243545,-0.715955743903068,-0.10304918887634293,-0.7163510751331207,-0.27650094754535964
0.7227150019042495,-0.5802170115098415,-0.4231945327833276,0.4824939080529205,-0.9765054643526092
0.5049904865699572,0.35985219733101437,0.6119293302447393,-0.3525573063504498,0.7324678846402249
-0.029823144280346905,0.07176413027899661,-0.43273236722069347,-0.32009524989117266,0.30116936297172814
-1.1329254467907437,-1.5406981298880593,-1.98086179653722,-1.8058253962297464,-0.7777580142242745
-0.4713441358415805,-0.4716632387695998,0.991492394505194,0.12816623318560136,-0.45968062247793817
-0.19606610553496215,-1.0241463017299488,0.3305605629394293,0.6514493348229013,0.40467099930467126
-0.07851185590745777,0.29300244191514835,0.07302645009322876,0.13376610972923061,-0.44306639918414037
-1.4547829645451298,-0.301105150267197,-1.1049065410946002,-1.528730056883465,-0.8898756995824075
0.7796921266742836,0.01754860395276848,0.22021654145781533,0.6868305341693266,0.09769935848864775
0.6544814088552873,-0.2684439581676318,2.246151132279884,1.0968164206417215,1.2793289286413514
0.3322030810489234,0.05169726071498625,-0.22774198785627234,-0.12807925908280446,0.39991124878996465
-0.7365201329634617,-1.4649110126263214,-0.3744937746030099,0.030113758733984818,-1.1364959013468683
0.20740048180679074,1.2718983202365985,1.3223337004486444,1.3403544551283113,0.6756848321498373
-1.5692698923086656,1.0726378234887668,-0.3298924089111773,-0.8700605265006705,-1.1312610848841937
-0.9961853629693457,1.0479972777854165,-0.5018754341416012,1.1761042413794474,0.15132949459546682
-1.5022208528186884,-0.0342699683070314,-0.6326406551927827,-0.4966068479589218,-1.1932622768827308
-2.1461960448628887,-2.8266470944705757,-1.0892536347879924,-1.8869139951426908,-0.811578530898482
-0.3365756851131897,0.9532529809394372,0.26290986468626,-0.007159848618618535,-0.2776014054882704
0.17537055596331416,-0.4888883863348958,0.19514743447364663,0.34745126716252955,0.13966397626647892
1.149859594861026,0.7929664245691691,1.0721123301059723,0.8541057872699896,-0.004674186527920379
-1.2392546870930174,-0.7916149298470887,-0.9344116067010394,-0.6503363446328669,-1.7091640669193693
0.9709869645259033,0.8946933944107966,1.6270876874795597,1.4238896362151994,1.5099321073547511
1.0421276505744754,1.6342813695936393,1.3496563020069152,0.3986067069620818,1.56039475346936
-0.7043156383673733,-0.30552698001704703,0.2955955186081291,0.710631118046111,0.41971026993897376
-0.2414934048356053,-0.4746602512136266,0.2125900385134184,-0.1348886463810708,-0.5635087058105995
1.6260514554437684,2.1934647833355645,2.365208669058692,2.9640872480421336,2.838601731579886
-0.5929496447019835,-0.7592928633607242,-1.5374084208366852,-1.1837151771432917,-0.8108999548954066
0.3503582292063768,-0.8770433693699108,-0.4847656023211225,-0.45079382189634465,0.11681846769612005
-1.4999198379988818,-0.31852284425249094,-0.47196992357159745,-0.9775563977555156,-0.38489804171498493
1.1973523658069674,0.9689812669114173,1.084625426213606,1.6855082659945948,0.7895225822470363
-0.629491095331588,-0.8450245727397664,0.3357116438488835,-0.3742158531815648,-1.2984747955903244
0.865465390207474,0.22489123392187624,-0.3138300380748297,0.41428691730999856,0.9741076242750536
-1.0506980326353001,-0.40035701417965736,-0.3846451542550642,-0.9129123620079387,-0.6397016009464517
-0.46340578715057706,-0.2689930089797971,-1.1521596627241875,0.16829202564716653,-0.6847243839853586
0.6542186863275182,0.12904176301293244,0.33555466781241206,0.036536130842145326,-0.6102421694434601
-0.6237869430296655,-1.6528245895509954,-1.5947010152402075,-1.6357505426014047,-1.9094100582991242
0.5420784818923763,-0.5844078972112621,-1.0744408069191391,-1.211306173557859,-1.3770022475744481
-0.38035678245950266,-0.7077379355146367,-0.5019701303871824,-0.9278154612752241,0.2855289159334322
-0.26294923837451084,-0.6492323737894719,0.09858225864091862,-0.0850435704087951,0.06204605624281923
-1.6859730438844254,-0.3042007761516426,-0.24001729851970388,-1.33438321756914,-1.1461249461642236
0.433937016344973,0.26837999696799797,-1.4584317367469875,-0.06983242997382712,0.3819941294743622
-0.04222048964977507,0.41665985558982754,0.1557647990712795,1.1237398235418439,0.029629403662460953
1.643117679400167,1.9090686589936914,1.6183178906038511,1.9013010533300494,1.7482307472978733
1.3550991976701434,0.7929885929908872,1.7148164134803932,0.12101310293446377,0.9450322833533796
2.1148542553696483,1.1827925657381013,2.163267579582692,2.0761253812442337,2.090307578333944
0.40646979486371404,0.5246100450473774,0.024049634694079593,0.5144779554344331,-0.2365778166443948
-0.2903616461990932,0.2569284729351976,0.7469304246915219,0.30932300446645156,-0.7206833195115628
0.32065132889496795,0.21568510233679936,-0.18237910133435,-0.044564877940799,-1.070211708188877
-0.9480460821618983,0.09279841168687426,-1.0062063154143348,-0.038189980561143734,-0.12862577697237268
1.3928588547985303,0.10226156235058549,-0.24159555571605673,0.5284781414892308,-0.08140024607096553
-1.0806209549840575,-0.6324679069769088,-0.9417906607574973,0.017077894036694186,-1.719670451627155
1.2514400117116293,0.7842969046630185,1.1404176338083252,0.4009082482065906,0.907049904880685
-1.3703124841114083,-1.359738286662185,-0.679953005413173,-0.9157950114029789,-1.3572623076598833
1.0323042153227622,-0.020483528691594796,0.7695382945949557,0.8950201169528634,0.0929181572244902
1.0435568591215199,0.5215191029404763,0.41339742163675264,0.7817707502763502,0.3707829907751687
0.16766556902349994,-1.1122619525039468,0.7672531960173591,-1.1800990147392776,-0.19135762381943067
0.7567477251845893,-0.4642642480428164,0.25683089885464827,0.19961483277950465,-1.0424721010421447
0.13495282254375393,0.17288882653218912,1.0126171642791044,0.9043787784820247,-0.005587050944353123
-0.8215790118519387,-0.9072719229836541,0.20357233311493658,-0.9294374414997082,-0.8965389596294107
-0.861923828936353,-1.0861318124857244,-0.7778453460958479,-0.42706515406827894,-1.9053870166704117
-0.21205506326109363,-0.2694139631613774,0.4241446785232484,-0.32680115703934226,0.3627077265246771
-1.3458634149308293,-1.459718900646951,-0.7300216847855513,-0.6864329083234059,-1.2747173488345338
-1.4632040678233436,-1.6248039289242262,-0.26163722058896544,-1.342589461432345,-1.2690174009744233
0.1925641388956492,0.9711196486596294,1.1214569114789856,1.1095001075441764,0.24259966250794063
2.344311265116147,2.187252168052321,1.9650664895671393,1.2352246587697715,1.3258124204754866
-0.1473866619200569,-0.0739636384349513,-0.7103789885352836,-0.004990513531436773,-0.7371456127384062
0.041688209245144665,-0.32107465244192973,-0.9459128862247583,-0.4791732378994932,-0.3540265271715801
-0.4835034196558173,0.48032972817104014,-0.11954479178190183,-0.3392756291218144,-0.44774685054161156
-0.33638946651347035,0.020606346258007235,0.004712991126985362,0.5829338545315816,0.07125595000424775
0.37075058979143166,-0.29998170473344543,-0.3541295470062345,0.04856368262188512,-0.42375265028840714
-0.1947395483537882,-0.677573436647042,-0.3099630525981546,-0.27824039620332647,-0.20272070469724385
-0.9877465998183761,-0.9844897792778694,-1.208845536042506,-1.9163741789259554,-0.972331645878104
-1.0909318934067462,-0.7638544478823938,-0.8038721018047943,-0.21558816225320035,-1.0955123888275062
-0.0016980289925738392,0.1435767672539746,-1.269850777122143,-0.09083589760930295,0.7587052049894942
1.0424324376793188,0.5966543433932235,1.3756627018911516,1.3913249542633699,1.7464118207200514
-0.8375383587751424,-0.720291053505899,-0.1783811847901085,-0.9567709070250662,-1.2274364110044411
-1.5344412800647367,-1.7528426044462342,-0.5006366372358938,-0.19178839720237123,-1.8524184898323255
0.7484968587160286,-0.04502554541677006,-0.029747890215135082,0.6892607178980917,0.7566755088857761
1.408673048647359,2.5795076179975074,1.9439650469711591,1.5803306303105682,0.6583118534516617
0.8010837942155311,1.1960025833081622,0.6705588286797283,1.103182330227317,1.5042501246136735
-0.8729255386601286,-0.8343838015601697,-0.9127630562436927,-0.000562726078372197,-0.2252991666348235
1.4151008860032972,1.8303679815932872,1.484942864548545,1.4094394867601585,1.5054376790921393
-0.9036617505709275,-0.06021765666173894,0.32833189897731024,0.1427681283151515,-0.34097959374270775
0.8614858214006808,1.1783879004207423,0.7275856753706617,0.9496499990787962,0.5159722559402622
-0.1735168896087895,-0.7709642046629526,-0.4041924190911642,-0.6187775607795725,-0.8106664811217068
-0.47595428818902075,0.22193271414406315,-0.3609359102282458,0.1127263196255155,-0.597238122263016
0.32263842216257455,1.0529833250400111,0.10502087167715529,1.031309673729371,-0.07798074703859614
0.7414139408989373,-0.38569787609093426,0.19743570375679795,-0.7000664056189474,-0.9382913984024028
0.18774781373451851,0.39052147665477044,1.1027379991439268,0.6812123255555025,0.5000959189674179
0.9673159420476397,0.046452617021376805,1.0797809918047314,0.47443865013394304,1.1036541953049515
-1.0981733452169058,-1.1345214716118033,-2.0674010556592917,-1.725200962589731,-1.6777218112770735
-0.893636570118529,-1.7389335829383807,-0.39655903234753503,-0.48896656330123117,-1.3843299721904239
-1.465612700924441,-0.5710586135801964,-0.48305128559399213,-0.5912849116712783,0.19207862512180005
-0.1999210815001831,-0.19643425112280835,-1.4880475806823894,-1.6598064553832796,-1.0061635195167253
-0.9057038986361913,-0.011901665551066908,-1.1925106314884106,0.90315092644297,0.05343291504275342
0.4078464202603648,0.22712539385580877,0.7947084852313614,0.7225653162023354,1.1402097465177152
1.2821727266816132,1.3664034606538553,1.668401032650298,0.6809169555415633,1.0842502734371562
-1.8065872484111913,-2.7171419635561627,-1.3085363737873084,-2.375837455489581,-2.1500094160362986
-1.045090659687765,-0.21082288772371224,-0.8071017711304763,-0.693965984183186,-0.06129635167495868
-1.7306988539886914,-1.0039378373154666,-2.120299978828328,-1.0184866951132048,-1.038042783963842
0.8566413731518517,-0.6190510876012767,0.5545944442112967,0.8737611088885804,-0.5193607753691993
-0.41191602427305096,-1.1519568349907106,-0.3853560979029855,0.18272746882941346,-0.36614240845343005
0.4434037147475934,-0.7107396295013811,0.004710175564509565,0.3727969840182182,0.3373729731809201
-1.0474660732528707,-1.182391275792274,-0.7259104302177044,-0.435323664808482,-1.360336402358743
0.630206286358886,-0.046815202974553764,0.8570242116305538,-0.23966126276886798,-0.5673373006418878
1.473393881115712,0.5171616367503306,-0.14016857157510196,-0.13905472953087597,0.13531174365343368
0.02274367209417362,-0.5903916403216108,-1.016062042299221,-0.48965425567306475,-0.1231316645736437
0.5011612911471117,0.04022320102642999,-0.11339938505849409,0.4844199442195815,-0.3811950350177724
-1.946191126289114,-0.020631005164338398,-0.7312175019161647,-0.42117260174783266,0.23007546754805028
-0.3937115265786756,0.5201837433664553,-0.44562494025921057,0.482143729898464,0.7259978265075144
1.1523690702723808,1.3134592733015502,0.8308060015101236,1.6775200351644326,0.5544130007737367
-1.2538716729448554,-1.8981589387649858,-2.9915340034118323,-2.3938656062244252,-1.4624259933299135
0.1283487996007418,-0.017102646189362115,-0.7113580112181159,0.856051082112993,0.2764154056909822
-0.17128735373157994,-0.4364309422469892,-0.36765378721548886,-0.12658013163473258,-0.9196629530744157
0.24013857878525222,-0.6990608594928384,-0.28159191003842104,-0.5695500809750751,-0.13143270623793996
0.28811487208576864,0.41055666976163796,0.41578069654394484,0.5245859953753413,0.6989791788497682
1.7536112657505452,0.6220154301620211,1.1749345892810974,1.1150064540746847,-0.02445135074115575
0.09551007403600238,0.6993352766391187,0.09599982062044499,0.032206250483608444,0.3116297646984408
-0.5250963627524683,1.3409280550182168,0.8181519514467853,1.5864484588666021,0.612711245917607
-1.1911164004738546,-1.5864183317890603,-1.4064456800333127,-0.9773053160426031,-2.267998184657038
-1.1196680844503848,-1.0688542221550703,-0.741438767664784,-0.009071640954374238,0.15293331873880328
1.9177426740888266,1.6882530273428782,2.709765441624837,1.7363595701158572,2.3028720264546543
0.15289253373694175,0.37523530805696864,-0.7077949619825854,-0.13849913152077709,-0.36419142836520146
0.6310259573429333,-0.2539549449935881,0.6888147186993201,0.07421736461739803,0.08367060053111003
1.5231750066734204,1.5756083567371093,2.1455368163977915,2.770635805155826,0.849392920483932
1.846734890502491,2.779984747455871,2.0176158144745147,3.0566958350865177,1.803228961636223
-0.894466513243615,-0.2458308015616759,-0.8873191099369574,-0.8086607875777834,-0.658937237798241
0.11642148343070857,0.45743173108407975,0.7783483564658698,-0.06740770465138901,-0.2233932615727045
-0.3461120823120027,0.644945853241665,0.4955147044478627,0.7284455810235031,0.5242460863734146
-0.37594238190335166,0.1388877995000352,-1.218835384635105,0.23369468549190045,0.5142004986397335
1.724986618814296,0.1839285242381396,1.4773436567954146,0.40243664034956517,0.12282466699608328
0.722858566603384,1.0906154769815481,1.090895460354031,0.3564177563574522,1.2504965995961874
-0.6451377769695414,-0.17417456099957432,-0.5262351291685455,-0.7120906069778086,-0.5625255401040792
0.06315731483996431,0.613714102742091,0.4744968972778198,-0.07102441590439333,-0.1796777554749229
-0.11841737031276396,-0.4554905739037321,0.0524747878517788,0.05032879822668168,0.19667343470987053
-0.9880821346035267,-1.3888102760048113,-0.4791270877638544,-1.0293681797778949,-1.1937183155879345
1.4788617566658893,0.819049138130471,0.523737546829216,2.052358880667887,0.5962664521324034
-1.3433801839871133,-1.2717515445291137,-1.1099101857517732,-1.358198321668269,-1.2807777986805438
-0.3790169544782059,0.03727081197499198,0.3932801891678459,-0.5743431452977933,-0.22426294016897194
0.30943360772382356,-0.1428963100756857,1.1221873638260873,-0.4187269422820651,-0.9018818254570437
0.7123384914848341,-0.22664428951701296,-0.8432715891524727,-0.053550799040453755,0.1424611540373963
-0.4665869559900719,-1.2111211734774006,-0.23455956736488023,-0.8293247231771322,-0.685047021073968
0.3787938201581837,1.8046616153095365,0.847943240016301,0.11922921614406669,1.722797271642372
-0.523496757171164,-0.5040424762865888,-0.9468423208754639,-0.9005368461098594,-0.33292414823076105
-0.7173449472409436,-1.3346463978920218,-0.8081075091516641,-0.7590574419498135,-1.373396202123714
-0.48673960380878606,0.14209268923006374,1.2610617525177092,0.4698191064319514,0.8506602030990776
-0.275009313325066,-0.1922852654469991,0.5988542483386574,-0.3044108831108408,-0.04232414416499681
-0.09983943059136093,-0.2560770724708626,0.006501006973894473,-0.7688678834191085,-0.08924093807138075
0.1127167855076485,0.6981829427562058,0.5617232583197692,0.18853888664806107,0.2857230512532921
1.0753984752325005,0.6714595459149741,1.5182360868775309,1.5186496107427163,1.4342881757950257
0.5480439364144293,1.2221566905238423,0.4047704684846646,0.7397876001398836,0.23517228662241949
-2.165437925189703,-2.664989096465489,-3.0920856982101834,-2.6158833615667674,-2.1873457650405252
-0.7676551071173596,-0.0845338257067386,0.2006577652490563,-0.7790555145943101,0.6909368950635736
1.0667218472416975,1.8660038649721817,1.3892052379538185,-0.3126995094330657,1.175090730895122
0.2146675050974288,0.8956343045425453,0.46974872143218493,-0.5315501227773684,0.10073147926374344
0.1598138340016073,0.41600523541707457,1.0721523804407846,-0.22406528920192906,0.21419180540465163
0.721304018452736,0.621146018436728,1.3982059112082226,-0.044946886190886395,0.6318081580716757
0.353381936933498,-0.25762765668678583,0.22196965627839618,-0.06877742176044709,-0.2568410762252159
2.1300203911637654,2.721945894927604,1.0708075559584427,1.1803948231223584,2.637421241418737
-0.21391259030519036,0.675125185250408,-0.27867691855638094,0.1922747950139886,0.021530821406508447
-2.094200449324405,-0.6325487586235655,-2.1172608477614414,-1.4014593888501499,-1.0630079208617809
-1.2512783294298255,-0.9603279622196734,-0.7111322620746174,-2.0458069735811435,-0.24771155626227034
0.45560734471139486,-0.15294607105337035,-0.472605719143429,-1.2714161516977576,-0.33261351544899076
0.36523756145916036,0.24383373564889654,-0.19635025357762034,0.5377462819436987,-0.26673924252359216
0.09372051531464433,-1.2046612135982797,0.7492539956040554,0.12404426260891373,0.3619584576550588
0.8438940349836033,0.48868275059145766,1.0004640799184465,0.7335782087211852,-0.636087225414654
-0.12822946409857083,-0.3162457700246357,0.00663018917858715,0.2271605324251677,-1.1819578289535715
-2.4555954148826347,-1.6911280426958728,-1.4235411846000803,-1.5583946020289383,-2.6075426175223146
-1.2196363676039992,-0.9928117519504672,-0.8960125586414273,-0.9386867489983393,-0.9081566221154481
0.2275954705243026,1.0478701636087144,0.6949756079726945,0.5524697291564785,0.9970759414230783
0.15080184060059262,0.7367326337305043,-0.3873936531680268,-1.1564680546579078,-0.5575584745860178
-0.645553295462596,0.40224268706207444,-0.8717852727982167,-0.5319517059108158,-0.3403048495904735
0.3505160270768752,-0.22162634936967898,-0.0675539048825983,-0.9104614651159363,-0.5004945271571603
-0.7864185834189141,-0.6681499759243189,-0.7117677520008282,-1.371800068685006,-0.9466519683867809
0.11789338681296921,0.10266216288528346,1.0938534916808706,0.7448642011909866,2.2110867160896346
0.22939283027323845,0.05299423768428961,1.1210811730151526,0.9147686369501988,0.3527302590215843
-0.06833022291204265,0.7135932378052859,0.9757936186112697,1.5760963383294975,0.183893078217114
0.10995095887420579,1.0935408496974766,0.42499697151486177,1.044303293435691,1.8768668326795976
-0.4327969681413996,0.24988979489603078,0.05311665983437946,0.5742335909678078,0.3483365073260247
0.6619623269918303,0.5679777687834521,0.7603993861494094,0.5790226968594593,0.495288446932664
-0.3453772420212334,0.35585951852503367,-0.42832383626387355,-0.099027181171688,0.3942511135735078
-0.03111491643338114,-0.07389173373886397,0.4196608948489042,-0.2741585976079295,0.3902923319924514
-0.8470177872686546,-2.3387244256102684,-0.7787488473053253,-0.6333923740521692,-0.8930906678882788
0.11315980554526851,0.488391716478725,0.7238275721521685,-0.4160467279952755,0.22729613640959442
-0.372906363972406,-0.8064589515510692,-2.0440373611822076,-1.7892496608100774,-0.5815614971767359
-1.0860604209988582,-1.0030120003454819,-0.5400441086105213,0.3733685805930202,-1.0832603291545022
1.2764096704177836,1.6781631057227493,0.7315346399724838,0.587167837902385,0.846255584339618
-0.4239940850236371,-0.5354925040663947,-1.8248165253292659,-0.07281182938686437,-0.41996435044114844
0.06696498705187783,-0.6782940288062044,-1.0279277903096282,-0.1804688956351142,-0.23764394111490522
-0.48023606587229034,0.13308453299875803,-0.7539557854580947,0.22230231489955554,-0.6414966617178467
0.5517672219316059,0.251522303538321,0.1742719940840476,-0.12745878328181623,0.3743777590797567
0.7670889329036368,0.6310170598595892,1.1697122451524613,1.728617210335055,1.988069812309115
-0.6055056812485724,-0.7072439977227891,1.1408374846291651,0.7086933446650363,1.0374411771822476
1.0708742364867114,0.7986202269873489,0.30012051485377134,1.5802544879714515,0.21726952782954084
1.274505620010752,1.2973461784934972,0.9209425575718806,0.5551787722145105,0.7507370629698019
-0.16509460289532654,-0.5663579138709138,0.22477388985125724,0.5631344514699035,-0.31634077689406254
0.2137899142546339,-0.3687977006396142,-0.7685927155694822,0.403251738192232,-0.21511004610235138
1.4031544457816667,2.351534367071458,0.8600811839414815,1.6594729563575712,0.9219062278890684
-0.1745180369647322,0.33987827338339127,1.690242454589044,1.9520292316382788,0.7107706157129114
-0.6645085290250555,0.1660449699757564,0.2658032398776182,-0.6319047247302152,0.788244950531956
1.5859741757356585,1.016992910880919,1.413324156264238,1.296879689765794,2.8180643421584914
2.238540607582521,1.4327476779874637,1.617670243492143,0.5599845992623147,1.699317920733679
-1.6293743917511698,-0.7405154578421339,-0.9391486848309508,-0.5494521597853813,-0.6957676982056628
-1.4518223293154662,-0.8619200683482925,-1.1318006593564172,0.0470781181559475,-0.9508888999842106
-0.36198879382544724,0.035338261031546324,0.33154455518640363,-0.31270510566900656,-0.00291336013067522
0.8284592747933264,-0.29394608756251456,-0.260588049075428,0.41526820279695487,0.5475723800198893
1.2188583179480434,0.23977427669712037,0.1456967117865161,1.2910517395186893,0.380640379986764
-1.1187820313603873,-0.996643227774686,-0.7518015035490477,-0.4252461474811147,-0.45423604222931485
-0.6465542270784299,-0.016358519267179808,0.8527607815542654,0.4554332994328347,-0.24774971550900174
-1.8527599544428688,-1.1616450765326436,-1.805813189736559,-1.5557585800252427,-0.8254702399667981
-0.42109966195303494,0.08734257239884416,-0.0377242612729767,0.3778742250194394,0.11210326611801609
-0.8945956866064076,-1.3311374285560795,-1.7888446331425132,0.022624842538630653,-1.4166574242676262
-0.7494229456935522,-0.611036420939547,-0.6078586672667886,-0.9676805208604768,-0.0265985381659726
-0.3876825331957564,-0.85708275500617,-1.1836276684560676,-1.6951639568744388,-0.45400136224053805
-2.257200516433438,-2.3338076339706992,-1.0933625168869203,-0.8369597826499761,-0.5987074889524973
-2.299014524030323,-0.6143332720659083,-0.9732869543079332,-0.4433180218021783,-0.8055962119184277
0.06736597785661401,0.4223762411254905,-0.2951774684315928,-0.979773129283504,-0.6417396845002861
0.5175482611651511,0.39494560596300315,-0.21645950765182478,0.8805795976745457,-0.39510732726759645
1.5970615702480426,0.5126524811517231,0.09371660427692248,0.8803485261151488,0.363597294796705
-0.7885805441094441,-0.28001065630232125,-0.3465120013218652,-0.11767980769539063,0.3284893325590415
-1.6332258298945974,-1.195068065319362,-1.5943481639400088,-2.8878445003944484,-1.722430251486454
-0.7397223165659957,-1.139601049897597,-2.115530209686983,-0.5502498962486533,0.19292536761904464
0.491279564829937,-0.4306634604974032,-0.5339165659922283,0.09842623988208388,-0.4794241613208094
0.0916375832464036,0.12057677144714768,-0.6352837868722335,0.13392909764978217,-0.9409312452369638
-0.0997662612669396,-0.04646340548216548,-0.22154603887209595,-0.5536560492173527,-0.4064667200527331
1.0252631654398907,1.4595127846162737,0.7505057073321552,1.9219416108626377,-0.052872180947868004
1.0217950064754624,0.5434641123264196,-0.02977021609719228,0.6614364170965534,1.4341082802177163
0.20737386607666797,0.8910976687931873,0.4676676707510177,0.3488349926194702,-0.6380406542973744
-0.6035395134741639,-1.940475356554294,-0.8581832611824644,-0.9797871012768408,-1.1760246611623602
-0.46957167855447046,-0.2943192998708982,0.6167236805547516,0.29476780557182525,-0.29207874833112446
-0.23244322248822002,-1.7297843150677243,-0.26882460600888397,0.2768648031020115,0.3158805782728317
0.4397101592895039,0.0976403860170506,0.06714084172753049,0.8135141586866765,0.32206788972581546
-0.1706480293770316,0.02577135993563726,0.587224499869584,1.0770313400786204,-0.10670275812347584
0.6173878796897603,0.8153844023999464,0.7318650195098624,0.571840799689307,1.3511814584880748
1.7339918154991125,0.6203513553552056,1.918919380767279,-0.5503567872014568,2.9592653260251156
-1.3833615699300776,0.4215617451886375,-0.26522853886782155,-0.006848950847053788,0.49445205264470626
-1.3569007713166124,-0.08504423253428348,-0.19551162085042265,-0.11335229878215738,0.550549986797501
-0.5178825999682466,-1.2598763413672196,-1.4447944935184915,-0.9570096614170903,-1.165823898513232
-0.837682012169554,-0.6561227705974859,0.6471066115163301,0.17935059483699695,-0.6492803864566696
0.5331124833885591,0.1011356681944964,1.1340434758605362,0.7697978701057671,1.0734822095579317
-1.233303195734255,-0.32764086333902676,0.16878221664989615,0.06154208038341461,-1.5202496124148248
0.7980488925213525,-0.36372004541588115,1.2018426430246474,0.7429290067167026,0.5705541031796723
2.082738702861057,0.7630638330505599,0.4345192328960743,0.16406134373435755,1.458953447408786
0.5239273665899313,-0.7867082879753698,0.440422658619106,0.2733028183705433,-0.3091750854489533
1.2416643782438601,-0.2841736111069065,-1.1624317570511506,0.11876814453894807,0.7280621960149932
-1.0826600920656002,-1.3580610095027421,0.07267815754699085,-0.6343161054352208,-0.9330258960650742
0.6818717765192971,-1.4321946465316353,0.2295037309840379,-0.9866690446696067,0.08277030292235518
-0.4990635026260317,-0.18236552052035784,-0.12905032097540853,-0.8362790167034092,0.10209371623301758
-0.7111639441100452,-0.5027037048085183,-0.7617243926891142,0.26628261333296077,-1.7273678518010602
-0.18618567243417905,0.88511073729614,0.6558669428313243,0.8158160230513797,0.6553396799263314
0.3198310637795606,-0.7880223766791974,-0.5981606144439666,-0.595094786352684,-0.35583906521201525
1.58779152660877,-0.15891974814080614,1.6316581238050907,0.37443897400501824,1.0712752506757004
1.017717375130553,2.2437082904020804,0.27285636461363416,1.0626753235454598,1.196855942729631
-1.1289618065360647,-0.5385632887404769,0.3591757796924654,-0.4232908197602835,-0.33824893675785295
-0.37350619409772945,-0.12046310444171804,0.02255292667732517,-0.4608051589721731,-0.08134463044713035
-0.8875163219773263,-0.6172252684175948,-1.8317994938200262,-0.6525397673404995,0.4302614910833606
0.176462017967299,-0.05137616414010114,-0.05804745250227895,0.015546432093208114,0.9970230054558712
1.7171181503133879,1.3670561242685653,1.3710283730967532,0.4189738405207498,1.0555661465384274
1.1644069345397359,0.8202061158415848,1.2198352993283939,0.568547002314173,0.5922024520003188
2.263106032781187,0.47943150127951695,1.6647381386510787,0.7681786129994856,1.4688366350102506
1.7835234113585803,0.5794321692745034,0.13347916451184416,0.18577920449947172,0.3328675213714507
-1.0641047880566896,-1.922985975927859,-1.2033797662632804,-1.1011054316699451,-0.835451200206001
0.9822903758328267,0.32510366691670867,0.3473971866278256,0.12742627124570793,0.15475757874683915
-2.1783318665780347,-3.193488174034798,-3.034791818012374,-2.6411986100633165,-2.142173330150932
0.6933563193043443,-0.7080229702894989,0.028766749721700107,-0.5905417446485214,-0.34606993015363974
0.32923062541391496,0.06919810133793752,0.3931431553873534,0.33012428576061853,-0.8974544231394853
0.08713493097041725,-0.26625005085387454,0.11046186356353133,-0.46781407216860343,-0.4331305578462801
-0.179134609477379,0.48205628128268285,-0.6429901752645322,0.22174332405675298,-1.3155872712875156
-0.7434991934241458,-0.6777067779347637,0.4320649141888027,0.012991613218519167,-0.4542021017397293
1.360323041806803,2.1863353446512983,1.4135012131622808,1.0146195299705782,0.34985791244831677
-1.4445866119139765,-1.3895223215194472,-2.4134149978464077,-1.847418013912752,-0.5589529119925972
-0.8660053232804774,-0.6911399378283365,-0.602517127460198,-1.1061144939886558,-1.1661784837836235
0.03343462625434391,-1.200123664203019,-0.5359712654111823,-0.718377292075468,-0.982756454773997
-0.582155134518287,-0.3969428302500871,-1.0049571965239525,-0.22584922886080824,0.11733414246575287
-0.6671935068444714,-0.1609726700152485,-0.1570973342010158,-0.3226241053626138,0.42167478876786274
0.3318256259157047,0.42720064700056587,-1.2091452379495904,0.42653356439423157,-0.01685662222369706
1.5558901321120207,1.147979106952125,1.686503008332682,1.0614242643079645,1.34276243015991
-0.20449912716959764,-1.0758852875243545,-0.1278658504713742,-1.0629626686054008,-0.9743481214220187
0.4734818234511015,0.6341980447456627,0.3779094851250217,-0.5299881949722866,-0.6372647671717856
-0.40634330110033745,0.42357380517849935,-0.10321015322609245,-0.6220090831441546,-0.7315209328275709
1.243369580217768,1.3109665910626986,1.300388173349914,1.4313788318542415,1.6126380437403822
-0.5368934043341145,-0.924344537886383,0.4374781643888608,0.027314823601345798,-0.6078915589573707
0.11625239253842944,-0.9771849781184235,-0.9165433582365424,-0.12639489246413702,-0.17162301385178078
1.1962644868173107,0.2493229177226327,-0.0136048580439424,1.4136262323631559,0.9559523157386387
0.03560540038782336,0.398864822752011,1.2446066951587504,0.14036330209121564,1.1267433074776565
-0.17170762091543343,0.11304729569246023,0.9152437459406093,0.7670169613276206,0.24059617111410703
-0.17565950990054008,-0.7088739435682861,-0.47522409669373594,-0.2795136636759281,-0.4336006739243732
0.6339537869261422,0.1662755875314233,0.9362068389264246,0.8323696004885787,0.958197908960679
-0.07902046630689814,0.37442171894621396,-0.4038500001375746,-0.1726063238964713,-0.601567913533935
0.3097166927680712,1.7539394019828802,1.079797514052353,-0.2546358916394611,0.7956166077585805
2.138454869818745,2.1757282276189085,2.280149193682524,1.742261132818823,1.839325785996426
-0.05194387233743066,0.2360393383675565,0.8960034742189312,0.44216084763713476,-0.5121545106788173
-1.3543800661993697,-1.241876320762476,-0.2902189982855964,-1.1752609554717433,-0.9206907381956894
0.639136643991513,0.25686003604846813,-0.38836363178944155,0.715551364387479,0.14663619339099376
-0.32642051531249733,-1.1136117378264607,-2.0013870165837573,-1.314917103818676,-1.8866554734788188
-0.22733119136927035,0.16081315163546483,-0.6661435873430636,0.3585631961114375,-0.385543743473975
0.4453581664721334,0.6901475241276299,2.1441687075363705,0.015705813477101527,0.43220554570527964
0.2363398841732714,0.049364356985269725,-0.3680501742731887,-0.7164387548282211,-0.8143874340448823
0.9910689368617042,-0.9802507580976757,-0.26830687348137655,-0.42544797432307696,-0.07450597616870938
-0.11669146989038648,-0.03915833652690603,-0.06071122553879838,0.33207893976258657,0.744840979951992
0.49348184579425663,0.11043549604446001,0.9761676195247899,1.192275397135111,0.030514038255355994
0.8958731286172646,0.35725249842290824,0.6972376873566037,-0.0837713995793175,-0.4143379958472509
-0.9485054397014755,-0.567345590156362,-0.38503243423580813,-0.33411106857971584,-1.3533259906503576
-0.2787224092503178,0.07154986790481284,-0.7170972316875484,0.03734594842260243,-1.2022009365026944
1.895855724920851,1.884539355951272,2.0812311517968665,2.2620815334876383,1.54059040603928
-0.4804997850444765,-0.9217482955349146,-0.9935840711385148,-1.3206413523139746,-0.9993773514855083
-0.5201248646895128,1.0623266472792225,-0.7867096488612696,0.20393025264633882,-1.4430866067551904
-1.7826857537498457,-1.5314281178047193,-0.6520175728295822,-0.9267603530001998,-1.2392067424738917
2.5449459035298676,1.080777755131061,1.523559275039345,1.795642554024926,0.9434459512084733
0.241227542606288,0.4015926498314721,0.8820653342717066,0.5408101863035244,0.11369808788388154
-0.13174946919894978,0.07117065640474521,-0.3224710222348732,0.2791091360709305,0.4289660168373869
0.24854153282195476,0.11270767378660705,0.219419211936218,-0.23430314797519705,0.02276312304311667
-1.1311656870162612,0.7626166743392564,-0.5156137886281142,-0.6978475334675269,0.4450295808696548
0.40274004372086697,1.345252179197819,0.5993616209562208,0.40784823017492877,0.5409092211268145
-0.7182582945968402,-1.6697750193926681,-0.7619628805061627,-1.4336205634378878,-0.1393434066702716
0.010671514800915227,-0.5742375118685719,-0.7960284223968452,1.1859931667116625,0.5224110844322811
-2.0518734981642996,-2.3902457416475165,-2.406179849016238,-2.8344485371632935,-1.3973528615686261
-0.13114644569308362,0.20866168619146222,-0.33361812909736466,-0.05684865549276974,0.28909719629516734
-0.46933387043684244,-0.7559698220588752,-2.0842605083454835,-1.1192935588423987,-0.42702349135095613
0.781078280646803,1.1319809668119087,0.9447112753968805,0.33999034722074967,0.8713565955182683
-1.617166756546203,-2.30083472525154,-2.839682908138817,-2.9658041684318266,-1.9535061750170595
0.03881272066803022,-0.5064740389378231,-0.22476477448240836,-1.1335249739284314,-1.2715990329984992
-0.851126138309105,-1.4384515972943035,-2.0014536503831177,-0.5165396726594771,0.3296464283985982
1.1893496148703064,0.7473395698627467,0.520411579955147,1.2478085937034817,0.47547218408125924
-0.8999187240386237,-1.1848798513105785,-0.0568456020353451,-0.39406786437044733,-0.267101502284061
-0.6618258538724172,-0.6475850464114573,-0.49685545934059094,-0.47088235320449645,-0.921070111962013
-2.3373939336026464,-1.9954668533675608,-1.3211377027032145,-0.9012071875420545,-0.7832644730452744
-0.1135369364564729,0.3302926613393819,1.2643820692668628,0.7057466709615903,0.6119758708593757
-0.31499620710634774,-0.9466635649869695,-0.47303309490355283,0.6787660686344265,-0.6530193764448118
0.5105536671292474,0.5711872193243155,0.7813489715970992,-0.19768406834492055,1.0556694222253067
-0.25048473792607656,-0.508417963390103,-0.8947524166105738,-0.37622165457181694,0.2669178792913495
-0.11184555683084586,-0.5254894770883257,-0.5357541135197398,-1.0262709647804482,-0.45449685489898023
0.3443072074507837,1.024463322207567,0.9582511813278217,0.03138550808015611,0.24721097430714278
-0.42065020458581964,-0.8109317572965564,-1.9521046454240696,-1.2061935133952173,-0.5674255331653733
-1.4344852217432458,-0.7243514357802743,-0.1346535046091685,0.9797410502948267,0.03709183577441247
-0.38618036135795136,-1.3522026510020293,-0.6151312138261896,-1.4517422620096534,-0.031652956733945393
-0.8832680190058151,-1.833217563710237,-1.3116331985675405,-1.0779791778825634,-0.3152189274428205
0.7437489438299694,0.7046425563713627,0.15257844197258905,-0.09674621703824905,1.883407555335146
0.4046043881161265,0.3858143870418371,0.3042129725559388,0.7914936893175626,0.028629523994981546
2.145817460986337,1.627027209122114,2.20662281080701,1.3886821773044373,2.1181690008002767
1.00882079195922,1.1003683633751236,0.6156416654201868,1.1520486963872703,1.2698571667607763
-0.7988575113217311,-0.1430775087174888,-0.17024354174085804,-0.2011660302303419,-0.05860704776413253
-0.4227607966096948,-0.6142982102574158,-1.495584055022133,-1.0462997205733091,-0.5454629589733397
0.7120870859255566,0.8193647602667429,0.9313323649261446,0.5106058291968529,0.8777067141471355
1.0300144198088839,1.059640971904299,0.5469203800179564,-0.3608899230390829,0.8496234966221365
0.9950867404429524,0.7970187558442566,-0.23513953386376377,-0.299262351601985,0.5430691924941626
0.920519776707863,1.2371464067790718,0.6035019714273395,0.8898414997952162,0.9847767921001757
-0.8174155829099227,-1.7411676058032037,-0.7270735546661037,-1.2030845371300047,-2.8861162145735966
0.5969519688022091,-0.3980314541767342,0.12197060949095154,0.40118014044995803,-0.7669084681575155
0.6531767380746951,0.7694715377971594,1.8368110870132641,0.21589823174425168,0.8502155481530173
0.043516472524292596,-0.48021008328483333,-0.09431231993499521,-0.1008018383598644,-0.5415331252715866
-0.7316108716436936,-0.04612948882340747,0.5769786310610784,1.2894222370614268,0.31046081857132163
-0.9996363128698048,-0.8216945644515767,-1.9953417550621513,-1.1611633954614056,-0.5086262352621184
-0.1016622689918055,-0.6737137274397574,0.4130163682291914,0.042961168775022145,0.5650710071390544
0.4127993540048842,0.1545176701242522,0.040298175416222486,0.6458194929343141,-0.2552973048439762
2.3115791660483405,2.149878157787896,2.342790084285849,1.6657099864382718,2.164609686553899
0.08082614075804069,0.14019103328077806,0.6266217815271165,0.36219560028312614,-0.4978300908619065
0.47239581448977674,0.5448375558405958,0.6555559583979104,-0.00944345474946734,0.3193805300423048
-2.020001207330976,-3.261798734930374,-2.101330682940858,-2.969805087579395,-2.2975157146237364
0.08544834101083333,0.2231043765758089,1.5292539436749617,-0.6866794159184815,1.0307028001364194
-1.6864599534391627,-1.3803314777132527,-0.8538407847513301,-1.1928514019550138,-1.0982415773339174
-1.1554622301456638,-1.051267416328245,-1.0643811549615307,-1.2619243070907116,-0.20831700586817004
-1.3420225930535918,-0.506166122573329,-1.7263245061539703,-0.4955635270868456,-0.3128457421044383
-1.903305520880813,-1.4861444018102654,-1.4796054790853936,-1.8699777711049572,-1.305913598004366
0.5475083810660833,0.09464278240455021,0.6780139044076453,1.78695380917165,2.0116707312996978
0.3340571743880094,0.15192582233942498,-0.7587287123429584,0.4472333318103503,-1.268582312691843
-1.3565855764833807,-0.6664997586510721,-1.6265755917196976,-0.2715183802813997,-0.8278041681437488
0.19657392929353235,0.43477514025059827,0.662720515743437,0.7255237347432498,1.4512957281600687
2.0647840552778556,0.6713934124151187,1.6480561879695053,1.5446841102396427,1.403188930273511
0.9001017407458171,0.035490094395491854,0.5070042431209998,0.4176331916479297,0.5080372112629409
0.8416007460389922,0.41792427091325013,0.257935667642306,1.1768286219971322,1.3511996813928322
-0.21192064290824364,-0.9044082517185611,-0.6550575430488198,-0.33561152884238105,0.16807526525210542
1.478826543197884,1.9573126290423335,0.43798202678711323,1.4645623910749674,1.0092161587751383
0.6556294472061869,-0.23571313225750357,-0.7712589533411287,-0.674298265520492,-0.6818691556853107
-1.7403911129947434,-2.637813497812135,-2.4519217060393133,-0.9525010484405471,-0.08930194723756768
-0.6641560248412681,0.283075077865359,1.2800454210291654,0.2045934003214931,-0.22307711685977674
-2.0919259332793936,-0.5577315738052997,-0.7785898964840429,-1.49116050358453,-0.970388798352095
1.1042451869906906,0.33284051166132006,-0.3195979494533001,0.437294038667679,0.8322028631891216
-0.026169337003315665,-0.6728226663083896,-0.74192735663456,-0.22448239102024017,-1.0299689801145377
-0.7186874367534797,-0.8523290472752649,-0.6968479925623962,-0.11771615360311265,-0.15674886729627693
0.9089848156803347,0.2587243707740621,0.9591520835498463,-0.42069035508874153,0.5132842788394164
0.14460506783841148,-0.6506350070867443,0.28809326029384197,-1.0363158210502363,-0.046662100276472204
0.5127218259832954,0.8307077092957383,0.38591820733872684,-0.35905934041992715,1.054493358846805
1.3443520434326164,1.5409023457362412,0.5470239376927167,0.8566280724635142,1.3919051662837727
-0.15377987898258394,-0.7598224080945625,1.6169157693465126,0.19041333856867135,0.1672616522727623
0.5918983847332857,-0.3314096887561919,-0.21312311610290177,0.11288869285626683,-1.3264597522320447
-0.41033728747225956,0.06856518907778382,-1.5691107144166478,-1.0204910529416926,-0.6574896939075049
0.5547395620851711,0.45953725418140257,0.24272624448675817,0.148408390714191,-0.12671092009766577
-1.9089207151410938,0.30102260217633053,-1.1123487986944063,-1.8845979281448673,-1.1307176627686863
0.868771064050602,1.9775373871677167,0.9462759435302815,1.3948879904941964,1.2562196795793188
2.6444190693576792,1.3288086961318415,2.1789720569717033,1.5322944956059268,1.5268808244154832
0.933658914303702,-0.558536720094272,-0.5918234239392749,0.0002503698069532784,-0.12988863422240032
-0.09028457392703179,0.10505038426378667,-0.7031360548091826,0.06283505869735075,0.9030435154936743
0.8778241568729821,1.6805114766362248,1.0344799837740335,0.9738290798485746,1.3051830734289018
3.6144833354411867,2.0332494951497853,1.9310036373674575,1.979932614949055,2.9443683734173725
0.15938577992499994,0.3650273621715195,0.21906049280086257,-0.9768710587874014,0.1299602018767987
-0.2807768649424804,0.06257797784102878,0.8288650941115906,0.18989030331160642,-0.08415390559780468
2.806417805560823,0.9514286364638049,1.5079447049329389,0.7903750459619505,1.212368591380583
0.2828863654273805,-0.2633226533531718,-0.8313766568017916,0.4799708693380911,-0.4650406527682847
-1.2945877452887238,-1.1792677173600172,-1.2357498640827056,-1.2726755095219828,-0.7870680179632007
0.13522740320527762,0.41748552775614695,-0.14016791564190176,0.853532527363685,-0.035415321581708584
0.3348221773257839,0.761930696840822,0.2073012934017455,0.6116038712668869,-0.007187332559983654
-0.6941402874715855,-1.310864579268679,-0.8392482518972878,-1.5800245031029365,-0.9156090751627778
-1.9030464312029731,-0.24772105752177165,-0.8314798287010389,-1.2499921674705772,-0.817277304338487
0.6405775972940895,0.6519810985961462,0.0486499146484027,-0.23863544715468146,-0.174595696754944
-0.44757471855635705,-1.255439030552129,-1.358805361417356,-1.9495971374199852,-0.40225754275081116
-0.5279904751503756,-0.2236623965639847,-0.2076937933117424,-0.007506404170330624,-0.07002804258920907
-1.2123382964870686,-1.0983120969712552,-0.3804086184882851,-0.6964840320282063,-0.8543835109956377
-0.5571582370725408,-0.9120733549965911,-0.5012139590362971,-0.3473928285546615,-1.0485409282685774
-0.16897547020726778,0.5517076728026904,0.4493655418856411,1.007447193004424,-1.2303146634005544
-0.9232499759028987,-1.2889310788363018,-1.9961416306304665,-0.7185840408140537,-0.790118312509648
-0.022034993520996443,0.5118680019608176,0.6975351969562474,0.9711176174012968,0.4398843050493353
-0.046841035854109994,-0.07725147527648044,0.21993345850172186,-0.03191396336864218,0.349734874200151
1.151381586699801,-0.263825862037718,0.13640550188058265,0.40927987669096383,0.25294544594607427
-1.1616828008764766,-0.36434915860611655,-0.16506812540243426,0.170327488642361,-1.3786831498634267
-0.04163214360428863,-0.8505453865430928,-1.3431948688715232,0.7148624127058432,-0.48223742613251896
0.4278726625290403,0.2862290321519561,0.8507764836246741,-0.1153522593329536,0.0835310310405441
-0.5358730470495547,-1.6129705944118802,-0.502615657645652,-0.8122174179784251,-1.1620521618928266
0.6990536443314764,1.2118816140496675,0.7482850842285945,0.4919713542430193,0.6202627387870168
-0.6841321249830149,-0.8112559940113286,0.1095871512121716,-0.04860418998341794,-0.3047960431266721
-0.7517445915660074,-0.907084043463865,-1.285318876380865,-1.032602987615374,-0.5963974592998259
-1.541033240265505,-1.8548155054347768,-2.8327992914797413,-1.8122175153168065,-1.269206926269493
-0.23054255206930993,-0.6529265815948051,-0.5747073747361144,-0.5563743167090248,-0.4101401446778503
-0.5412375350437227,0.6947988782632174,-0.4670744135791192,0.05666852645799744,1.3223306111484994
0.7099402462800394,0.1631754504887001,-0.03884189885936059,-0.6233013114134385,0.6378502820595122
0.16463918902403588,1.3102903081371526,1.4821743437429769,1.3612983008951887,1.3159668082205382
-0.7755204298019304,-1.0741830869693063,-0.9373935378639099,-0.6041990941724461,-0.7949677784167645
-0.14838322592480857,-0.24024273063494647,-0.4962774188669726,-0.6874088132839725,-0.26611505785727724
-1.6161964883982416,-0.35793869395888767,-0.8044069595672139,-0.8847076434495803,-0.7882489284322253
-1.0597774851166255,0.4076819405573857,-0.41671705090794725,-0.2957512550345877,0.16762002310642826
0.07497045975445055,-0.15096756846320036,-0.2417450147945635,-0.032749458883794054,0.39175501010420205
0.6983532689034905,1.7023227877261156,1.2827583107540879,0.3129283960655415,0.5514741889534716
-0.5544702396480411,-1.085989083467292,-1.0891504630118798,-1.8171952982628359,-1.8833462952972864
0.1531827027755063,0.1442242626362605,-0.46007809256033405,-0.11568773356648729,-0.6754475273085775
-0.5707149428541748,-1.690457755965184,-2.180288871244378,-0.7172553722060062,-1.452497931769349
1.978572560305548,1.1392198140392347,0.950592552300615,1.9475136342533281,1.6559482890474155
0.901208391790193,0.8940416237096367,0.405866690227907,0.4609482336667218,0.8138176952173669
-0.7318812546739928,-0.9608000582380329,-1.1463230519531034,-0.8681960409891111,-0.5532836105688924
0.8225146892239642,0.2618081208841807,1.0274532812569706,1.452427199140544,2.556230974796048
-4.016223264588924,-2.0359820147093717,-2.523732368015294,-2.7023348441596053,-1.2001914792224941
-0.5474047060473235,-1.0234573521848735,-0.7410673876761245,-1.7637536831238558,-0.879612646470686
-1.5352913074143844,-1.0960114247763815,-1.1039439100981623,-1.9881631789447567,-2.7933400417462586
-0.288151118846808,-0.15771064745527497,-0.07360749394396643,0.5284219993262866,0.895260362442327
0.9033034927948762,-0.6836312468349062,1.0522182827237538,0.2528814656390128,0.41054490939628974
0.8377006541642927,1.0490556686526507,1.4704062816495964,0.13757524940678265,0.5461306621563048
-1.5785559692992799,-1.783249973681086,-0.614413568894365,-0.9752105404926787,-0.6028010497561893
-1.4391343333490627,-1.2153401140078395,-1.1375410062108469,-2.4125731478793724,-1.289576518049814
-0.9909939668669208,-0.6846628868264647,-1.2901325355274937,-0.46814529856756204,0.03542923224877043
0.25868615989334587,1.3018590287141354,0.781557004131113,1.89072609888716,0.25292331768558085
0.6535834076546332,2.5242006258971275,-0.3331265013320693,0.02847174953991421,0.4993883566739647
0.5441979860506491,1.509680924650205,0.9248212086047025,0.7149555422788879,1.084093325853488
-0.2902892267958431,-0.11457608701023712,-0.08541393726330603,0.5916021194098117,0.020356870743326927
0.06017464732179383,-0.1955691627093677,-1.030827518022336,-0.034408463006221475,-0.08480748715812289
0.7083619495369997,0.6966086890291123,0.5276825456634278,0.45851315400598425,0.21117662430079345
-0.8443778110364015,-0.6012669131342422,-0.9933259399334201,0.19973923237286975,-0.10541633961262585
0.716398082992967,-0.2760567597070664,0.09053182179030353,0.3366995481326637,-0.021257572360513045
0.9255386688108899,1.1185263626458997,0.16865587964152834,0.629164848307586,0.43749379526027493
0.6715687752487656,0.843201092742768,1.2817936572460924,1.1454482458751463,0.5635030641288442
0.13696577453388561,0.12320956590030434,-0.4551634118782441,-0.23792043668260457,0.046729877050552426
-0.45506648386128523,-0.2635116108698223,-0.8182386255110407,-0.7111066399605716,-1.2838756920756569
-1.5717028508187993,-1.393314679550642,-1.418354927169808,-0.9834450192377369,-0.9216205220994524
0.009944617564993003,-0.2840061122900277,-0.23626129348530475,-1.0969244468851398,-0.42941402470077494
0.93657888865469,-1.5203636535143232,0.8196286267305942,0.5626352513084657,0.553288311091436
0.47483983564284055,0.9654311256373495,0.14536509450516297,0.6579099639430996,0.9155256114077761
-1.048469292759582,-0.5907314576498355,-1.036390487979953,-0.5445095334069026,-1.0512309510752351
0.231755388326521,1.1866290875574865,1.1076618337231343,-0.2311801385591862,0.862046168276329
-2.025286156998641,-2.737676137504137,-1.2254279596671744,-1.2198798795585024,-1.4428968615396165
0.21442337318039212,-0.38813368174310053,0.6827982345582159,-0.34853150778926817,-0.31499739896277806
-1.6433081964500356,-1.242908764112183,-1.6295050615746356,-1.3400843778415383,-1.6228779882933668
-1.1622614157216915,-0.6146666537830053,-1.4708263573790048,-0.6707222527428813,-1.2155331608078888
-0.22826781452577485,-0.6486201979305697,0.7664279617570655,-0.3296632868245174,0.37012245533086563
0.3996300191293549,1.199026116898803,-0.9079059675681367,1.0977881608740816,0.8525582596799537
-1.3730274616003355,-0.521031698935056,0.2484148981989279,-0.31728785746662286,0.3559555499665623
-0.20652738767856615,0.06821184543206434,-0.15292313499185542,0.7805701115925275,-0.26181341848805145
-0.19869587353368767,-0.7749571036452944,-0.6853231414232853,-1.4279783018135759,-0.2898755494269248
0.518153025100459,-0.33415392767556606,0.8793089980967804,0.1043665639267113,-0.017172995483427017
-1.5172058522708725,-1.5405715354146492,-0.5542435030105423,-0.7461035577581777,-1.320609505080038
0.05996619684496926,1.0161644459564476,0.5161004751718836,0.603918372043981,-0.6813570828882946
1.8020724001326665,2.6150528780422313,1.3502202735532198,1.1719346993741662,1.5552060764883173
0.03307802575116007,-0.49545208679671,0.1175580197651581,0.3281072816053615,-0.25420986358298675
0.5681405935389268,0.5753450009320403,0.31655977895154686,-0.28615185152674716,0.9833798488707205
0.28598351255250554,0.8229454811404626,0.5235057831313195,1.494131680911786,1.6115090922381137
1.038172143026325,-0.41965904884622485,0.8896834915027209,1.3478089950392638,-0.03891694873329762
-0.273171495313166,1.2759759073884431,0.8247991043524532,0.32927906363007753,-0.0799697937704366
-1.0317278990797087,-2.234492320066721,-2.205099318715007,-3.304832194916557,-1.5355833004142325
0.958666064663911,0.3803858214670241,1.243368654151529,0.6279971248863323,-0.07787702442314627
-0.8054692071751911,-1.1203240471982534,-0.5018938432470333,-0.8007397465335481,-1.0940238845816057
0.42697759163106913,1.0552224234425909,1.676039348659624,1.1572046642780598,1.3764983833269353
0.8752676389472681,0.5344945617690489,0.5068395141213705,1.0937071862382644,0.7926974270614277
-0.6811075230041892,-0.6098776424501141,-1.1898865092588593,-0.9885152923899904,-0.7239706114356724
-0.5856706836365194,-0.013077655133305716,-0.41224515930313405,-0.3998743404177113,-1.0600746044696565
-0.6376662454103275,-0.08450234098518074,0.1784807370922501,-0.8852929097378844,-0.41260741356330105
0.8101771099060813,1.05246287229083,-0.18303506248713247,-1.0095352263838642,0.3081792463143488
-1.2418871608431952,-2.0181650760826413,-1.539736352554558,-0.8779422052208354,-0.6506937791310325
1.3224924557803328,1.0597272000816658,-0.5670512549171413,1.3675204874421965,0.8145336479581601
-0.8674907819007165,-2.5746997452290947,-2.3864049918179187,-2.1405562231409987,-0.7329353217777963
0.2689304655258986,-1.1325193719768722,-0.430526881690722,0.410114256940363,-0.34031014963018563
-1.2955231971325116,-1.3617552125051724,-0.09851127125245304,-1.7836491204822313,-1.3296400111450528
-1.3911576893711048,-1.236094864571917,-1.6852731038558733,-1.3321668782449942,-0.5017898684443498
0.39501700416066243,0.6141833884136528,-0.8010128973904439,-0.4582330483538863,-0.728089539473953
2.361544530950759,1.6276995778337724,0.36184878602423615,0.5980904961119868,1.1196632111382818
0.5108707121495797,0.6255155615712881,-0.049857135849398465,-0.16189915778237426,-0.2860038646016592
-0.8384907662936709,-0.12995616129461107,-0.28222308266876567,-0.29076124508163875,1.0197777594097337
-1.0587311530905035,0.29406353632197363,-0.9216858815969936,-0.3854380621677227,0.0759039745704951
0.4194930625913168,1.2357654842578543,0.37218100050072883,1.792745081866734,0.4071079219469375
0.22474584280527696,0.428187268340702,1.4582782490268742,0.4268826907611552,-0.2696833800927535
-0.5445858142716189,-0.5402392562238771,-0.0031427299664035157,0.025207700824208992,-0.5380448355799591
0.8125459185290891,0.9159954275558335,0.04659146381419861,0.4678779085595252,0.30271071674090166
0.07983256633311918,-0.18248547003950258,-0.8414071187318511,-0.48451901752613147,-0.5445807991506928
-0.32125518229360683,-0.5721537010737636,-0.7335058495361014,-1.0617697365024021,-1.5449522664176234
-0.8036752340748424,-0.4764237112695751,0.5883481824850596,0.10091498765523949,-0.435787233719862
0.7276844283757204,1.9951831406318512,1.6001973583038818,1.1159933476653103,2.270224289731709
0.7345855699532204,1.4520996169562366,0.6093989351360694,0.4914382224707728,0.8925984827163437
1.499200238915912,1.4127710802356945,2.114109828424039,1.5641603623927427,1.7771409234004725
-0.3097657494838996,-0.16209871423622235,0.6629882081948771,-0.0319674180793601,-1.0754288776459342
0.10138783506498965,-0.11280530474803618,-0.33810975959238965,-0.20027719013699757,-0.003919050925939817
-0.3092785290944111,-1.5428277471070646,-0.9128947440732637,-1.0340524676977172,-0.8704953058686314
-0.9352562420609711,-0.34809343195914133,-1.1693981494049437,-0.34035162606080216,-0.11628909885578934
0.13092774114469727,0.25694364305976203,1.0575752354923136,1.2336938085865405,0.2602580476743338
-0.6741577818481888,0.8116800980773965,-0.39291359369367834,0.44379302143765187,0.022710676244472743
0.6684029119537563,0.17499461971141242,0.12332311018214984,-0.9014058081916158,-0.49297677657215666
-0.5842690718776652,2.441909398197381,0.6452688500064971,-0.018778372588740454,1.0728145004603926
0.8685356783093029,0.838728143531648,1.8573961048454157,1.326196377388971,0.7882952000114936
0.44359820999025296,0.5279105895769624,1.0861422656801307,0.15297377882704807,0.11348323137973189
-0.7268040027552432,0.05564704012547473,-0.3985712684286182,0.015230734659462189,-1.206363215305243
0.820821333331033,0.38086688853689926,0.5523640532841622,-0.024583502106257444,0.06434889213246457
-0.3675114238968149,1.5490854159478653,0.6646509333249296,1.7982707059342067,0.15203216727004207
-0.91053401500779,-1.4864831571470303,-0.6968976932529983,-1.1263888385596443,-1.2516108121601057
-1.5223132045640309,-0.31371462966683905,-0.41551568783407467,-1.2212022825614395,-1.232142976947887
0.292652725669517,0.8545888001191655,-0.41905767620124457,0.47195450239849185,-0.03188871888258677
1.0125801802626713,1.3305545624021362,0.6385306802230738,0.5068092422948591,1.8988846677387419
-0.07343221601563922,-0.19166974456084587,-0.7746770531069624,-0.7675189701541727,0.6957276028450957
-0.1312371262315353,-1.07008571417487,-0.6750448144386475,-0.07790016829509902,0.28546053972163316
-0.9871076973875285,-1.3734496572646662,0.11292468375177647,-1.1898813695439214,-1.0271079261036575
-0.27331463666209826,0.9980607475714666,-0.1741175082655985,0.8779619269648405,0.08748114273318425
0.03849172440600735,-0.492895901457339,-0.21184223782343,-0.8744760515436169,-1.9900418127004542
2.47046672644869,1.8881145733566191,1.7882250850323296,1.934740933329228,1.8730390086996735
0.7213051683211181,0.8038061903438537,0.5724249860324665,-0.29806308594990666,1.8215975463270841
-1.2494521379288406,-1.2256360529787007,-2.0855981894660154,-2.365856859199509,-1.7203038052700297
1.6198239211137868,-0.6897215790340401,-0.6557309805959016,0.350423361967247,-0.9863567031484347
-1.3640717007820495,-1.3988078766403254,-2.0391558445886755,-1.5812691229244202,-2.738495183323426
1.868460577740297,0.5310572504588147,2.1408084860251755,1.0328775416660565,0.8180539968650941
0.00855052599923136,0.22964006296634357,0.5446500586813893,0.16474438513339554,0.3464921592777792
-0.5576451479110376,0.3978502642398266,1.1144268566797138,0.6997708110339431,-0.0009240303829164715
-1.55897851247058,-0.7309433695944914,-1.7032669308684347,-1.7325209236265844,-0.48161497686106336
0.5401089665476496,0.640896647678791,0.7456027433126914,1.5792340694953395,0.936586788964431
-0.25792892243995696,0.310759652449891,0.4804586854897889,1.0703481380487043,1.1706519816487726
-2.1955768880706596,-1.1450232267852622,-0.8487084277817653,-0.7501788045629412,-1.5440603110256879
0.3334818787923459,0.17836367637947503,0.2939522161184053,0.017916838556446664,-0.2829348208016205
0.7487502828858309,1.542725663951979,1.7840262015942352,2.15936836902848,1.271711696971484
2.0361883821913787,1.8198099316595828,0.6836756387354752,1.0846648203137514,1.6457261668511223
0.014611676353414774,0.7371567606830636,0.24953512543440748,-0.20358054335805278,0.9699054655641319
-2.036300676165351,-0.861376677149955,-0.5769656960644334,-0.8738856237338649,-1.3919478528934415
0.3761569018680078,-0.27531654434067354,-0.6103964636663095,-0.7789830281339073,0.15176135393610785
-0.1754231556340585,0.11202353779455411,-0.6707783248640251,0.1544026814829393,-0.43596988756502736
1.6207529871130568,0.1889966851601727,1.6852075343025927,0.782762688324141,1.0582233981351845
0.7841930748801053,-0.2707647938323378,0.11817118566291937,0.7592594595469128,1.0675702734373056
0.7823570305420827,0.26909635568706863,0.5148967206299635,0.5452042179247649,1.7511630765634356
-2.5828636131498945,-1.9559707333859648,-0.6788628295569875,-1.2990107912144526,-0.908235489434276
0.5442094051404652,1.0525493895402072,0.9843488318612648,1.1350859722801359,0.00972805420591725
0.08037629619556722,0.6723227169912878,-0.3390851760497347,0.09942761277294007,0.946051671218542
-1.4013152609350978,0.9207898809338929,-0.9959710377106993,-0.8793725753807301,-0.8973116916957019
-1.1138092000729802,1.1234103463194254,-0.1806380103601779,0.15361760973918978,-0.2069755251663125
1.0152826212127626,0.5772970947105169,-0.13595837853623094,-0.1942939330129407,0.1484758406842664
1.7616041878781168,0.08768494867653366,-0.1576747496664206,0.7945813229575516,1.531796597710108
-0.4640848348736442,-1.2393020550149016,-1.3244426423686646,-1.2806805519718714,-1.139361285618403
-0.20195979096279998,-0.5255920263891982,-0.11705394791269777,0.23851642186545305,0.5960104527435961
0.10940981726385228,-0.3353347132802424,0.16862713461344425,1.4724099139910325,-0.08016380934756757
-0.3253461889030706,-1.3039228737700426,-1.1549307111156444,-0.8833193435555226,0.1564394497115359
0.5073924563134876,-0.6238157669173487,-0.28911141027977844,-0.1401006716520911,-0.2901777929012753
0.6225196185594908,0.9791707266544547,-0.26266272959441794,0.04215294949656968,0.8140437078888454
-0.5459573948537808,-0.0031801062440257512,-0.4691838061013108,-1.1142864589021486,-0.3374922483799133
0.8769663515149669,0.6431089764634353,1.2513197042218247,1.1207855237841005,0.8863246249417202
0.6133513390382294,1.0603688951045787,0.889406088189906,1.3687283817254097,0.5064257009607547
-1.6470605392619042,-1.0496707111054973,-1.1522978108915138,-1.099496932847673,-0.9824814722925435
-0.9108127014688396,-0.2382994008785952,-0.35891739050702925,0.0278952980485286,0.11238702726886962
0.9439807081734063,1.2946907988042478,1.2830811239566462,2.444243523854919,0.6274810178429799
-0.5603298151569602,-1.0901777678806823,-1.626300957724028,-0.9228807860812629,-1.259279126063203
1.3165654598795085,1.725440837005312,0.6054284046793731,0.8976379455996972,0.6315005185218188
-0.11768559264918001,0.4757459522668024,-0.3042216601051229,-0.3858876781544897,-0.8940634917758237
0.03557814015984452,1.1257745266659196,1.8037541878209846,1.1695775250320601,0.21785322495554563
0.9558575014220307,-0.9514298133069122,0.3390018483155123,0.4182082538584201,0.4201833040950961
0.22778219009454606,0.7762467404440591,-0.043372230736351,0.8881853323987059,0.17648632126196834
-1.2876293424612772,-0.6895583458144545,-1.5634415932365262,-0.3278573902923275,-0.22472202356064408
0.2196205943223123,0.6342161581723781,-0.7205997815423041,-0.7647422117299391,0.5003316670589845
0.6688563573158585,-0.5006164864020832,-0.042774598999030286,-0.19181360964688293,0.35514073682102565
-0.890790523653558,-0.7311802235819443,-0.5017836314872911,-0.2793581691749706,-0.2552417799715768
-0.0654001913448923,-0.552216387180561,-0.2763778393939513,-0.7468980780291344,-0.5815751642103058
-0.636605501685482,-0.023120759950092076,-0.5996709485582598,0.27551541256456374,0.23779635994852175
0.4482030553086239,0.5683412405082513,0.7704760256654253,0.3310897041212286,0.5773349635102487
-0.6695961896531208,1.03427509720411,-0.2658303025072518,-1.395728394853908,-0.6038767660444434
-0.984738221483221,-1.3659643134000226,0.6866993904922889,-0.5073885361186015,-0.9919862047583851
-0.503454339771882,0.8019007829750987,0.773605196516196,0.1936127848130466,-0.25185644335029816
-0.7941695714733238,-0.20548167780603477,-1.6536154397020308,-0.6344310335171239,0.5955284823274857
-2.076064639931681,-1.4236811183794844,-1.1972446804131867,-1.650490971984778,-1.1562619482706356
-0.9840524625322628,-1.5905710860294329,-1.7116345515135918,-2.1257300188687505,-0.8263173432860353
-0.5990628928696975,-0.5419326571049241,-0.9106544386467251,-0.2112814357036325,-0.9171505699234069
0.9587813323798109,0.7306183126961987,1.052663729404551,-0.25994954513595714,0.4627787726332974
-0.6768054825853137,-0.284619263558509,-0.575608999602674,0.18061950369055207,-0.16253283610450903
0.16056148123658737,-0.4344378699017364,0.8880554453044109,0.38282905669190165,0.00020486504086023304
-0.29010618752663647,-0.7707642770397719,-1.0550318700554953,-0.037651377921024375,-0.06377837699040902
-0.826916738412981,-0.2561513363594092,-0.33706305664704983,-0.6483311558058437,0.5114809803972623
0.32396259349073475,-0.48805876332016884,-0.1661949476958717,-0.6347109702075122,-0.8789124427206372
-0.1371237474213988,0.3521475935571275,-0.08523753069109534,-0.13035591140507016,0.9479477936335718
-1.311316031931343,-1.137483135318289,0.1080629328914815,0.005560371010710141,-0.5343859459726127
1.3622216996983973,1.547710280308671,0.11455123891747694,0.7774330760098691,-0.7156322566746904
0.14399651097055663,0.6013935111041724,1.4368055017135346,0.6892580301431469,-0.22012236763953458
1.3189550546081166,0.6093720781163103,0.6815707030317312,0.11199514309250876,1.91848929493584
0.795386403308586,0.5154885414682694,-0.0927916547013126,1.0983718895491499,-0.15104675124971687
-0.46473658921683075,-0.3442929344121059,-0.2563230134520094,-0.4551253465249146,-0.7743910721860329
1.5607142183724458,1.0881365911631262,1.0908896521737341,1.6530609543933046,2.424897356716594
-1.2721728892755293,0.24571244443883866,-0.2860880894623587,-0.9646978854149262,-1.2824771406076898
0.44738047097507533,0.9211279793656015,0.855195661215947,1.2553423452612644,1.8289226374328422
0.5530730796933437,0.1936373069993829,0.35465973658984046,-1.406738887481356,-0.10306018458547359
-0.32978887683978647,-0.37075635433238974,0.4867751559078516,-0.20475840155855263,-0.22673815672504105
-0.69266873298773,-1.6850923847958077,-0.20492240657176874,-1.342676397458912,-2.209189735917577
1.3228531623976505,0.7056691926620025,0.2546484264927151,1.4254522553221913,1.9252951519062624
-1.7725624559344832,-1.7187363041759416,-2.381216610835828,0.057856315702135314,-1.5136467962822369
-1.7473505696183524,-1.1917327838415694,-0.79560377504077,-1.094896113592812,-0.46940519111216517
-0.8054405642904842,-1.115842965474574,-2.096225765197666,-0.5535043351008052,-0.21589232822527882
0.9008353452287707,-0.6579156191031378,0.055846111379730896,1.3314128466231758,0.048033483869720235
-0.12441127058316513,0.7668273312734634,0.14302978346830003,0.259116658121782,0.6204768137987291
-0.6831862469725487,-0.7127655774035871,-1.4009130512311962,-1.0556123440402736,-1.2486084572104839
-0.3317667129454112,0.6941260012713348,-0.48015352923757815,0.6054500702778304,0.08257394568489626
1.0172026194139874,0.9389019081483924,0.5956161060455107,-0.17260765228088856,0.6604929607156073
1.8660560540277853,1.1431363606073932,1.445393269903778,1.2908044769722617,0.9654416091196816
0.5994020544458983,1.1855803421666624,2.1189228774226994,1.2931365170443525,0.6697064282482276
1.7499393618971404,1.7939385716335836,0.37564872724111387,2.627822312269462,2.322243905926332
-0.31882401099354124,-1.2996111781924304,1.1614267060817614,0.03826381795729787,-0.0652652958165645
-0.04859308558842074,0.08555893721943902,-1.080181060640752,0.14220556605766338,-0.9050633272305261
-1.5330872744374495,-0.7055087723242885,-1.0055360443518884,-1.966402202157908,-1.052911440994276
0.12568901791258683,-0.04084082703802586,0.7029120769349348,0.9587391550675967,-0.3877548624979094
1.5230197939844825,1.0629280169886284,-0.004923626783152307,0.8337163684707182,0.4095149545756199
0.7424444501375626,1.6963879008658338,0.6081187623255151,-0.3853767556861309,1.161164682411088
-0.6104872676261803,0.7076424182674366,-1.2451390342579194,-0.2539023212190891,0.9239797026302534
-0.03995073367920569,-0.8687860313713414,0.019651066724246817,0.5985690255835121,-0.7999897969696103
2.0225313297302923,0.29265765964324797,1.0204092973670946,-0.8770214814418507,0.01051990800106397
-1.0649093176876054,-1.2935248860465993,-0.17995552715160712,-1.1591183371350344,-0.47622726001655385
-0.7142144735288456,-0.897989239588519,-0.018048964582937463,0.23492491462746276,-2.3216529742851675
-0.580121045430322,0.3379854570116394,0.20190058737689048,-0.5325575777230853,0.4182753902241729
2.0537265683835413,1.839217555261648,2.2068544915375883,1.7978379756179783,1.085673644292757
1.6622823843165602,0.5911485994537841,1.4141565157295723,0.40654002308720355,0.8374422037550718
-0.29608929167895276,0.09277713253818239,-0.5154088844147452,-0.05837893792626778,-0.199448341300132
1.3266706393443233,1.50564477964187,1.0532274977786042,0.8436955779734076,0.8108271473696415
-0.34873298006634335,-0.5849085042710536,-0.4030049972430407,-0.24782475590540748,-0.3897994408352419
0.3757342756530235,-1.318981047385452,-1.0105564483235157,-1.2795897529104967,-0.181738321625016
-0.1330313552821617,0.25245412607332474,1.0131081266725728,0.13801168177985107,0.4255953544707944
-0.27984079507708753,-0.1763333765876075,-0.27209163268109837,0.3901109195033536,-1.0627437151234425
-0.32531507979000707,-0.7962650718446692,-0.21991052051911691,0.7212273847613361,-0.3274147547059125
-0.3468913475632273,-0.5659525948469357,-1.1483781303053633,-0.8478733304809895,-1.6484713045928454
-1.7985089050358873,-0.24215261652878495,-1.8167522230841044,-1.9634716322205603,-1.0601943177399886
0.1488176585486252,0.4439319341267714,0.43405565320594836,0.34865563490739515,0.09287941900721496
-0.6542259589647019,0.22039828542710466,-0.7347274856967055,-2.3507527483145805,-0.33698823517861404
-0.9211118334036621,-0.39719857984185686,-0.31239730476052896,-0.16796023522188908,0.6385015704056317
-0.05193146250150357,-0.8752058346680833,-0.15403870764701358,-0.597049198250891,-0.7411612582558949
0.09214594882425901,0.40322807237235636,0.28404190066978063,-1.1979488771982068,-0.28249618946256755
-0.17754243627036848,-0.038673630478311155,0.5052763263380983,-0.19635469139860764,0.3062411066962328
-2.0761240574025006,-2.751157817583021,-2.1222550880947395,-2.4909688678625397,-2.4199865940683436
-1.4046953719305253,-0.40266109652834026,-1.3956547806513402,-0.6015663462877596,-0.774975542368751
-0.09667766322377518,0.07163111898590235,0.30926699170005717,1.1096909870542604,0.2682006451682252
-0.3830830818859397,-0.042049337185717205,0.4480024142577108,-0.022680359082822992,-0.18291852021735172
1.228313735774543,0.3427328268992602,1.0127476541170122,0.6382474636143025,0.24641697516397268
-0.06410551749529192,-0.624243869770589,0.3675882789060867,-0.7140628740512754,0.06686471171874102
0.25081649609041556,-0.6273668787012051,0.6118460777534214,0.101669632001775,0.6691592226172023
0.4651194637911963,-0.14099129972907562,0.843895762320441,0.368739898249807,-0.5032906278338024
-0.4027718229481475,-0.569149715952838,-0.4913802284108757,-1.2952989907556418,-0.28752426552282057
0.5941331833849807,1.0771947181734698,1.5215191556263876,0.7902164042507797,1.7079026128936645
0.46671701199870397,0.7722187897442032,1.3779510765628415,0.02774731819813962,-0.07492837795270392
0.21517299765075273,1.1734608122838932,1.963350763766633,0.13410104910197632,0.804322214465267
-0.4989502917373565,-0.05870948574878281,0.017324282906515248,-0.5266337932339241,-0.3612364321258157
-0.9983419091477519,-1.5658704340894731,-0.6258892556109736,-1.4074554942526154,-0.6767120397255197
0.44570415247397827,-0.039069994577310384,0.7891427827870265,-0.0230896647514025,0.28630545004721736
0.5220937368639662,1.0347607103178569,0.8609539262516995,-0.31395401388689925,-0.5954379880918571
-1.1750932182139266,-0.079134288753807,-0.7029235747525395,-0.6246977470824385,-0.1704678992804477
2.6225510830736978,1.7076728540607022,1.6898811295587577,0.26973588460363396,1.2997380063823958
0.9691884901130869,0.9724012682897257,1.2111385229515512,0.5166308462594846,0.9477959639949596
0.3420999668927988,0.8605055057753622,0.12990435787211912,0.3975705986730089,0.2631239112934728
1.7505446146643984,3.085672483846889,2.102849216867042,1.8374638002460226,1.6461446990045367
-1.3598557766013584,-1.3641240569403161,-1.2789306069981161,-0.9117498779665105,-0.9969870536789021
1.7063449683243794,1.539441420991588,0.3172091135067145,0.8850206913595783,1.284980782218087
0.15066439976842835,-0.13007281247244468,0.016849188919385406,-0.25566825418272665,-1.0046507685089867
-0.7354029179756859,-0.7574219324681911,-0.43492084438190975,-0.8776168615062024,-0.1812190709316293
-0.549606504356043,0.5260116341570059,0.5305029120813611,0.75697304892995,0.41256076685901133
-1.418629086616118,-1.6699546837582184,-1.3777442462635217,-0.7134982496093003,-0.9328112183298822
-0.11781553620790686,-0.5936050442131209,-0.7036297787154008,-0.15897810212191818,-0.3340193205673932
0.5264210086371457,0.07521274265866137,-0.26453919439295687,0.4762625919282025,0.3837315161501702
-0.8613342522106145,-0.4898232447606213,0.17353336786948467,-1.5129862143004806,0.31353000880042814
0.7335408518019036,1.5988180457364212,1.1574185614738781,0.4489712147150793,0.19006363961840567
-1.4763866777372376,-0.3770595917507631,-0.476416154710132,-0.3195348706844967,-0.9053626149205107
-0.6429934400684715,1.061436475836939,0.37095498245822595,0.7840492608908411,0.5151806686536713
-0.25377431581508464,-0.764328361769029,-0.2598869744595302,-0.04641546015440601,0.48030003477608535
0.4237588878326336,-0.06777730316968865,-0.10556146636762778,1.2729871656247547,-0.6058049782748783
-0.45503079634013766,-1.1350244402449885,0.08398197277336089,-0.9039092100160435,-0.8880606378138023
-2.2274306673586706,-1.0188837488451958,-1.149536130434431,-0.7317286657018239,-1.6815672692122918
0.74311870110742,0.254718841150957,1.4227685216091637,-0.21980674880175385,-0.7973395710580736
-2.1181339451937458,-2.4901630475428127,-1.3390109653788222,-1.611364241666311,-1.5426246276766515
-0.7651781983462737,0.6513275424856705,-0.5145922333981499,-0.29882031817754595,-0.6525000491133316
0.3886532777246594,-1.1007318864682443,0.40319337961575513,-0.20593329756028103,0.694815931642896
-0.1634197841716459,-0.3582041038069834,0.29547026637095625,-0.827232514651127,-0.1331841940005881
0.9507390183528184,0.9806619051591667,0.4907941942267875,0.5691316238351035,0.46965849517867553
-0.48871716125054565,-0.9293917021511224,-0.5166431036634225,-0.8865477923484041,-1.3280600802387175
1.7007507904188168,2.0007852436157796,1.2613661948214598,2.9233869173339695,1.756423889014442
-0.10383659900860107,0.5199205770320572,-0.8647031544622156,0.10425652340584672,-0.03378822037626543
-0.6303102172727498,-1.2843217165536276,-1.0846820811229998,-0.3368544957080809,-1.5259399646743756
1.1236715674592879,0.9005577444399073,1.212677693550906,0.7282051995114432,1.3336000080131092
2.235431101294347,1.151384624102066,1.7655677625353852,0.4308832111244971,1.4470915079315296
1.3134936338781515,1.405018838136426,1.4027620492914175,1.0506242103820573,0.7976026109240182
0.11353119991096813,-0.7166353096592547,-0.6110984892090574,0.7182655665221417,-1.2066674028708226
-0.6873639114998528,0.07184859979051728,-1.3371976599716728,-1.1490554872638252,-0.9184868146680978
1.503709257583171,0.0879265392704909,0.5154570923027653,0.6716848945106683,0.040919470028100015
0.4236812091238517,0.6280196588341205,-0.6605597745656647,0.16592270351591257,0.29233413688016785
-0.9935509661978487,-1.1946023584585799,-0.8733807194221166,-0.26775572970754996,-0.8851048667282455
-1.559351039228847,-0.7348890822277849,-0.6825265796973162,-0.23942903376741081,-0.5009874574223864
-2.007050692224823,-0.25427206699297916,-0.410031821653196,0.3931539290125885,-1.0395755546411851
0.3780056677195746,-0.7474737442257514,0.009961344187704366,1.1168904171101668,-0.3009405886645957
-0.8185288108357496,-0.4359139880908894,-1.137291072529036,-0.6050958951600258,-0.7839753423589308
0.0686165624537631,-0.8852925968051055,0.3086306994317103,0.26689120560232804,-0.39283116044903815
-0.24629503806750308,-0.3322407847728794,0.013293969779647431,1.1991683680289524,-0.5968772992095435
0.5379287568710815,0.4292726968289742,1.273766859854909,0.6506866122730275,0.5389628710340633
-1.5541675341884662,-0.7032143645006794,-0.3947805945482805,-1.5809178005780131,-0.02692881580340204
2.014040023111107,1.5056703997671579,0.4576248250561856,1.168846561874673,0.9793343928538036
0.5534715824516215,0.6564706553630677,0.7763651577690188,0.364280199481154,1.3489536072442978
1.4108960405621995,1.671287954340743,1.5637709488071645,1.8637632468515564,1.6069878370345345
0.6339122115609267,1.3956181307790003,0.48200542810551894,1.3904535336703758,1.0725985956470456
-1.0312890808935822,0.024863652184075862,-0.4943967170728575,-0.3713736643576555,1.4115292700531763
1.0974633698610818,2.316445895643639,-0.05060027221763147,0.34224420089128854,0.6473926639734738
-1.166965955466831,-0.44791797752349205,-1.3277855304867356,-1.0495099010048397,-0.658425258073491
-0.9220762730924413,-1.411030670813189,-1.503417354520919,-1.480761023562212,-1.7437016426779857
1.356712027229554,1.617855264846854,1.5912016301185812,1.4594451038157206,1.3893640927466562
0.5241656911189256,0.6090714093575651,1.4963314142297153,1.2603127089744564,1.5340734975709858
-1.4260785445414101,-0.36168049102019195,-0.505754923033002,-2.5275255850049634,-1.7279639437288714
-1.648954429637227,-0.3027854221102683,-2.101110430191738,-1.194568693984854,-0.8446903049722607
-1.0185254821861967,-2.1675236468462242,-1.9538968042435028,-1.3982235590114453,-1.7997738560790122
-1.4329235418793889,-1.9649469193754872,-0.3638086366150308,-1.8003843925132288,-1.201822240448656
-2.4408226150254,-0.9537439460535075,-2.3153640633151134,-1.4818633752493198,-1.6566587752454436
-0.45195440938809095,-1.2620830025900187,-1.4261867494222578,-0.7590814579656519,-1.370614192949938
-0.356764935548875,-0.549088356886097,-0.5696611253963593,0.8207414560338435,-1.0812097603437016
-0.34771257804267425,0.1798790617470074,0.38022906780861565,0.7992678464811355,-0.21802756562911021
1.078965541981699,1.8259260324423257,1.0463495436427523,1.2764850532272676,0.51201632772631
0.6819588501733215,1.773247161346225,0.7488136861682229,1.9187320818166005,0.48723013598099696
0.38907254622023996,0.8669076559040143,-0.38877975542053456,0.8794797632063932,1.09600628686014
-0.4103276354325351,-0.4030447967375986,-0.8855570857546265,-0.3665832273853219,-0.40677137251864615
-1.594517778660001,-1.5844997606519522,-0.5419708229313397,-2.3287206591979213,-1.9231723120107587
0.045694050558155314,-0.25362802846853905,-1.3577611001495324,-0.8239271744943935,0.0788219926093085
1.5282155778074173,1.24501122420312,1.4208827108809416,0.6551817432577668,1.4336281986064612
-0.9627626012726803,0.2661262179797325,-0.8410556125715273,-0.49626432148225225,0.6765264931704686
0.3642502848317695,0.7635988437731458,0.9882213687316243,0.21892171141907033,1.203849184259737
1.7628415912516622,1.857022903995145,0.9712833271130916,2.251358525523488,1.1309777529312417
-0.7358850727165002,0.8442422022707524,-0.29037860235086854,-0.8285747324731793,0.07046167142576543
-0.9507195379222427,-0.8533755883615493,-1.2306320654670952,-1.4107625488944084,-1.9865769699981632
-0.7077786308059905,1.0064307087979663,-0.16984793350134644,-0.4901279795885896,-0.9445597041744042
0.189274313244627,0.79447684413838,0.29931384798679933,1.2530221212645454,1.1211649057953326
1.071228784809062,1.103150731912384,0.45091197836838026,-0.05739748183796629,0.3693078573261553
0.7151774622654066,-0.7557875522930086,-0.5940555205469836,-0.07404153931703665,-0.4632638396853404
0.11998148024977952,0.2148243875876452,0.04242490665441429,0.22557444244162533,0.3750166105284241
-0.2430710033586865,-0.40155942367929015,-0.23233433966947625,-0.11024246111239468,-0.48281357315614737
-0.5339191334386341,0.3939356833441619,-0.014810384029703935,0.5622309622548104,-0.37268740946624856
-0.8234207974783827,-0.4734946728714214,-0.6582126377925478,-1.1139136529138398,-0.5150043729852579
0.19424846460773076,-0.6780100488925859,-0.2541247369610633,-0.5654318699475159,0.1949798355684292
-0.23936554968924442,-0.8306358134468371,0.396482049835856,0.1064686027643319,0.826641155337321
0.19000835456170892,0.3602236273323554,0.11215907390549358,0.10282275942335928,0.2838910910201855
1.0069914385511154,0.27897305572045017,0.8527063678517434,0.2942661212323072,1.2895680798964593
0.04012976076979647,-0.7248203842856247,-1.1478065475883181,0.3172343266887941,-0.6463948746064273
-1.0419039433974884,-1.8865397773328947,-0.5657289746383265,-0.947708529486508,-1.6390549018400205
1.2178908212688517,1.2291631259471039,1.636848930776656,0.47159000828610803,0.7862741892248578
-0.8258145478144675,-0.46273817326930816,-0.8409481895520641,-0.19536143682361368,-1.683016702893255
-1.1517969326635902,-1.7180338250872633,-1.2905547457499913,-0.27068118442915956,-0.2823428678838712
1.0866388803058085,0.63971484417629,1.1987036730654312,-0.1349370368113421,0.22739077661176305
0.21610298650428064,0.7784373703051842,0.0842355032706781,0.018813124334810836,0.4673698057416777
0.35834298440698487,0.9211399177927916,-0.42139644357888223,0.5579067504682881,0.6228524545438847
-0.302991267631982,0.07477695710981759,0.22924759776189443,0.014394684998003771,0.7216768814987468
1.7467753969394528,0.7622048700284031,1.008940929765006,1.374610597343465,1.960331033199622
0.5398311628735021,0.23917392735416443,-0.35413653709674486,0.655316176687042,0.44889996338939125
0.9335870991277159,0.9772722934085273,1.424721883338435,0.6910249563781999,2.491795080199997
-1.4375913802682911,-0.7116919543980778,-1.3561475440160218,-0.7575541682919035,-0.323916924361498
0.28491281841829064,-0.7093347031257775,-1.1172808208080474,-0.4213388506833351,-0.6281565721851254
-0.2957864326765504,-0.016565933988396352,-0.17643821463983897,-0.420672303504931,-0.2760069097048303
-0.013315505958094984,0.6399845303425903,-0.04200888155694074,-0.29034722562181786,0.2396277358578782
-1.7851424377796488,-0.35842318423102626,-1.0203087198542513,-1.5259125108445422,0.05316483448518833
0.29944204071729175,0.44104606317639267,0.8328638630203767,0.9295922860988014,-1.0119872364780602
1.5768971251555364,1.4551138784005608,1.411767073936711,1.8876507635820292,2.0550205335495453
0.6739645519799236,0.06305129671949045,0.28005730559437325,1.1114323050569477,-0.39511815164633246
-0.36412853068186757,-0.8587987338064809,-0.11159083723015699,0.03061166537812146,-0.46512045371234534
0.3877814910241819,-0.6915799541131934,-0.5234915476320048,-1.4546260782407994,-0.6370951536181262
0.5865309938760507,0.4708104355261338,-0.6881306286492646,-0.025932052522501383,0.2651268620769497
-1.714612650114158,-1.6842384730176716,-1.1858046196489516,-2.1974412865685,-1.7567850228511879
0.8632281623760051,1.6132999766127953,0.7838343309700873,1.8660219518459211,1.576745273340888
-1.1534416104712961,-1.3058070750372888,-1.830490594172196,-1.3337845779017719,-1.3474498625221485
1.5000990997858799,0.9540580105380795,0.47672935010121265,0.29345805021350213,-0.008963481523936678
-0.8687110542703256,-0.3144553624654453,0.48239200599967147,0.3068878470247431,0.3347742773316639
-0.7468616164554122,-1.1148820041070913,-0.8830664563613114,0.20621997097776937,-0.5491526846769629
-1.3363130438785478,0.1642325921468446,-0.41087236390587617,-1.0318744006456086,-1.128781475207086
-2.2483867920197205,-1.7684310763307798,-2.2547563035719804,-1.8200923660394743,-1.4940151758493538
0.8047614066415439,1.7439819174876607,1.0160663700191224,0.99795934096941,-0.3269075408133798
-1.0215343770274186,-0.1197290228759243,0.6806176842893447,-0.17871287100293443,0.9137124155252572
-1.4585887995988516,-0.7004087627792683,-1.7264961464171638,-2.232081491019845,-0.7886636657914035
0.30501453932289696,0.34724749895279927,1.7634989848864027,0.15053887063169136,0.9627336370004663
-1.2253704325833352,-0.07243610104998967,-0.5708928437866573,-0.009494046641621056,-0.5159091312461787
0.5192834272589935,-0.39267029547898413,1.4373611218621287,-1.355009741143625,-0.1560485073729903
0.5877551751638905,1.2436035983216212,0.9587803352063203,0.8861809361437926,0.9662664847450301
-0.14896977587939927,-0.11337051070107329,-0.03386005004011484,-0.636601158480241,-0.7617082279670978
-0.8095651137990449,-0.023925903798685,0.1610121983848365,0.12419583624446455,-0.034316881197088915
-0.22977174798191496,0.30790610897094733,-0.09619564135610238,-0.11156689786567688,0.20538496926782157
-1.2251724087237097,-1.8668680101027626,-1.3177439634696524,-0.7391934742359925,-0.9402726744513807
-0.4907267048854724,0.024341568499609133,1.0717112571936842,0.9845157023261955,-0.2291828402201358
0.14292160156877434,-0.29971632521341735,-0.5497999131351744,-0.8184563347066555,-0.5964134784190638
0.8342905845088838,-0.12331203022328802,0.31816196749953374,0.4180635254454756,-0.4129365796380484
-0.31692133618548246,-0.8451714645042214,-1.1994075849273582,-0.6612408126797729,-0.902116317848856
0.5440207391125491,-0.00916664353322816,0.12316562631485166,-0.003829416770232575,0.5210240132406727
1.1045238481638484,0.32987188234711057,0.47368319764255057,1.4134828632694776,1.1706746118230906
-1.3703001448948169,-1.5723173832290174,-1.7733240258140412,-1.0661126297330503,-1.732426867503495
0.0919124062928909,0.21946545629465072,0.6962798969330627,-0.09997072441631774,0.444490914791104
-0.4138866165852458,-0.24775766122861131,-0.9103931981458788,-0.7283138078198237,-1.0979782161989944
-0.2921620356012214,0.1931765831341168,-0.1093202006116729,1.1359654215243502,0.8859181412155155
-2.314534754246967,-0.7212154253674714,-1.4769520243385068,-1.9396209137133082,-1.9366894737073608
1.9306070635134247,0.475593558024067,0.5106965863929301,0.02618034497086271,0.6191520937685532
-1.2673583320678456,-0.8681020691271296,-0.7150016701011132,-0.29299714058206433,0.26035502878620637
1.1370952132249132,0.23017077097680905,1.305700355534227,1.2152938952633818,1.2994445828116687
-0.4778190019604145,-0.07071378025238637,1.4338904975935833,1.410501622289077,0.7599610040386505
0.3222815764354848,0.3105793266206924,-0.623607477264068,-0.24841761946989738,0.11531214097132687
0.6405220255677805,0.6243490815747034,0.6051724807016278,0.2535673025789987,0.4348669924622269
-0.8157068688016564,-0.45555439956417876,-0.556165251666061,-1.5515216134824692,-0.22230652792983263
-0.6748255231465562,0.33359352744444165,-1.1650241169310973,-0.6401442487969234,0.18506327219823532
0.021250162911692103,0.19498877534645595,-0.31474956779483104,-0.48083634094352795,-0.3172939689198134
1.3446418234976942,2.490409237604016,1.628501837131955,2.0289536554704535,0.8752627222358109
0.6602268713256381,1.1743901758904032,1.412778334958407,1.688885044097646,0.8599695275492123
1.6418907672505716,2.333826363111771,2.125067376289399,1.3533086858181305,1.3724646752626288
0.4687291051140524,-0.00023767312539820857,-0.11585652064033947,1.0562650244745433,0.3446759364854836
-0.4515332429232209,-1.1718511126439122,-1.1320443612058326,-0.09253279876326649,-2.3961832499087734
0.3115274535282653,0.9068157746835072,0.946787457546409,0.12744073373272058,0.06131862212599359
1.1891920813695762,-0.14885920712126874,-0.9545542695719648,0.27822267904532727,1.0375195652550018
0.5063523028118525,-0.6553854129219385,0.5954934045715102,0.6724258091406036,0.6190489132472472
0.9140205660814782,1.3791154706740147,1.241423820633193,1.010195496285187,0.5438755421379247
-0.25636349788598145,-0.2793441714999349,0.19769898331003677,0.4789056711300393,0.38122310113676866
-1.2016420441258242,-0.5718637477830529,-0.3329327356201738,-1.239093558299697,-0.013007815465511755
0.43040799148534514,-0.5676999055052594,-1.463839557237009,-0.6707652984360051,-0.31932349845487706
1.7578137476996516,2.0362189105137922,2.469154475898363,2.2346972563129985,1.3780809898056343
0.19235166488402,0.17626249857534762,-0.2447012917713863,0.2759631584500799,-0.1952760663657962
0.3775369577319684,1.450330913944966,2.183640041731639,0.030016767888368576,0.5199490843455278
-1.0422032376871142,-0.4254178160654511,0.01882182786469573,-0.7790184631121833,-0.7254430289214391
-0.10993930876731516,-0.20270072676503292,0.4734793560211284,-1.1737025370602148,0.20954447517141225
-1.2585313685438477,-2.2072130248849122,-1.9433822844185416,-2.272679771407104,-0.3410207343132879
0.49260211554394057,0.3289249512820031,0.09870893527684221,0.7446329392077448,0.5024296977106175
-0.31182662987859644,0.16172077573875912,0.9036022473838581,0.47780326488308267,0.7150917393409422
0.5734218643429986,1.0343598474045888,0.79191824235188,0.985143506595542,1.2580262024522406
-0.549077704928585,0.4629621341746868,0.15435058022821482,-0.6608601452306512,-0.0831026244823742
1.6680245660612578,0.9195161803363588,1.150119240756098,-0.2456793979975327,0.2548443508398423
-0.11366998626793619,0.7217995968891306,-0.20285895204418336,-0.5012149472505547,0.7881904575448315
-0.2475174354177215,0.4928650773720337,-0.9487103184169395,1.0677266593725365,0.4949750731610956
-0.4821515631376503,-0.3344030544411536,0.5544936783800483,-0.1455748510724852,-0.8039671525728507
-1.2863524489825535,-0.2413903245224056,-0.5342573388393854,-1.4644174263737177,-1.7368950541278099
-0.5209412425578609,-0.37422934428238475,0.34101776798603034,0.07729456017312285,-0.876183451340677
-0.5354315220050189,0.6852142976634216,0.8634642335458608,0.9679113282099103,0.8355267875925236
-1.6414359053369825,-0.2987428456119588,-1.5127480555103774,-0.27735593358657484,-0.6721874929846409
-1.2349383421913176,-0.8157780394137646,-0.5548982142823626,-1.501924013333424,-1.180747425429307
-0.33492137993920584,-0.2266935799895453,-1.3479621649135187,-1.223862999402501,-0.3017450042090575
-0.23158921183997455,-0.9953746764189327,-2.059668687200705,0.1663745775702184,-0.24705181363657136
0.4970806188469794,-2.0024466025728125,-0.9546142559254412,0.19161569646352122,-0.6530427099300006
-0.7324126834350919,-0.010814663859052408,-1.784841675156359,-1.0386370234489781,-0.6378587461198473
-0.2887992476284989,-0.7238601911619269,-0.909349652157253,-1.154616553000593,0.5113625168035266
-2.627452201535978,-1.0401338765588468,-1.5668414760888767,-1.7860727812634059,-0.48529712223814875
-0.4171235268474158,-1.2812236424596186,-0.18550626988268076,0.047611889940823014,-0.7431551801068358
-0.08760122382867302,-0.23950525491708258,-0.7106964495090412,-0.6404008707912002,0.41770175338720456
-0.8327603516656394,0.3289813465901273,0.24900439715361017,-0.8105114286295149,1.228895291137481
1.3434147529854896,0.6684695784436694,1.1292149050166507,0.20170619171633833,0.14988160274452914
-0.005156100177375981,0.6377921963505487,-0.7455551121707913,-0.5589126687329535,-0.41805802969241057
-0.24079965081711915,0.5702000542315899,0.36286955273416194,-0.4138870501163035,0.4757568937132965
-0.7690566169507348,0.5626038739669983,1.4480644226837156,0.15680820566370082,0.9752585413432667
0.9079466459319121,-0.44958109691801407,0.33448134690762565,1.2377879312606366,1.40554764396321
-0.9303529723427849,0.03227768793267337,-0.8111304209848424,-0.5705165705636452,-0.6485986209819269
-1.0439679568505011,-0.2271305049939604,0.39214647963565386,-0.3198606583344598,-0.0036898342091510293
0.8627520936324057,0.6820059867346512,0.7918985765254044,0.16521602504037772,0.5019832858469826
-0.9191240009490187,-1.3509813896587692,-1.2762486646179,-2.426478690386121,-1.4738103533825693
0.656969185122536,1.2508747143629544,-1.0448450835133063,0.24869484107347622,0.17062892681859299
3.191664335458204,0.3301933798982337,1.3673792710038823,0.9946726459284523,1.339937487748393
-1.110681540085695,-0.3579754130702959,0.5949213666606615,-0.6844281072341124,0.3203952214112241
2.574210949015158,2.6456974926878583,2.937913579955247,3.1812477916696484,3.2271737729402727
-0.37200943094836453,0.38692624513159496,-0.048925839085005626,0.07072999992692469,0.3671958164986946
-0.6504105782682752,-0.18072211711222558,-0.029960365434355166,-0.11696929672660901,0.11911739928128644
-0.8204613543076911,-0.2873681515334175,-1.5846188827161714,-1.3548779990402282,-0.1011217642496631
0.4999623047191587,-0.36604169631688294,-0.5846360916793649,1.2155042240158958,1.3669382365899825
-1.0913977279184914,-0.439947009564567,0.2866662335151603,-0.7385111065730116,-0.329542770291056
1.4726161355208733,2.1327586211038487,1.1437214340657216,2.0173235129355445,1.5465026376426443
0.44862595824531665,0.8469860920092055,0.006514398842209636,-0.18158383269049405,0.9039510702465025
-1.223130810143072,-1.2871321446514823,-1.3325477006320467,-1.8774472966800266,-0.24414566460420925
-0.841975277451612,-0.9122967785111802,-1.4906171521039195,-1.2627181119729407,-0.3579987822370088
1.7345154147033504,1.5177374915820465,1.4259004899088343,1.905081018845496,1.6084131135369957
0.15323074686525448,-0.10145087405923571,1.2273389432117194,1.5167926955427276,0.0424615312188718
0.0492447367983753,0.28988619000811344,0.4755490752808871,0.32817123216980104,0.15438034843489537
-0.15614212628310284,-0.36310490315361615,-0.4991865021130143,-1.140075550095777,-0.8627489541194485
-0.9269373033394016,-1.7455243819022688,-2.2702671079579693,-1.9068577222335008,-2.1075859159236257
-0.5171493696045867,-1.0457570778406657,-0.16155809598324228,1.3401311243245198,-0.22466991442756157
0.0716436743519294,0.5366084905888275,-1.0898252961584243,-0.649859162560205,-0.6907947575709606
2.6316236762664853,2.1925949824157827,1.7104496480436684,1.5278329414723615,1.098682393880073
1.0901873246709424,1.3838641630999364,0.11751422483490506,1.2647116500887536,1.128474321510575
0.48951534191397533,-0.12633992570591818,1.0782847406519587,-0.16630256115519726,0.7108433881052939
-0.14172860849951235,0.28583111106725234,-0.11204961654811266,0.80309104055182,-0.3440032377715119
0.2545460980362464,-0.0059441581148144225,0.8760632112002487,0.6870262518016954,0.15608543529262314
0.3549897968548181,0.6524514906726869,0.6088736304100933,0.9418401268540418,0.1862436611457461
-1.2011240252557163,-1.0607317922278139,-1.672176207696716,-0.36472031088401374,-0.8932361057745044
-1.0191429389531435,-1.3656978500822345,-1.811417385931773,-1.3233179342065455,-0.7002105284158742
-0.28875697917087606,0.5779872906253047,-0.1217581133012781,-1.7390773326264315,0.636026773861083
-0.9013179683991358,-0.736684814585121,1.1338895495937147,1.112040351294995,0.5263027159262683
0.3133990542433279,0.300250409737321,0.9824831443689233,-0.058103582129989284,-0.0707975879516008
-0.3495477152240108,-1.0292335166250945,-0.7988289895918874,-1.2050154468205367,0.2939985460921729
1.8694409119872974,1.0073362309245761,1.0287944236196311,1.418073258268805,1.8420187531667598
0.9981104158679435,0.9812383695113641,0.5766307980864147,0.7031282591915903,1.6328738759910517
-1.0787658606961723,-1.2778969739247776,-2.052515163691208,-1.3479078308464099,-0.3545468097425547
-0.4896666356368051,0.2965560227669872,0.34669507677997335,-0.12310345627887907,0.21360021742401888
-0.5737491295219475,-0.10254057746978122,-0.21374887426211067,0.3019519031639566,0.06673611334549087
1.1709267653497384,0.36232971595949715,0.24763331920541468,0.7859956678645753,0.8282244260990589
0.10564996379842674,0.11892294956452606,-0.7483259183952352,1.2375953240705937,0.3249132248496042
-1.7060061106566764,-0.7153921903713117,0.08263668523226664,-0.05080073145390748,-1.1665794317274039
1.5146912568306714,1.2964910040629907,0.3063092686825013,1.3966354389736704,1.9389280826626996
-0.2986755791435305,-0.9134731197428523,-1.312188955463805,-0.20992150516027663,-0.9467464776866884
0.326393942016429,-0.6175202216010889,-0.15399567852042978,-0.8805501783545233,-0.08780030464504344
1.0362371250772446,2.8112163262173304,2.289435291510833,2.589308327707494,1.358411509122218
-1.1019851212500191,0.1051946216545272,-0.6081588090951866,0.19744946910243333,-0.32447235309487715
0.6638332591142898,0.8249676800452386,0.5839149966963867,0.1923823149192887,-0.1198630037287032
-1.6315671360288952,-1.3041652214299164,-1.3962576148525847,-1.4881462118265065,-0.6732870361623321
-0.13465789104271655,-1.1184517998567387,-0.7243654467486634,-0.04165060666818196,-0.5516640463225971
0.40576432254933614,-0.8438513968152153,0.5615931380492785,-0.41748021802489105,-0.10082278105997555
-0.040096742697624956,1.084310672643401,-1.3750495594276875,-0.5654098946376592,0.4345386967692367
-0.0014122315959037054,0.9339745114792739,-0.039853663851088114,1.2359484488088852,0.16114464401231313
0.09070101807203272,0.8985400430126808,-0.1651605284551538,0.002148098626028737,-0.21380379664562327
0.8720022532081902,0.9623985350747134,1.101398243412887,0.1919063760228947,0.45963455459798547
-0.5772560220957385,-0.06978114841163047,-0.8580619774737911,1.0371473865709455,-1.4504560554611823
0.6391520010046726,0.34360883795958674,0.04955706900704738,0.1994615530046864,0.1070542949592175
-1.5051663282161405,-0.6520533845442193,-1.8071791013366953,-1.2251550848934083,-2.156576734223675
-0.45893079369291134,-0.9398112788058304,-0.4887205316499935,-1.857562798714733,-1.1113677828463353
2.5481244846652342,3.087288514491979,1.8750583279552755,3.0234769059178324,2.9482511833731206
-0.9193469510321405,0.8284853216806098,-0.3897136418569967,-0.017180442653365928,0.8146632045232175
0.19917358013134456,0.900319103771141,0.8799413486600789,0.6928144855307289,0.7275218782057588
0.13511187900619098,0.19300283532375437,0.27688477938507366,0.7602166564688689,0.03892949300753042
-0.09814706298576524,0.2915321175682974,0.04021088624160112,-0.635912376915485,-0.6462022820492226
-1.1068931456637292,-1.197445573895845,-1.1066424885404493,-1.2432145682688927,-0.704586011968103
1.3429926878936311,0.8499586990020658,-0.4092835227960677,1.3375675207480917,0.10014953542960153
1.8673071034429514,0.7431936489781066,0.6775514302792829,1.1084429541146894,0.6970362719441138
1.3613932953703474,-0.2957698078763968,0.32782385377250156,0.19396057122443672,1.2505556691367299
0.5691236415558459,0.627731238093832,1.3794993966962954,1.6422296672070136,0.7698982803449831
0.6248624339680233,-0.019868882061347272,1.027198105253484,0.7947897231113723,0.09279828753607593
-0.39570648144721204,-0.5984848529446957,-0.61921780160624,-1.0019742371984317,-0.11941344007931169
0.03585436601503173,0.5617014024877636,1.6110139839277433,-0.5360541810433913,-0.2265489320100706
-0.6573830199303468,-0.9253812961164317,-0.6366708851902085,-1.3458145966537187,-0.48590120387970265
0.3555131593446997,0.26022758729669476,-0.03498461050038196,0.1886252273603704,-0.6094723589591037
-1.0002613091387054,0.026379717140400567,-1.1891770411594216,-0.3635223706541348,-0.8096044689202343
0.535172408808788,-1.2964330998750258,0.806353934555984,-1.0220429254641248,0.3491754470310879
0.6909624450087247,0.6810380389175852,-0.03939294983787345,-0.4484509957425788,0.17528251899990427
0.1741226323578131,-0.4386373961937932,-0.006482675413357342,1.0259020897439168,-0.8091893753403172
0.02269099644897538,-0.7995549486535914,-0.03252975823601806,-1.167914389259243,-0.5512981755988984
0.036283012044044737,-0.4519118315859012,-0.7469532298458043,-1.3755241950524586,-0.35846730346884903
-1.874312284238079,-0.8063815307210993,0.08321153315533869,-1.5564499890896641,-1.148199609911042
-1.6785688889732098,-1.883274168546057,-2.047821421274808,-1.8074954388085858,-2.2827843555854916
1.2154849465152908,0.7838673331446566,0.6403422277975115,0.6681290446603653,1.8492573468872644
-0.2298224074985103,-0.06536181881889104,0.3495458278066415,-0.45116746857552076,0.4356601969543548
-0.3733303991690375,0.15675585998159913,-0.003198374549149881,-0.514544300737478,-0.08138641878378865
0.808197707648101,1.9752008617984487,1.712070747467385,1.1815859102526527,1.7284059161870748
0.022580850440931662,1.1656992282755245,0.1462869514907595,-0.027667261435212656,0.17610166901092172
-0.6030951253631348,-1.3326956220964243,-2.4927932844427434,-1.9739284179607506,-2.0382874103724076
0.02322093706631732,0.006533860614962921,-0.8500985877534185,-0.7254318578456067,-0.4196015247047682
-2.2523940776508766,-2.1235829425341377,-2.2817715919339934,-1.42651371667027,-2.178390374006929
-0.540307249769797,-0.9134210395102432,-1.3535071856847614,-0.6705846497838597,-0.9303353520147255
-0.4859875424814568,-1.167067766791376,-1.4794594912527042,-0.30545318834966384,-1.0150680920491872
0.7104413052502877,-1.0934268371849842,-0.7997479517704695,0.6575311057224039,-0.19772433619912716
-1.1213904082499475,-0.360845410991712,-0.1772390122045312,0.08223668233042426,-0.7735660224608448
-1.1834645135202428,-0.8474509235902111,-1.5264098609645544,-0.44157566254307923,-1.5269923771867524
-0.09119879578044661,-0.022354491006788137,0.5948403116936284,0.3909490126637667,-0.40538620154997035
-0.356008378908019,-0.5187201617274113,-0.30613465765597747,-1.049660440162937,0.5509734411656586
-0.2587467165279899,-0.8490403624950176,0.07518610773136229,-0.7998007376460444,-0.31223798305739686
-0.7301273524140195,0.9852280699551709,0.019329658996429785,-0.7223541672140139,0.059019829177653166
1.371759412834837,1.8936786099344447,2.0418194563807273,1.9781181858309431,1.6550099500052944
0.8466578521020002,0.21552626251099394,0.4575184091010483,0.4553441420337206,-0.4506469886691361
-1.1372099397599795,-0.7130838472100333,-0.6306859725066052,-0.8239546889372059,-0.5316236278254786
0.6575093839858841,-0.8155439692332257,-0.3237857103325281,-0.7917777348363335,-0.20173935435747678
1.2940136629972905,0.687142533614449,1.0864760754328788,1.0019223283480467,0.374351167616754
0.7914615993063926,-0.8270873874056944,0.20971834653612567,0.2415529688576261,0.7516716571558427
2.5956501401941234,2.882062661060028,2.3787029218549565,2.870125858932145,2.447908538173343
-0.25824470387145704,-0.6140535188773444,0.0643174437706113,-0.9227048549247359,-0.18070611722209062
-0.89994083183782,-1.1623166562733198,-0.9850950916131116,-0.7232232508319661,-0.5048266907147155
-0.5458932590658273,-1.3907075007124734,-0.8145115929529401,-2.271922509750549,-1.1671028407037798
0.37318372718395054,-0.6362317375954629,-0.15117475325777924,-0.26056184372657226,-0.4811571145727957
1.0065622533195815,0.5244336026816329,-0.3870077621334084,1.2810486268407384,1.2933672977522583
0.4009163413530309,-0.41802577090592674,0.7172427937283739,-0.566337908747897,-1.4220632591577578
0.5465082476413317,0.2371960265873315,1.7084894161755373,-0.43453557925568853,0.5079636919959936
0.803820313813193,1.6502331503875112,0.9413226057400582,0.4854854672825135,-0.047974122647044024
-0.3731644260890926,-1.4195187605019122,-0.897306064555551,-2.1012230896305493,-0.7905893180213238
1.500021399454268,2.109723163049871,1.7151356362937793,1.7657628012993372,2.5816328297540845
-0.27979794244623496,-0.3614026501181442,0.36999503844404125,0.19642929351817026,0.7321862364672085
0.40694287811445234,0.8078653308566625,0.2550207719437843,-0.13016775582749632,0.2136052902379762
-0.008099510617969471,0.3075203523349685,-0.2624135963638575,0.16318377167678333,-0.6420443399764069
-1.3228960550374944,-1.1210262894695922,-0.5259639978919511,-0.7639848470195669,-0.9989954225692577
-0.10019917882839999,0.6839956956369926,-0.6808962300903133,-0.26001452041573,-0.24298454002075462
0.898764871215527,0.43388851060618955,0.4559443400391056,0.7101971933915251,-0.6216673641605902
0.45436547133468325,-0.7525163599642407,-0.5819412149860546,-0.33408645094766654,0.045903552692778044
1.3827336925094724,1.0333959789701412,-0.6131974230672709,1.0334785350667701,1.5163390065573943
1.018371978542046,1.1428604508133946,0.8192568297971318,0.1069191744558862,0.11410048533266551
1.086902763734249,2.2680121187409354,1.0834704410047957,0.483280451462509,0.38048433745234667
0.1903835865138334,0.08287573618083027,-0.8891620181960842,-0.11802660791011209,-1.1507908344773645
-0.8509621235804701,-1.3870793988874213,-0.6008877421780433,-1.842152307895556,-1.3286274333375165
-0.10378848799095926,-1.1099552955304135,-0.7954414623570052,-1.2595910042414273,-1.811907382155759
0.028070973006674757,-0.7737122584223703,-0.3678039564350322,-0.9540956049751056,-1.0120224655709102
0.5396159845598371,0.33907121140856405,-0.4288856012943401,0.755005181269543,0.6735994290595535
1.4417971045519362,0.9858986006424522,1.7250896703935397,0.6905264063825323,0.9444703940866765
-1.161598922219117,-1.615349398506326,-0.953331445887429,-0.0678685133225249,-1.3357435008869314
1.442908832332835,0.4987786946912706,1.2113518332502435,1.2303732005510384,0.9569516923750393
-0.4591105959443595,-0.4265824938933945,0.4742609993566559,-1.4199495495075376,0.23315358910652234
0.3903774281710347,-0.4651272257951202,0.24858264593578142,-0.39146879915299926,0.04610493555752198
-0.7423549965004282,-0.3179911481097814,0.11297016653124221,0.7671270376291318,0.5734588987707906
-0.1440144169684412,-0.4491653749183624,-0.30185299030720536,0.31287883794708643,-0.8643190794822043
-0.3881840131838062,0.47900920388102036,0.13920000808083857,0.250913294193594,-0.19645541291859334
-2.050772349685301,0.0036512925592295407,-0.5229291994259107,-1.231314113841554,-0.7028359601185765
0.3052640747121726,0.7543035592632765,-0.03474404347458022,-0.48642784945301293,0.32681426975000594
-0.3521227352728139,-0.8019922208632345,-0.1388936483621827,-0.6501810600113272,-0.050901992071510735
0.5020137269021888,-0.04535625638889502,-0.38601785438695785,1.1116837111095337,0.10147942152570419
0.32939789910621337,1.136902200735366,1.774751396164978,2.249561830647148,0.8319649030373888
-0.5942289480562658,-0.8729975242226307,-0.22896871825243156,-0.4780023452374143,-0.3900843004195839
-0.395036537793591,0.15483170628343923,-0.45442383864699687,-0.11320156089000315,0.3823697565143329
0.05859836999591576,-0.3827644321105126,-1.1180602330952696,-0.41646566452481676,-1.0053347040531684
0.8400061813321482,-0.1691303151073861,0.7563333541447302,-0.4878198651575779,-0.38628467933679583
-1.1250355891465074,-0.6431619338130955,-0.1949481544808935,-1.0455016434602968,-0.30131265169690313
0.30954047745002594,-0.31964820158506485,0.04394474686238289,1.3654118921534188,-0.3216727522963569
0.11381578671958952,0.4655038294031729,-0.038086986322785434,-0.18966958809645448,-0.4942167839249137
1.798371908958338,3.117847360971724,2.8752141752675033,3.2504095866062204,2.9918210204705953
0.8522823017091047,0.25275065768700483,-0.06004800895493913,0.8486650833731941,0.5112252653987202
-1.1353644623381773,-0.3902777397636108,-0.16887661481704214,0.6827634132522922,-0.819066831185404
-1.4485725516327468,-1.2585379703973214,-0.6870010249679687,-1.0117480425745153,0.05892742165114517
0.27859922675140475,0.5348101721496773,-0.6675049528388369,-0.45571007527679247,-0.6957968992944308
-0.1146109530121881,-0.1886482082711725,0.7430587572121923,0.5076112788012055,0.5003109584167644
1.7991656501303408,1.0172152182051724,1.725728252999464,0.6580373010596147,1.3677090482248506
-0.2769013812162171,-0.2970170892730359,-0.47621716023542204,0.7495082839495562,-0.13462602927658718
0.710058331749077,1.5623187797144378,1.1961844608646963,1.5741535979323042,0.8468599679919532
1.3242581127141806,1.7746497233268728,0.2638484829478009,0.9746344486208546,1.8026851507546586
-0.13498435746736434,-0.02244547403525775,-0.06843015096048477,-0.1627676862589798,-1.0124859927591916
0.8294456082934056,-0.3848247719644021,-1.009467955962626,-0.5684846029377114,0.4541992681987003
-0.3110442609535293,0.14837104837699783,-0.03378299406858569,-0.12524409403596548,0.2322160817046814
-0.5815493208904035,-0.6993572681581058,-1.931623391960709,-0.7286356433723431,-0.7118260774367235
-0.7519193287782471,-0.14508459451638253,-0.5528794613645598,-0.5614171525697944,-0.16082789156215968
1.2491342884482242,0.9795672843692996,0.23568272856865305,0.6582889917090478,0.4634661876272958
-1.1174244613960007,-1.365545496778905,-0.9877590368259623,-0.44583879335021154,-0.7332604183894728
0.705328550986397,1.4185224459872041,1.2547191682045051,0.47322923509900267,-0.5531112188246852
-0.0032326523186129055,-1.1130327026971252,-1.1644141513617383,-1.5860036977309206,0.2024614213259642
0.7973705575473601,0.41393593934130124,-0.4997076336710036,0.6138759155199385,0.3475333757033774
-0.8345186355852781,0.5489531866027458,0.04248156336152701,-0.647438227204964,-0.32335673197647447
-1.5391236512940332,-1.1959469695168172,-0.2027261631516226,-1.0072532790261495,-1.492457633503445
1.9091763111630122,0.1668264807942925,1.0637545433862328,1.9686301032209992,-0.14834798977980077
-0.7436413293662162,-1.3882892509735092,-1.189260081623648,-1.0221070911319745,-1.2741407144137438
-0.7181260320983717,0.3093280300458978,-0.3389961851131918,-0.7480091133073418,-0.20322242424702747
0.16763593461474813,-0.5724128042830398,-0.3054543760961141,-0.5561719759212558,-0.29736398836017813
0.3731115925957647,-0.3841399320588657,0.9797583093574672,0.3096440546086755,-0.00584423290307134
-0.39210970350441543,-1.0368684929402954,-0.32139072901791993,0.05128520183221669,0.6308135608713179
0.7680837378904551,-0.43213364381550806,0.20495372557718686,0.7592556851070251,-0.7423713821708973
0.6926148080292435,-0.37223634260771016,1.050625584237346,-0.8226744137205717,0.4624809231184431
-1.522335159263389,-1.1385785282692669,-1.372147899037833,-1.715293863833718,-1.8768192243983648
0.7383258447835566,0.5098100763702494,0.686403310014694,0.8176980243975651,-0.2508228545950936
-0.06732067919572977,-0.5603281619781134,-0.4230282576543268,-0.3902224394504825,-0.3787143056714518
-0.27265701865715464,-0.5220846377440739,-0.15241715067431358,-0.5618868267613433,-0.4209397043161256
0.21337310126177172,-0.3587165488058987,-0.6465791887657841,-1.3199684670718272,0.02910363979982612
1.029163189220098,0.31497311125235417,0.3516697453715787,-0.7691235409459013,0.10687929262852312
-1.0457662996486858,-1.0087757260858234,-0.33550700552833124,0.29047392694500623,-0.6342939863021662
1.2191219194555303,1.9800768214110918,0.998228228323381,-0.06889607883711883,0.5015438572128347
1.6386871381592816,1.6879418114942006,1.335831895606352,1.8881212050849323,0.716520607797306
0.8075790103792224,0.2292296533457505,-0.7391012087288993,0.666419301683087,0.1410055971144055
-0.8759730242818438,-1.589827196243323,-1.333263726406745,-0.2291819877399989,-0.9153895065416828
-0.6022572995869431,-0.7985457883077033,-0.6225052769637037,-0.7016544034862972,0.529440982490605
1.450889753678517,0.30242410909843587,1.2790951347078647,1.3272158498804165,0.5809376721913581
-1.3487915734138032,-1.0643576407341377,-0.7618102190523864,-0.9529976853602723,-0.44725712482178026
0.40889754433972736,0.005349470141289295,0.3821817803968,1.5058107210881377,-0.3099381018375296
-0.6876345448707732,-1.142214558886311,-1.1559471685130305,0.011175515947255006,-1.1385251650033512
-0.6193249197682466,-0.5320356482469256,-0.5975581701117587,-1.2618090567465845,-0.46457669800237644
-1.6179561730704901,-0.19701843116770143,-0.3503783534038439,-0.11726143713970798,-0.20073472168992326
-0.5557717540963117,-1.3878259331321583,-1.6496219810659531,-0.6534884864419296,-0.9031435800744683
-1.017435616040973,-2.3438613945490436,-0.819901390386719,-1.9266627249523034,-1.9453053318587057
0.36951467939240784,0.3435376225943523,0.25912370074207797,-0.8016169129909091,-0.6869292076550355
1.395068642852075,0.9194449992342908,0.09015702206023869,1.3499089155773596,0.7806989524179162
-0.30591384779080016,-0.1612372257877067,-0.6181297597831791,-0.7051277167208956,0.4611749176785089
0.6187727810707808,1.7301938036756486,1.4134122288687412,0.8223351646291168,0.6044789392413059
-0.6859255147316277,-1.3248048527174852,-1.384464478840549,-1.3321352915671547,-1.7557996148385053
-0.021135408186012627,-0.5414421093135362,0.6579180521687296,-0.6212040545124863,-1.0855936240678639
-0.8045378119654492,-0.012774587552991018,-0.5651650841688806,0.8931400234992836,0.2881681129852756
-0.397491686975254,-0.823823922513915,-0.014414660006256361,-0.02840589044780937,-0.2882970225125183
0.8239586593859932,0.502962720867056,0.5684775524007746,0.041173142140304556,0.2143102226391628
0.6312893748828962,0.37593725440875325,-0.41904115294095035,-0.20124460520541154,0.26858855389842096
0.46119566349049945,0.7337858257103488,0.5738502189419724,0.4557587717796582,0.47060788906359263
0.3842899350428696,0.022078497627115702,-0.5452719749915486,-0.09024494283470623,-0.6721556035871883
1.1191585617369917,0.3707263065449703,0.8955491453638817,1.0359948770457594,1.8117010470091202
0.7690756462457998,1.0604004745264748,0.016668355613616508,0.0519305561003364,0.7057841731497703
-1.0331603175915614,-0.8956443650879536,-1.1268749820997577,-1.659107821479909,-1.1310701255566715
0.5038205487059956,0.9502200497693448,0.04465424304426731,-0.05462290744763079,0.4551591845093558
-0.7170563924074135,-1.4186885022713112,-1.1941659254352173,-1.19669562545781,-0.5808456730096737
-0.21564203219923445,-0.29290767123435746,0.2740957987577231,-0.4138933679532451,-0.49770146586527314
0.1153672114485619,-0.3518112325791267,-0.5286712177918844,-0.7153941737209433,-1.0289482168312234
-0.022213509308246882,0.17887702493509344,0.4493707961604341,-0.23128358518046185,-0.5962407074305964
-2.0557348899371237,-1.173781675878316,-1.9514825183505082,-2.070167217083635,-1.2177689895920873
0.33239208120626434,0.40613089379512485,0.6697454155015127,0.4277627366994473,0.8012576163979227
1.3497898520233145,0.8025274615940807,-0.1352194085736123,-0.3750697261708555,0.5278788320960383
-0.006678894790144969,0.9761578445873395,0.8605402517785143,0.53719702469448,1.6838155551412872
0.6004708071218128,0.8849837185031773,0.4650287159058699,1.2444257163491272,0.8434605801682376
-1.1623883592749291,-1.0644205878230562,-1.3320350849836111,-2.2986818445530015,-2.2448490242418453
1.0641166021170663,-0.5438239224529609,0.9028134036911155,-0.07830988874756557,-0.027411727852825255
0.7666143582236845,-0.056360717171576695,0.10165725779476244,0.1318300832046529,0.2608869789133546
-1.0281835180160919,-0.9513306126432503,-1.577143051041687,0.0632243665814217,-0.5679064256657725
0.15712532510675092,0.3182496216486923,0.6415377466550568,-0.1725654216977785,0.37636601224070015
-0.18986333861584118,0.022880645702746217,-1.8063817555994512,-0.14707962590778503,-0.6318920298589397
0.19308999870493845,0.46373756084106255,0.3458995727755535,0.5838347163385188,0.9948606378850742
0.14859262210493612,0.11890610391067917,0.04788530142832496,-0.40230812522211656,0.38169309107518434
-2.6764907889903884,-2.373780035568507,-1.912186609065122,-2.2015309690059266,-2.5425827621952712
-0.14708573962321483,0.30825491485898476,-0.16117821682675268,0.07595755347533863,0.5957846201191661
-0.18647097262832682,-1.4530139887443883,-1.025757082539827,-1.3728810581453947,-0.5767632708357973
-0.8489528789938983,-0.4784094490523139,-0.05401896861670295,-0.8755985495035502,-0.7460688269721621
0.761722527769714,1.141571496685997,1.5519071560465607,0.419033772812451,1.1778579263479563
-0.5918594970976403,-0.5970971228656446,-1.293993623493879,-1.08164756235486,-0.36232937587862263
-0.9774548817918153,-1.2729445998831381,-0.5099310089593093,-0.38971401119111804,-0.22498217713142343
-1.692436998827943,-0.6879699316318397,0.20649241817210484,-1.0412663076676525,-0.3843526850982761
-0.2927453563413994,0.3491042711645718,-0.24441986446538397,-0.4889831496091646,-0.6200324336147313
-0.15361233299440102,-1.1811208412512721,-0.2857914203554355,-0.08987024614298945,-0.7218187826150999
-0.0276802059368899,0.266227332473275,1.242147564617046,-0.6526336805247694,-0.4908482162477595
-1.2900952372181786,0.033370136560274474,0.4078468690844126,-0.05563983485446318,-0.440850336949443
-0.18972879877088303,-0.007078857991120857,-0.29664640465608183,-1.0455481860562417,-0.6046590387385617
-0.6001046200810931,-0.4368987487940177,0.047788396089944694,-0.4750850020318354,-1.0568557207244589
0.2868870251141424,-0.32346786307133896,-0.6166231116917273,-0.6361225133449472,-0.45684735427222284
-0.7781690702766252,-0.551007871327182,-0.43609893270375333,-1.0505142838963593,-0.7202561015426356
-1.2521611376805575,-1.114486462574195,-0.7748276290484053,0.08629395518184664,-1.0172604974509993
0.9087010366823824,1.8811106433047593,1.95119223881077,1.7214514591924428,2.654008109565793
-1.7232436699033462,-1.260627073404,-1.3221454662001044,-1.1399662205314656,-1.3154770355754561
-1.0486083358879625,-1.1557242676974866,-0.6183008752992436,-1.6334771123618823,-0.13669288360989806
-0.07423972248023113,0.8344984362232014,1.3088358164966116,0.3861128663207063,-0.19888134368368116
1.049939664853052,-0.3140772115924673,0.6311396352411316,0.19465383038907316,0.5242824025306511
-0.5895863010650514,-1.8333190178366505,-0.5406770521147953,-0.4383387453372638,-0.5595745330552493
0.7239112771301442,0.5844351480041463,0.5337622934695067,-0.963219985632935,0.7798212192057334
0.15265536530990148,-0.7024517299360246,1.0954576121646793,0.15493423190116795,0.03850511149532576
-0.5128024597013087,-0.04786937139305004,-0.3654700002391773,-0.7508655113409087,0.015023855552168518
1.4183354697949049,1.3562528734741681,0.903455228423563,1.2807342162556923,0.683444321409769
0.09994692425215855,-0.04685734546702413,0.5461394537735651,0.7034248992854711,0.08535813889650569
0.4256773469211676,0.9147022781374937,0.8652313403547716,0.42873285822784274,0.9104789365768242
1.4350080008153683,2.058136404622624,1.9137536533431327,1.636373333005053,1.542397228590578
-0.680213025956899,0.04177319457829242,-0.1777429430749742,0.1021676817006618,-0.5000223741212041
-0.6848478446514636,-1.1067003002963263,-2.2538066373946304,-2.157622639094183,-1.9621251056412254
0.407087683221615,-0.1202788424572055,0.14222957820056684,-0.32952402446096696,-0.6916426847380985
-0.47627199522967234,-1.2336261912949182,-0.6563250373123793,-1.0825229593989305,-0.6274636231062434
-0.5434348341321174,0.3671633197370723,-0.7407629585485844,-1.0444299959388132,-0.18999349779108005
-0.6751374963068216,-0.009189769381687612,-0.2414277392313249,-0.10355385430485672,0.05116595861184038
1.204584383226158,1.888162250325458,1.3486243540198855,0.6783930967353965,1.4695296381919298
-1.8414872455973432,-0.3602469328263959,-2.12325303079271,-0.39672616500317176,-0.4827401094057086
0.16776256158276467,0.1236136016366277,-0.053036295959051835,-0.8713488480468348,-0.14943052123727296
1.514385892759863,0.7003942190907377,1.594271284409969,0.47301304231702995,0.26104074116649567
1.3041252689977585,1.560272390226929,0.6348448085323802,1.441527492456131,0.8068144614613478
-0.6852841066818881,-0.7432619456580943,-1.4635725298792281,-0.4198475528068849,-0.9974269841585985
-0.6774489657753713,0.11147722992164555,-0.04245733890828523,0.7908918107995562,0.25914876007258497
0.31369031804733105,-0.15557277336638958,-0.42221755586865123,-0.45227234814609174,0.5716441817303664
-0.6575786392973246,-0.6358956170175561,-0.475915786243019,-0.40785102858386907,-0.7103590781042203
0.1653377760882913,1.2967702501652039,0.706515284496207,1.8345043817889264,0.5993610634989679
0.19660364922243612,0.8199137542698088,-0.1864875772548711,-0.5214583778568251,0.5833551160148525
0.2092938519076688,-0.050776663237914174,0.4909281435893049,0.9375387197242209,0.25221334675533685
-1.3951365414971029,-1.5065580856576994,-0.49014849338550015,-0.7215412774310995,-0.34898998377087925
0.19330832536257886,-0.4453463295186285,0.5295879299759423,-0.4914673778238654,0.0501825429666538
-1.9483983098848567,-0.24907009402517657,-2.1653912988503192,-1.8237643491650117,-1.9021987248202117
0.20645284800423963,0.1645178733033467,0.8502731475730964,0.7451245348855011,0.12121485663349292
-1.1651781634193155,-0.18149261030179348,-0.21444551955949265,-0.5901915705099182,-0.7054896051604492
-0.07097108711562043,-0.633303306770768,-1.5780739895821456,-0.6533847627866947,-0.40370098939734766
-0.6216321054068508,-0.5743192167604917,-0.21502616149411355,-0.37454137719233793,-0.5818828466111157
0.8530956374483859,1.4399094760163265,1.075845243926135,0.8675823754601447,1.3958625876511455
-0.02839731498737662,-0.36954683791905024,-0.4633655935024794,-1.2122164370288668,0.04775033780758636
1.7229212948913277,-0.08467043343747767,1.2392890926308797,1.0215757046817935,-0.12385012151943575
1.3611045683353955,-0.04717674355342878,0.27414730868818193,1.0887628863057868,0.2091044145489403
1.4177517824504364,1.9597508868647089,1.7683553646105208,0.9915013229909619,0.9640717565698069
0.17022250602102687,0.8606333008773964,0.556506130863198,0.8565622553614292,1.372090094384856
0.6338155350572685,1.0464881865500237,0.917003397957653,0.7551224924467808,0.5141742946498619
-1.1873697768913292,0.2780536963825432,-0.0024379634573474225,0.2812826120500225,0.7488705883951919
0.042844838409666436,1.1264128974700136,0.3971739329039451,1.1169116430147494,0.14098505477735143
-0.45125308252371293,-0.7621871302778679,0.20964779232175262,0.35017321602541274,-0.17386817993317893
0.5259933114140424,0.46713027225355275,0.38063376501756235,0.21402771569645632,-0.06450084133123535
0.5348876358596745,-0.5128210125310751,0.11564000071442777,0.6350392797920451,0.889651174625321
-0.01964646528565567,-0.40627976609196353,-0.4424803657533657,-0.8536886967338898,-0.29315136506655665
0.4614359762440008,0.8828883689104448,1.169479252587302,-0.6272636523843376,-0.6817972774051441
0.09646110631506984,0.2956304093491704,-0.45886355930285166,-1.6761451049686027,0.1004978139445649
-1.2892251308067602,1.0833400284887962,0.5131061897841537,-0.09991643627300044,-0.9839825190997485
-0.36773643564670006,0.3099117427433934,0.9217407843616279,0.7953798468151857,0.2355503991117841
1.2948808862706636,2.39700716297332,2.6881348902044944,3.0932214980501245,1.966360658649167
2.1741878716072907,2.6482607656311727,1.2662831451989893,1.6250891401679624,2.404659925922571
-0.5651169519641294,-0.6246421320195221,0.734786515618291,-0.17171310246475818,-0.05225526194623961
-0.44302155975568536,-1.4329883389099762,-1.342908539598545,-1.401059025894249,-0.5721512852811221
-0.0039110982179819155,0.2523511757863259,0.5189847015419592,0.46721909046537013,0.18314048233787528
0.0919798371066586,0.14797321979435912,-0.8005673053613725,0.20791236641431754,0.07173757123229295
-0.40548596252144337,0.17539627107873193,1.2200968339236498,1.1128981281501258,0.36749868614361364
0.2485404098003422,0.05599104081524947,-0.4525485559682914,-0.19035149414958624,0.6529906798789736
0.10447229851054649,0.9916315964345821,-0.6837898504364914,-0.07129483259046158,-0.6010343706608611
0.7333012412714807,1.1947269191411027,1.7916357396921154,1.4210065506360858,0.8815996969534106
0.15050497168789057,-0.10819462271299438,-0.2592215084633246,-0.08538786248073153,-1.0922734784936898
0.3306021479242754,0.35577571340950653,-0.740252251231818,0.7012179270303133,-0.2103020223250798
-1.0199008888941172,-0.7975967369693736,-2.3529609685967294,-1.3393276972967705,-1.2124814330334672
0.17713026141056448,0.8430338054814595,1.2599353943421499,-0.1513948230026906,0.3147968038192979
-1.117414468358957,-0.18418937808645935,-1.2679884376321524,-0.9157027485441486,-0.5298346632713827
-0.7965354136591373,0.2824981712450513,-0.09840811249531009,-0.3594916606801442,0.1561950262200242
0.4335481983724551,0.34837390762850506,0.10715971001870775,0.5715613334964098,0.21162709282552603
0.2833410271149031,1.1273002913454337,0.5647138557348828,-0.49460171217470733,0.5932068160790704
0.36937410528559267,0.1757935123871429,0.25126174102477644,0.6706848616574567,0.02964351992934812
-1.0659402077988687,-0.08182593214087651,-0.0002008878613789435,0.05217873321429268,-0.5374479503496056
-1.0019153667499638,-0.5600998139976672,-1.1949866521283146,-0.7391377092630675,-1.3625347560987613
0.779854940164542,0.4930697045946824,1.2354908399184696,-0.026427004991295903,1.2673160150903389
0.9373495522143483,1.798750815680442,0.5722153720341825,1.7150134489999846,1.8416952625596665
0.24358457520028323,0.00845095148311745,1.0593647501141148,-0.622599390845006,-0.05514375425310513
-0.019446853045901366,0.05817014091975484,0.5914513981936472,0.12716624736414067,0.2840802170285105
-1.7867915944865296,-1.0851199038654402,-2.3268426573157477,-0.6120281062760204,-0.796571178311829
-0.08764406502682576,0.7195322612312766,1.1400641918841288,0.7361824448977168,0.1590104513953327
0.16341411398427508,-0.4863601849002694,0.3414700193788174,-1.2038800715408486,-0.5213556394008945
-1.9090315644380316,-1.57925138616579,-2.254742461642498,-0.6063346786470041,-1.6190772608716995
-0.4385419974926897,-0.7700044224591744,0.19573604170584225,0.3881395458031895,-0.4329690631612825
-1.0576124813851955,-1.084802874561675,-0.38316822143761503,-1.5713710684875346,-1.3522232018032827
1.710827781213576,1.9712720923308586,1.545022150688431,0.9997858986079817,1.3777181710490345
-0.45144725001744407,0.4439202010165483,-0.24676578600234128,1.4540424021134184,0.5515671762122338
0.09771402405947445,0.5546917910754844,-0.2603532619447733,0.2796378835593321,1.5027242772216314
-0.4866892501511348,-2.1221227917459564,-0.5923755953966733,-1.2457551352965803,-1.1502966512801633
0.4796944360455518,0.0006491237815757984,1.7342801727519772,-0.04706944373371241,0.5652070168035737
0.8404399313042731,-1.143903707537601,0.6082675135852098,0.8752449395771597,-1.0116365493144122
-2.778726352291827,-0.6010621417520889,-0.9297244499733837,-1.0725060370671906,-1.6485204181831834
-0.9809178501828827,-0.2786681331918973,-0.2312215242887553,0.13548689877830242,-0.6759009501919797
0.07257492071742322,-0.30196042659997335,-0.576150764172407,-0.22604596877520722,-0.8882828556143983
-0.6066882153600194,-1.4388302737757472,-1.6440406568527062,-1.4223544087222457,-1.101392901095366
0.05682407140591084,-1.180105090179228,0.12337236792816864,-0.5697427201127222,-0.16633180532493577
-0.5159826688291468,-0.13775631679280864,-1.5806982070309261,-0.6023107898902329,-0.5815199568861289
-0.009252461841675845,0.05631253334252028,-0.0220986337330948,-0.2645505528212968,-0.862515796719742
0.02623634873308097,0.8040667308173582,0.8760404520731981,0.15268000471526535,1.2461449850464739
-1.4033538407474113,-0.17751062859160377,-0.29708569799683865,-0.15063171178618684,-1.1195586464899083
-0.8068047883061784,-0.8121145485980013,-0.3110494126931109,-1.0872183509536932,0.1968101462607695
0.36436219909743517,0.23449203176242794,0.7350695883772063,-0.39820064913803305,-0.18618379928327078
-0.12597085772857589,0.7988231859602929,-0.2733018986659504,-0.0632800380035988,-0.27955598325133096
1.6821161223339665,1.1324658035367743,0.6002404569192836,1.2841109457107138,0.6811555603680419
-0.23821055617860096,-0.464059517783542,-0.2383220368406669,0.03439007764744095,0.1481239809747065
-1.2053964922988223,-1.4426503491263452,-0.772370565852734,-1.1487244690937612,-2.2010153639900083
-1.3959609835232554,-0.6982922770450662,-0.22525655967568337,-1.683362530155095,-0.5509053301084584
-0.9727350678560521,0.2910939682683616,0.2752886007711058,-1.263119026744733,-0.18178449264092916
0.5311416736389718,0.45213725568993574,1.0645476400101044,-0.06413554826154559,1.666205085898611
-0.3790948878729737,0.22475474035911258,-0.2481823940456786,0.6267236492386374,0.5357777360965882
0.3175596280252833,0.18694669041110037,-0.21160238896861747,0.8956597741949651,-0.14081149398367382
1.0650010332589963,2.173122251427616,2.7702192255211124,0.8444062858409305,0.8541819537144215
-0.20799142306863388,-0.04669006425198779,0.2313581693199641,-0.8363377217422073,-0.13113124457514458
0.7526860344419861,1.283806955255476,1.8802963236230548,1.0536194047797425,1.2590143496066342
-1.2429752666371612,0.3875328802093933,-0.672844401986427,-1.388425532738224,-2.549046162714934
-0.22692739179906257,0.8585837324356637,1.0002087372269273,0.2943938912995892,0.8219103373600318
0.46515785569963575,-0.41973175425864373,0.14055222151215374,-0.18681287277205585,0.9539338431084354
0.7809950735827674,0.6803341752559469,0.0008831388699551018,0.5871007839554099,0.5028766218037348
-0.6322089541021036,0.03793451502159814,-0.8023040224114258,0.12034533512096703,-0.24751614854529735
1.4283140128481244,1.4007061459595995,1.0671237757058432,1.1789334775405127,1.1437266163255848
0.6481327744981121,1.4822402538323005,0.2596990161822043,-0.06856016762401501,1.1898770023582956
-1.9333705346445953,-0.8613703935889921,-0.872795193400074,-0.7202520950334617,-1.8408927303934293
0.7730511108230766,0.9159268626657125,0.4931711155445293,0.39381988739807827,0.9051599001710051
-1.2812198196495383,-0.08953706337623847,-1.103125680905543,-1.0875867682714315,-1.0914448249725144
0.745028430804543,0.7745724352547749,-0.22247895251912755,0.15527209277301096,0.08072961208689249
0.5276374094947358,-0.11610399739728179,0.8852108062221329,0.6380196543073577,0.9800276681034461
0.5869462434003868,0.36325720428708175,0.2407374307033563,0.30532500260798506,-0.17244128322876773
-0.3269974884799227,-0.020825124809704797,-0.49545361978158914,-0.04186025918446225,-0.22654028841115068
0.1990930851172821,0.404276348082747,0.8648968870999142,0.4781226449971851,0.24676125726872716
-0.3072457560787424,1.9062717298497427,1.0275458243713316,0.6761196246082,-0.009890096989028076
-1.6277256138455463,-0.10449480962935605,-0.4201747746206233,-1.1791862419723567,-0.830274345980671
-0.8777048201006001,-1.1149658356215761,-1.176697635694548,-0.2075896747608665,-0.10092378083499562
1.1951421535817552,-0.7555264744397736,-0.605278419731779,0.020330217800184232,-0.4126646966843949
0.7983105972645064,0.5844396863359168,-0.6550668383378515,0.8316970580051857,0.4754962441878528
-1.0636960401243556,-2.3608572955621456,-0.30683652352956997,-0.7085389425118538,-1.824807084719409
-0.6909067278868544,-0.5036255059792154,-1.7067276115054304,0.41320337870214435,-0.7979724495917934
0.9681485151518167,2.1256184846090997,1.7587750279797276,1.5489674984673136,1.3141482141363363
-0.046834558525118405,-0.8093285519562642,0.12930096305963895,-0.9670063665395517,-0.9930456429612445
-0.17616945100744666,0.8336436492179351,-0.0465135142458121,-0.19953481872994158,-0.232182116021008
0.6486853780792895,0.6549801769376107,1.0360024429558108,1.6396026510562889,-0.17872947693031918
-0.7636981257889495,-0.22598149510022836,0.28138562936810135,-0.07199897610229922,0.9710845562489785
-0.5303066255426301,0.7779257711217364,-0.14520350273528174,-0.6541907014280312,0.5877696999921775
1.4546432441322148,0.1978963310825093,0.5816744355428247,0.42060420640577945,0.9812037447194034
-1.4702476538277278,-0.5518045317709502,0.538624725157259,-0.9365070841201383,-0.789951956986563
0.7995789388420457,1.2959251250457122,0.28154623893151465,0.5426642314173902,0.32459590643512487
0.9581910012710994,0.038011121611729835,0.3105052493886355,0.08758456297491861,0.5867985909390171
0.6952888108602765,0.9620070652501259,0.17463953062670057,1.6737529078941158,0.6480524165285523
0.3860989442729754,-0.09336695458859628,0.38952581927823127,0.40524107478204585,0.35890417756410187
0.8637300999053781,1.165777645152528,1.0716848914400365,0.29989718148807015,0.6285490532809223
-1.2127141423330756,-0.47075378638486415,-1.0743465183197416,-0.5445023345906841,-0.4785643242710235
-1.0940499345870673,0.3624199417459787,-0.8614684049358149,0.33346421756789113,-0.1499716378207155
-1.757422632594962,-0.4930739734498624,0.13336240813681968,-0.6631491104786842,-1.2531293448405685
-0.008829318834948145,-0.219218697258987,-0.8472041379612119,-1.1547250436995424,0.05801102057775838
-0.5655305429118662,-0.20292443720147588,-0.6831186135486548,-0.26345049547313376,0.6887306913312955
-1.1483760361285842,0.35225985029885104,-1.3893278382813827,-0.3304185555390798,-1.3315613371725514
-1.0467729824703953,-1.7215185285489152,-0.8990391603909944,-1.4180709641012499,-0.8153933544063309
-0.41076437057097975,0.16867284375697342,-0.8593681035330971,0.8182835649407418,0.6737780047874304
0.915410342816673,-0.7090294080924844,-0.10105697937889223,-0.6603065262002417,-0.48056316316240183
0.8705425281265593,0.9803825889266622,0.5924130062442963,1.050412017217053,1.1301759687746873
-0.3773621788681167,-0.13858583589876772,1.0172374549366103,0.29411068127111806,0.5104077212738595
-0.49341184886591627,-1.2848735570865004,-1.0096403249544743,-0.9326713521488736,-0.9792648760792488
0.06735757981786764,0.311025080024614,-0.7185597549915796,0.40999968688488636,-0.20349570747357623
0.4863387997343052,1.1852943360119907,0.7843196832781493,0.6966565248233304,0.5055335408447518
0.05869951950129077,-0.5083663784226102,0.730601560240335,0.051265487282448195,-0.5638834651681736
1.1288889538068283,0.9792362681262115,-0.4083284533891188,0.3770275239052996,0.13997662113134873
-0.06054529415083344,0.9323746723837182,0.21652561061632847,1.377576981544886,1.1700909922807634
0.1749997427481143,0.6781156280929979,0.08737690066887716,1.3221817240136782,0.3179170742394009
-0.5294853277199396,-1.4737445302366343,-0.3000364268012961,-0.07423347957495176,-0.8878170428125365
1.2123184443753063,2.008893859339643,1.978026134840463,1.994309987723952,2.225512708139269
1.0668843067166571,1.636091230560155,1.8193878840889663,1.0821253080754973,0.6411730030703365
0.7855628293678402,0.8924233901409379,1.132082048518856,1.0862201937917784,0.4496069558243092
-0.7429233218643694,-1.6445221127960563,-1.0398468183699878,-0.4549115517844653,-1.5722270943662644
1.0751910747377413,1.1041193337667037,1.445534301002808,1.0224798324300488,1.4686124801487284
0.3640452552863121,-0.28171264377990646,0.077949729238794,0.31260466028094425,-0.140348727403628
-0.6592588869119189,-0.2678427816519048,0.13227690598740177,-0.6933431768061528,0.09347222530862172
0.4848718781109919,1.1433797455331949,-1.2566063350244945,-1.2256618628870226,-1.0524384344528062
-0.22540821711183212,-1.2475588266382551,0.23739682072636903,-1.724841023758162,0.0717789509562149
-1.3150041116463305,-1.1756663104943694,-1.2367619466919992,-1.3360557786302867,-0.9420372672098505
0.9118259950535091,0.4491712159796211,0.7759681720345748,0.9504658195721358,-0.12636771861215418
0.24836718695580107,0.41806788133913275,0.19046980769309324,0.8325660517182483,0.577496176005429
-0.5328015556212138,-0.6052463856218911,-0.3561493137783704,-0.31144052143229844,-0.906213063799514
-0.04754129064500167,-1.290961503989994,-0.27474207277073714,-1.171962687917867,-0.17304205792734018
1.182131982379251,2.273512025364117,1.6265466522671945,1.004900524433107,2.0310447666994254
-0.5094228918943641,-0.36712182676704214,-0.5876633669764862,-1.3834241533821034,-0.6446933064871021
0.49217967396472917,0.3513739994685771,0.4633774136812635,0.5838337761545549,0.05505686172132002
-2.2049951014892875,-0.8582597195029296,-1.2956269432440484,-1.9235015237963708,-0.8452497002171169
0.8016131336893552,0.3248441240260479,-1.1908480008704252,-0.30578560153188433,-0.417886975825765
0.24536049950705988,-0.9978462212166038,-0.5762338257929953,-0.8358747512266012,0.24148311518084117
0.9981916489157434,-0.7599727270700487,-0.0796336998935481,0.6742226564777719,0.20256098665741687
-1.198745397028862,-0.8702454540114788,-0.6375665394110048,-1.0046359416368096,-1.0283114338743946
-1.9626792676304066,-2.065745087946989,-2.1996629292983534,-3.08539219243152,-2.563167441100134
-1.206412980219926,-0.36664374488921364,-1.0033829396755063,-0.4499967805447698,-0.9323248217454095
-0.7352390337922138,-1.6424223603528139,-1.7857761772699765,-1.1786792818309766,-1.5524253368453746
-0.9808437479142856,0.4810302011199347,0.41847095629263,-0.8590003711457633,-0.46244291947473926
1.0341924406497618,1.6714809257972318,1.9019553973152359,2.832358021722118,0.9928100691388869
-0.01828815121405495,0.054615275971288374,0.21457138977362092,0.1006871614726372,0.2228672093466221
2.615869270928203,1.9196394379517014,1.7448997531696704,1.5042184414712538,0.8960674268205104
-0.8353878596507042,-0.013822436267388936,-0.5860083423152964,-0.7445824341151619,-0.028535907240117713
-0.29463059960745613,0.03043361662781554,-1.1433065911294946,-0.07170289345814357,-0.8556419221228859
-0.5270338003087697,-0.3719036818357281,0.17425089493355733,-0.7712316715311407,-1.569796856931958
1.116846271183058,1.2793615708440702,0.9767905457735885,1.3925586272832682,2.149048302768535
-1.6967286568039417,-0.962735613564377,-0.9756057201852817,-1.4113949884511088,0.08673722111297262
1.2685014012726106,0.647922594884916,0.10055879035798138,0.13623716030796906,0.8904031954255303
-0.928531525535737,-1.5216065656301736,-0.003422726041371418,-0.6567820972567546,-0.6328290125790437
0.001980612030918635,-0.10299256157914874,-0.5561456880342521,1.174458436665492,1.3554452274372928
-0.05769232272961282,-0.764613902663699,-0.7328367111215653,-0.7401501160090198,-0.23992742731123584
0.045351724538224926,-0.30111458942847774,0.2816546233826484,-0.7050923925137956,-0.32065465127684756
-0.46039110298302144,0.3271007463534074,0.03074866154588523,0.1456750291329757,-0.6956407292795777
1.27213079054306,-0.9580400565240137,-0.8776401346730746,-0.8638300838859857,-1.1038059526360176
1.3116375570978818,0.14098116252132348,1.779310392363108,1.1167820174151026,0.6698374951403395
-0.8196481002613379,-0.3255294092669382,0.4100529379189178,-1.0380386047701944,-0.09543919333883152
-0.0068380029488848745,-1.0849871623949878,-0.6599953852639674,-0.409330982499933,-0.5892777936418863
0.5295708370031285,1.1131775060959161,1.3848275377316206,0.022921479700143937,1.4464355659358055
-0.3267765797378483,-0.3297268074913575,-0.284854835042949,-0.8557277556830504,-1.083865037612518
-0.43996585817323075,-0.0476794656251925,0.47544115982973356,-0.1339561113107381,-0.013233698488991724
1.3225029126737289,0.07048415146719472,-0.03708390890179886,1.2104025111542573,0.40532224585085724
0.5313749080655009,-0.2789749323597291,-0.0825383796896274,-0.05517687293907931,0.09594664892570988
-0.8146971861357168,-0.3798490491072955,-0.9373126050194637,0.41589179575300556,-0.3400610622361798
0.9934070932443427,-0.27356186631480733,1.089047068909278,0.8586705604012569,1.5918521552745886
0.19198860192263484,0.9567544300936113,0.6452512102054634,0.6217836621745412,0.2053761969622891
1.0167598089868932,0.2780752217566261,1.1362710115570858,-0.10303065277506551,-0.2596623651686614
0.4937586350512953,-0.3932917792616391,-0.3566313944202633,-0.17953328055112253,-1.1694911638581431
-0.4134504707034431,0.038273081558439385,-1.1601196280738695,-2.228702536247166,-1.4654320943678243
-0.757968580115732,-0.8658312412607254,-0.18529531921186834,-1.216462696868534,-0.5439223521782903
0.31434862232603955,1.0558808231204302,0.6276397337369328,1.124546880890156,1.0621721181529817
-0.17842947152432564,0.8683701193235124,-0.05307105361624834,0.5541727334106545,-0.005018916509713467
-0.3527921593368659,-0.577932147410486,-0.06209537062162165,-0.1662299432960808,1.0705435565474293
-2.215954886107388,-2.6959671659732947,-1.0277973818312012,-2.022564324029592,-1.8720278077910362
2.832135261897216,3.3263947586705758,1.9148696774420197,1.6231717628302988,2.768965975385354
0.3934879863740651,-0.04443392735830627,0.9258527509843248,0.8778133804612621,0.23038882165248156
0.8326956593683396,-0.23547290079791797,-0.5778796899944567,-0.13867413819014743,0.7322353041044299
-0.9960774370910244,-1.7879118301919648,-1.7297129818468053,-0.12402956592120072,-1.0152365309304219
1.0109433036202684,0.36080724664221203,0.07989779207080644,-1.261629706518608,-0.2256730946225734
1.0900685047008707,1.6157119299882432,1.3249505448603127,1.0090380640430674,1.301851227556764
-0.3525329163186646,-0.17551805232578874,-0.21832580283358358,-0.5781083536191339,-0.19727304588781927
-0.00393621425389593,-1.4075449359477747,0.17691137619619107,-0.2791761140076906,-0.804883635664026
0.1635571952698443,-1.2688334679287252,-1.0256385195316664,-1.1155037186781835,0.2082486086137602
0.20297364775236462,1.098919163454378,-0.08447272884592531,0.6725089442330439,1.1214732493337782
-0.15520530121258563,-0.42500384692560067,-0.332261259942874,-0.04987932016754677,-0.2308341135534666
0.04160230641332101,0.6399243972287405,1.5272510557439873,1.0861861819907248,1.356821602499593
0.3041228770372329,-0.18901984671367594,1.1677596334232592,0.8889188459403473,0.27333165351706656
0.5530923026878134,1.7900704845636073,0.7339622239181673,0.7474900826503799,0.5931629116428127
1.3940690597890713,0.6704746385977397,1.6121285319711431,1.44198473798503,0.8837388953071847
-1.0758861291179902,-0.47688228402546684,-0.018568678039910937,-0.06343682481439197,0.1857182039294247
-1.5812631679908216,-1.2045416402816735,0.5973447003645976,0.7356082894679323,-0.44701379313036654
0.06887331268016034,-0.21108885970663144,-0.134756093332831,-0.5442829378086944,-0.6664192105082478
-1.407428022806823,-1.0794820051763094,-2.1089865687174423,-1.5253058329999891,-1.4528328138369744
-0.9516144959350671,-1.1398998762265047,-0.347462662303841,-0.8198362883642418,0.23940158656382501
0.37086718942437025,-0.0437176753142819,-1.001264419445476,-0.26353115996704013,-0.21168122632007075
-0.8902675385895722,-0.4956688033036214,-0.7425304016694662,-1.2309588319018485,-1.3022716642221652
0.8993189814276445,-0.04529417458429038,0.3453826070249265,-0.508844923429246,0.24367214686764455
-0.2724233706514841,-1.3927685713838458,0.35020258744676364,-1.0812631292626504,-1.1714330476761625
-0.1324089941932208,-0.17138377850877465,-0.011438146561940043,-0.8813989460410627,-0.9296014139709908
-0.8481019936826254,-1.526919813599059,-0.6565218920363859,-1.0789667460639123,-1.589756104453645
0.9459727650631877,0.834587960928717,-0.09632797669801732,1.00155356783669,0.9292302607695745
0.03944073171645694,-0.9755636004553955,-0.6782007479937608,-0.985269484774636,-1.0786865502835612
1.5982561810668112,1.2527708163423192,1.6159385960902384,1.0814026650945763,1.2450949455033593
0.8485458643455087,0.5965901078096988,1.6960116073897065,0.5125337468130624,0.6920618190516188
1.0294007374332659,0.13690278696481673,0.8450348525263927,0.6659663694469957,0.7001894201290721
-1.0554699798914058,-1.8402069623936146,0.07850054037719648,-1.2265467373574817,-1.3612583715168851
-1.4224767698098448,-0.5114348330541971,-0.5870935539012443,-0.016209245901626222,0.028576747776663115
1.5815788356606826,1.7742589772409687,1.0563232983273716,2.221781889671753,0.7105052598507696
-1.0274997806079034,-0.853210863470364,0.02974404987042587,-0.5833708408693665,-0.4377388290978953
-1.5889083902223016,-0.48438617244320553,-0.7836521945828989,-0.07903030777000287,-0.7686260079043513
-0.7322373261329558,-0.38943381673457916,0.260140095585108,0.8740113058074866,-0.8762487214113677
1.3612271692224713,0.9278624357647561,1.3847765888473853,2.1058698182302225,1.883101682959343
-1.6999660563717167,-0.8572170914532934,-1.4327952016090317,-1.5213284028952463,-0.4354970322188133
0.6861734654850349,0.5393811002096601,1.1192738060741168,0.1796472160562479,1.4038460469687595
0.8602369392440167,0.6001734329946209,1.1571644717047018,0.9222633077107548,0.8197326015788754
-0.22175752102269788,-0.4054795379968909,-0.4617452841569978,-0.04054750249447241,-0.05510700230959324
-1.3437297768095726,0.2737103109938542,-0.23123036425930654,-0.23677269790346994,-0.6637811727073524
-0.4824613468039514,-0.2444588253617731,-0.8756010071414294,0.35876647460441585,0.7784865837106303
-0.06691040882093292,-0.1438738094699314,-0.4359747928299393,0.2221012423464661,0.17295460301938154
-0.7728940676702195,-1.048898932066822,-0.7650113312869062,-1.1970912878722841,0.06009698118479408
0.20802828681707455,-0.7425843749054588,-1.392618018071036,-1.853282259937703,-1.2888848598376328
1.3683852643373733,0.9135238596703322,1.4333528093757382,0.8797931070495425,0.9949599337361912
0.05750422144071674,0.8246110513121996,-0.7053300534567286,0.016117594536531388,0.2580270900790132
-1.2979487146804336,-0.6891336097793466,-0.07391996798004781,0.2540113821591619,-1.4620842110608632
0.3140418332185394,1.266573933593159,-0.08764007320648723,1.088017702139158,0.9326677557589088
-1.6709576385998886,-1.3010953270295749,-1.2119656657320965,-1.795450737589608,-1.794933969686036
1.3642448720652847,1.142967281144548,1.3095718652505062,1.1955446388587476,1.5904920279788741
0.25687023285271854,0.5545798005681823,0.2842376342940293,0.696051423772386,0.5131888261712985
-0.7105713285864005,-1.9326142851622776,-1.7294484767851575,-1.7664962914633087,-0.7787226747372513
0.8906420522014762,0.2093170909191937,-0.04904615088231034,0.7636421355336646,0.5547110049841073
1.4447729752857168,1.4334544225759889,0.6318669151330295,1.5859091061413861,0.9085144717641512
0.71324750480958,0.3360216935569081,0.7535399026608158,0.7201846955784529,0.4917864511513412
-0.15498500417552413,-0.34166312019526746,-0.0434107053836951,-0.8669681466008387,-1.0175577735370538
1.3894941444376732,-0.6361636462759569,0.2726965587825623,0.5518085574590667,0.819825863144813
0.6897805827796952,-0.16209606028659188,-0.06216552295973028,-0.20938322695516,-0.571007249520052
-0.9208179141126588,-0.7080202944709194,-0.6702893052144823,-0.8152479467025825,-1.4512715640382476
-0.17905667228402297,-1.3365779189192382,0.1590038518518142,0.545915161601937,0.3298735000072322
0.26062037842263885,1.288664678203988,-0.47042161253259024,0.7798881698612311,0.7371024074483804
0.44028677343227873,-0.4751220064483782,0.7378295879414354,-0.1167665813165363,0.5960415686993117
1.0693251487233626,0.8990411853021332,0.8354852917060361,0.37876368218718603,-0.5612655437323472
-0.6801116371593342,0.20418604972732496,-1.1657317749249554,-0.7089355029969503,-0.6900675128876675
0.44300034497541285,1.2323924477349988,0.20164764420717698,-0.13460640791270895,0.8551188337148216
0.49380275401682966,0.31882392278595695,0.6892068081060128,0.542862229690556,0.6248759121434507
-0.33095235801298956,-1.6608449931596305,-0.5712149203872279,-1.369827653907574,-0.3278212302843487
-0.7206866016420518,-0.4356671286115274,0.2195922999208144,0.3882283056534999,-0.6777358360974459
0.13388820424284611,0.3256849026699069,-0.019982973654229765,0.05901354962677709,0.31566880820151383
-2.1596816844944895,-1.5513239385060655,-2.0059640231739433,-1.391265843360987,-1.693785738429347
0.05892416377089947,-0.6348017553772305,-0.8868875247266402,-0.5499693281894591,-1.4472095564418663
0.03408287239118464,1.7981311062486547,0.5890274520688634,1.8332026422063012,0.18515048049885396
-1.8911603850654153,0.38930985384886446,-1.556715186513864,-1.713173182144408,-1.1409228598852257
-0.026744871864029473,-1.0330533110236189,-1.0666958488448952,-1.0972295004398653,-1.405732225955593
1.7722518345254572,1.3517829983381808,0.16902502253648097,0.639059711159037,1.1728163544622836
0.4154797351638868,-0.6052721496884149,-0.5303967741688171,-0.8426525979610338,-0.7743562408368888
-0.1025580461966674,-0.6336498245736202,-1.3247718833854563,-0.49536233427399723,-1.001308994606443
-2.4920530230921396,-1.7491098445346056,-1.9880825608494337,-2.2247832356700314,-1.7918538253563756
0.2724338049830095,0.8772791150142885,-0.16194124667950036,0.2790650404998545,1.478376137430363
0.22761401889743793,0.2989355411552407,-1.266789341166327,-0.32240744797242804,0.840014947402234
1.141795854232661,0.91079012258828,1.1007652544124653,1.357181731908134,1.5556129811306507
0.9436300696245248,-0.3885249441958792,0.7545786060865666,-0.8141982667411908,1.0152266447341445
-3.048419365748535,-3.347631971864687,-2.726716178734351,-3.110584016911041,-3.132156072464638
-1.119035300079736,-1.030446336388841,0.5612880883092042,-0.3799512884918282,-0.8842900386050114
0.3621560853322456,1.181940524234961,0.19350895026592946,0.5114235794732039,0.10481162793930604
0.9871148017383288,1.610238434515366,1.3083806545425618,0.9982656115280112,0.7549781300448831
0.5433900279664967,-0.4893254777809544,1.0008071399200293,-1.0405703798133998,-1.0190460028063495
-0.4239313896501878,-0.12480249912371767,0.8358598612886955,0.5413866870967525,1.0010493224803643
0.09433445480732987,-1.1756624848694353,0.37767570221786056,0.40356238493633,-0.7731221034569781
-1.368286973277889,-2.3422920462792547,-1.1837224895276077,-1.641398662751926,-2.177729880893662
0.018103341322301042,-0.570403616154156,-1.0038148761407515,-1.725750250218265,-0.5833192745191363
-0.7557577408367268,0.3202920798799949,0.4259064453405922,0.3870770748784235,-0.5759087429295606
-1.0657264742184953,-2.1850812353955607,-2.5291040945551178,-2.0895155813262734,-1.6489734562347744
-1.4158145394780384,-0.6791418691500631,0.42258166516990936,-1.3993253917138804,-0.5400938581819361
-1.2148047769987322,-2.172201758510986,-2.441137910131018,-2.4283542608304463,-1.9444820045730926
0.13346084814857437,-0.6657146288095659,0.14159011143192063,-0.10188562393524415,-0.22827420237767654
1.2093944415059297,0.08798307805764514,1.0301570095981967,0.48973018230270526,1.0409562537947346
1.925971963077892,0.7731754142208778,1.332594729248438,0.6815917420743396,0.9143928347792805
1.2278439703024793,-0.3564531500373557,0.7338596472130872,0.8206943995046455,0.7085382731871087
1.7593569180011635,1.9722470002962795,1.236479167189879,1.4193315847718442,2.2648614536076903
-0.1427969341932841,-0.08165884164129908,0.691109311439886,1.582452434793295,1.4305712364091492
0.22521725714873753,0.9155269081490958,0.8054523942380318,0.11254340243133443,0.16525951156838858
-0.39450298465588624,-0.6508402956377476,-0.0967160907299099,-0.49263931056977694,-1.4554470448702548
0.5849143494573381,0.11883386985316091,0.8291047376346039,0.050338869658334506,1.0680357070749007
1.2424306770691376,0.7992429520460043,1.8814569622730297,0.5784381855881929,0.7846670425065095
-2.2889229980602908,-0.7025635141578966,-1.2968628163603078,-1.1361906205558572,-0.8298975684783383
-1.3635244679939198,-1.0313889301462098,-0.4944076650558249,-0.7305556891956817,-0.9148331470710422
1.813466451981731,2.2241931086674924,0.6786751219337727,1.6276291286603444,0.6331785956378622
-0.314400353555041,-1.3723908057980523,0.13990154155510642,0.07050005041804647,-0.7335147464678509
-0.8380274159681798,-1.0381767943303664,0.4414812117405344,-0.6584142820870533,-0.735116535274561
-0.8940516026927667,-1.076478537399099,-0.8016882572407424,-0.9183439901992507,-1.5931528941283595
-1.0859872213076847,-0.1583197075101214,-1.036394442760514,-1.042621035585194,-0.33107219616527767
-0.0564404412522329,0.545578092018286,-0.772602398092536,0.4511183127611881,-0.6137924891634922
-0.21369617695591012,0.531234902624796,-0.5410363986242901,-0.1946452231101895,0.012822424603286527
0.22839397398005265,-0.003164815767137886,0.9831616522571933,0.6807162938542826,0.872326483166776
-1.6661650013882445,-0.5614481995059122,-1.3895128244819348,-1.056336847353016,-0.46414608182935707
-0.6010685332428155,-1.8448448024517992,-0.26181369757480216,-1.7627639718784653,-0.7988721694774051
0.3108703362463314,0.6487592671170079,0.39845443251174517,1.179573317571135,0.3215248664688245
0.7856660478395939,-0.25109662335268895,0.3883127004353055,-0.4935859558014491,-0.6008085011072254
-0.28322836959866377,0.1883106408103414,0.10578467905006655,1.060529313703439,1.0430295401840863
0.34340661409767115,-0.5003468953999912,-0.5608050012894644,-0.7852767472591342,-1.2719913473203717
-0.13377096691355383,1.4644905135365063,-0.7376563702554235,0.31053649384899845,-0.02588337367300147
-1.0883150867228646,0.16643530193556902,1.0292737264396585,-2.048897251065298,-0.4791741431699747
0.4686147991445336,0.5882337379530219,1.1371113451023078,1.5008963147864083,0.5374605427051291
-0.3299784104111242,-0.4644656655784835,-0.22366053242565023,-0.3768902911552066,-0.008373246445758048
1.5327451888812618,1.9781821379929923,0.9656480558236802,0.47623321763625126,0.19901052951394557
0.44293300379879635,1.7822010014627259,0.3840815681838378,-0.12747453974277081,0.2906181087904957
-1.703468843039009,-0.9517820278152966,-0.8893803823845154,-0.38794663097593696,-1.0739898215752979
-0.7783889457950101,-0.6199707066931129,-1.4027886426692548,-0.10346431873970505,-2.647317442024465
-0.5013437369149235,-1.0384133880469766,-0.004903268515462563,-0.36759246612004454,-0.598663053691789
-1.1135539446420568,-0.8881294243072185,-1.1275318939423076,-0.4313698024593493,-1.1249340258274265
0.04325246700419262,-0.967402058332414,-0.8809082125131885,0.3041029370875821,-0.6822365560483563
-0.10728991070667433,1.3877627184223034,1.032367431418173,1.4069953027098272,1.2797659502195549
0.2470968070795508,-0.24779148678609966,-0.0015547625086386697,0.14212995340054893,0.7316583688519083
-1.5237083723055436,-0.36456872501563653,-0.8757990796940752,-0.5255663880681307,-1.871144193605504
-0.3064372413005824,0.49562597210167614,-1.0474872456330375,0.3085909458586089,-0.3141465833689834
-2.455621722985879,-1.7264722739706295,-1.2485154376504068,-4.21839601924437,-3.14574402473638
0.3530603070757484,-0.5104373196219568,0.33257772481264747,0.3586399356434293,1.2434255938520347
-0.14159004360494154,-0.23697874305107072,-0.9040950436087998,-1.6917385676053929,-0.16507147048834483
-1.7613327540795023,-1.1018652560698237,-0.8444273184048797,-0.9048454119566626,-0.3752831163098748
0.24588557922079735,-1.2597797277199116,-0.04761348021776314,-0.5910412503669615,-0.0048342432235855114
-1.6432646908450856,-0.10256560883294867,0.8415471049766513,-0.023373464234972486,-1.0004524647671973
0.7326873376098766,0.9455264893581729,1.0647936565034244,1.3184676123012486,1.641930544165434
-0.6598570523009096,0.45949022880876034,0.8375194190287978,0.4152800812091636,0.08883842182716879
-0.5207673049525581,0.8084764039556026,-0.15695234463916916,-0.6293325754286573,0.9216415045619228
-0.38250268904689383,0.1474048304376836,0.21148051039163626,-0.2898179626145768,-0.18672038471444322
0.3683066754739229,0.2300804264084662,0.9369302983002786,1.7701084183575166,0.3402553508466108
0.8028224059652032,-0.3047142413402724,0.08234543699418506,0.017527639943034905,-0.5411208353625394
-0.13970152582586626,0.06558558928756339,-0.4582882143026955,-0.2533366060067522,-0.10607971287285223
1.1831161338212233,0.25430953133061046,0.6957768714377068,-0.10376852712842283,0.520533038102878
0.1318464499326277,0.38420770395012865,-0.3517937411449751,-0.08036676258140527,-0.44783057260521164
-0.015992215368256013,-1.1663824128075886,-0.7775596470136759,-0.4314008422234253,-0.8195663189850604
-0.18847172214018007,-0.17583828980342714,0.018074072723802004,0.027988576021900826,-0.05137567790777999
-0.058477795858602605,1.4749789407228653,0.15331671465210514,0.4164360656507112,0.7741518809382616
1.706449398014318,1.51603940581882,2.045735477840093,2.883026625480371,1.4945154930489857
-0.8218561861378859,-0.017578460534483645,0.13380804847388375,-1.354780509800597,-0.17286475537324494
-0.933640376042915,-0.2501045451602598,-0.9934597054512516,-0.9745587270662476,0.20364862506341236
-0.9271754000901218,-0.7574888624432282,-0.10611256185251523,-0.0337100170097392,-0.27736641577115
-1.3120992839105852,-0.945624023208608,-0.6577359706913908,0.14158469061416645,-1.4835222601507654
-0.6050581413768182,0.0026967542548101695,0.019723028332745862,-0.7244614872734556,0.23756627611586628
0.6258110075924296,-0.8855415302259055,-0.06059989500218211,0.4839374992623379,0.4720961518188767
-1.3577012869471163,-0.7262267782660751,-1.1085324527038263,-1.8563768557395481,-2.0091850736507726
-0.4184731805381338,0.18422867476017013,1.2159996292819968,-0.09399090375059606,0.8985683313986886
-1.2348412429747304,-1.211054899570405,-0.4007088123635672,-0.16328418814299794,-0.4667058886123923
-1.8105197578228243,-0.3880177508251165,-1.505016437407009,-1.0455272572631547,-2.0168418767959744
0.44298636405432373,-0.9062675236517544,0.21110358207685803,-0.8493833262401654,0.15401528306282591
0.14048188277891474,0.9634114346845666,1.2749251720280017,0.9571748216296806,1.7223338417586989
0.8933324313241415,-0.3761989293468805,0.16374119952606184,0.508391140171561,0.5230413817724247
0.539751426488039,0.9273898706083246,0.9404080019452428,0.6667089656047599,-0.44205397497863397
-1.3946243257418378,-1.3183569038271967,-1.8025770104460004,-0.3965570083329428,-0.6858334460797224
1.1178720168484961,0.9092863848972682,0.6378796611496513,-0.3005560292210346,0.13410067353718863
-0.2005811539154466,-0.07281666497229922,-0.9044332565816869,0.18140418333301025,-0.10608525053849607
-0.6352960878860585,-0.32871920778808417,-0.3543047475754985,-0.2039543037783254,-1.148890584288066
0.4211167343288222,-1.307654814200032,-0.4275008280547713,0.7396909510977313,-0.9382084417607331
-1.027049155533545,-1.868050749051512,-0.37535028459300424,-1.029052546999674,-0.5176205528528127
2.4116855702026534,2.1885970728444404,2.672012647430826,2.8242727942204753,2.9569501014635926
1.5813103175023706,0.4281803115183132,1.3337735847362813,2.3467463761668794,2.5472145150438834
0.9547217546805778,0.62860980543208,0.6508822376365769,-0.2916200259990789,0.7084376395634511
-1.4356112859492558,-0.5973993462074764,-1.3220021425261763,-0.7007651017692968,0.20357067940244353
-0.9015463353993948,-1.6105562596642033,-1.8527854544202909,-1.6051897967860207,-2.2568989851042893
1.7955882502780764,0.01869961126583027,0.6533308772762733,0.772776999748957,1.4106217859000934
-0.3850511416186473,-1.6922934719803422,0.6811917957119146,-0.601281518761817,-1.3114647196659077
0.0918644772228547,0.5819793719621577,0.24713542833516886,-0.3072345108091428,-0.062068905421103035
1.2373990731186864,0.4519060327755052,0.33081899101551854,0.0332305266998469,1.8658606806324045
0.5431168053232032,0.4005408862313143,0.4990416056211327,0.8428198108682925,0.7291862810805052
1.6475892979453746,0.8991227960892215,1.2541125018669872,1.0195197786785004,0.3722173424236695
0.7285069648278838,0.7995365812866494,1.084814223531194,1.3749788436460497,0.1764661559523298
0.9907135020868831,2.0083938934108967,1.6599408912678533,1.2763872600884725,2.940263651442968
1.1687177829117195,1.2569797682190373,0.8467110490996045,1.0863168533070198,1.3236270072410448
2.04991431174741,0.8650285635726958,0.9809767191802159,1.9799264997831967,0.34146366350219065
-0.5337800890207489,-0.4447585142404949,-0.22985492815210481,-0.3423981287558987,-1.628664057034775
0.48848593559640063,-1.3397000045588923,0.3848355026260233,0.279080426963033,0.2897319554438415
0.08135329142401404,0.06591455692080907,0.13080809973734012,0.41926726816508303,0.10171496474604942
0.4608629733921025,1.6114518873490418,1.9579913068447141,0.35413716777891835,0.6470315119595376
1.0360041257183088,1.0889001301749641,-0.15423770660170913,1.3268279963473026,1.6826518676792277
-1.9919801878173178,-1.9562670840739338,-1.093573660288305,-0.5355408927568582,-1.8940455803888707
3.022698199073768,2.1904802967695383,2.9356979187820826,1.5539205064006416,1.7188485714627286
2.138757018434959,2.0718788031395987,0.692372161980513,1.7507374081847427,0.1107142531150011
1.8043815945889912,2.4307122347639387,1.8907039863349662,2.6411547392415216,1.7415309406424277
0.49295853524390715,0.9521636117085994,0.5566215341905686,0.3535440590205048,1.6826504588805056
0.07792041030658912,0.5476236860751169,-0.2958361840670884,0.27510469079936145,-0.029981421593001593
-0.23771481913627626,0.3710361949892986,0.3079372478523254,-0.03631173288725867,-0.3649083326991012
0.560417053174742,1.0570316385564522,0.6752202730347718,1.646744602616006,1.8792171042002361
1.0496020282095917,0.0003374616520901959,-0.24854517815550634,0.336943207166242,-0.316702755115705
-1.2771749550553473,-2.1506033651772603,-1.0302506845263801,-0.8916951394287731,-1.8872119797513622
0.2691156947774737,-0.1643410037728438,-0.5161159944639057,1.0152022247168502,0.6116953344350472
1.4031806760144239,0.6549813370706703,0.37412545144829595,0.4405807341887808,0.7962487383811401
0.025514390645217835,0.28420947391209844,0.386167327251826,0.4089395073221075,0.4323350481478352
-0.13731695301453514,-0.38611240300562033,-1.466902866623762,0.5501767832655414,-0.40401953279752795
0.4216755392773538,0.915006454722059,0.33702509386518964,-0.2666882242873092,0.31434717192741535
1.9732477649557874,1.4480486801698587,1.682229521375894,0.4783526340309482,1.353454106824994
-0.298979281366234,-0.31859236968266025,0.4704533361800264,-0.7857918132546552,0.6671496731699604
0.62689406276847,-0.13547321713406976,-0.41876133832689966,-0.11389839555862363,0.33064700913283857
-0.0322269141855715,-0.425359007051103,0.0719341948831439,0.1433667839947951,-0.8214798434929932
-0.32473937106359435,-0.4185110346897711,-0.7462852024376707,-0.1759629891012983,0.3481841506656465
-0.6406942235921886,1.5730621737589925,0.2129409412402923,1.0550003422126832,0.9565038161534845
0.3642024691948823,0.4940909284996556,-0.3960545906658317,1.6144650173980617,-0.5360603213954883
-0.00014398570700280616,0.6519465668299735,0.9770625292870664,1.0851475330837443,-0.2463641001421922
-1.0619341269878804,-1.2823981359906291,-0.9881039880458725,-0.23829833430883074,-1.568928584931647
-0.32859918786490244,0.0018139946878138033,0.3702741206296726,-0.20106242449906622,-0.033535880597669404
-1.5741309208949974,-0.8543420644085888,-0.6154248864128812,-1.6574287408388484,-1.9154276010408031
-0.27778715343993876,-1.002141591562788,-1.0919091794395737,-0.5772485217396054,-0.35789116604903215
0.2305193457682819,0.2634398596904381,1.1966411258785872,0.49830410090130645,-0.017703620389674678
1.8395576868121952,0.6138763894608972,0.9348295820939722,0.5969198627113593,0.897824658123272
-1.0088567662258558,-0.9305412897651998,-1.007160263221256,0.13367897164823275,-1.1623022886742562
0.6350499343813651,1.0052399804276844,0.32579802741381364,1.880885218290515,-0.537795497553851
0.10375378187891766,0.29364738915357763,-0.9756295746481725,-0.6390999378215008,-0.18947124980316365
0.04210935899180458,-0.14721109168376956,0.4904752272060718,-0.4260577229804026,0.07893641820815088
0.19528485738760612,0.611118660193261,1.363530667752196,-0.27556381642652433,-0.0882038039595037
1.617846990956858,0.7034975824419817,1.3085117585445616,1.0921457664323555,1.5131117466232118
0.40362016432301157,0.3531795193061601,0.36679389144909247,-0.43504550998943053,0.19500979404304755
0.1435551857616119,-1.1110444784882145,-0.15543291869330733,-0.48121166467312604,0.20560215741310775
0.17118915862206624,0.08807946891631302,0.5135642375758238,-0.5332579171323956,0.7107386756417746
1.6639678261672244,1.2244044417030837,-0.6607127578798414,0.3964510522993395,0.43252188829116756
0.5396938773418877,0.3518188827121724,0.6735401287804372,-0.20847474247740289,0.025624054167978708
0.5227787231237586,0.3805186782573516,0.8719310445930234,0.3725948066862586,-0.3968536670099147
0.26829235723617223,-0.7754486343237553,-0.9066617088852276,-0.16467817349864106,0.26126853533224736
0.8785160663426667,0.4669039576338789,-0.9893166235754425,0.08494591324571223,0.025404673481056062
-0.07191104557914349,1.3509239873075372,0.36881874015205207,0.2781656691397429,-0.02171091858365199
0.1291701198523941,-1.7825483587817526,-0.2976768909938441,-0.3649926559426436,-0.1650167274440288
2.8806404916261323,3.6185699204941324,3.322369601680547,2.547323524988417,2.535410437944393
-0.36421158539779513,-1.8405884213145989,-0.854258843767246,0.17460601670704218,-0.9085765367696507
0.6912272633787893,1.326401098708019,1.4676413996926054,1.376810023670874,0.927774941637881
-0.7206489811055689,-0.9147858069549942,-0.35781734401043924,-0.9143892683937186,-0.03171406235881302
0.4403036764566254,1.0307679217857726,1.4282852133735817,0.8872467056837376,0.6374566816306185
-0.03713824722569326,-1.0436786979927777,0.7134528642946045,-1.14648824000084,0.0028462118682295334
0.12564007749422978,-1.0877942723663223,-0.4726180877163007,-0.776852671489792,-0.35874248368841166
-0.10740287972516882,-0.3424908954847657,-1.2527229729234788,-0.24750281820937597,-0.8806551685397628
1.0855738967509392,-0.08369431165913829,0.5498888889185265,0.22947706697253228,0.7521501778201098
-0.34542704674154623,0.20234996857821427,-0.47192881455355906,1.312888880030163,-0.002406188001794253
-1.1077467050863201,-1.2791036240299385,-0.8418285847816296,-0.678762950526547,-1.4668678488273683
-0.4523906362973855,-0.901779859646367,-0.5007667685421273,-0.2431510155701109,-0.7730563091457645
-0.8576776684393151,0.5109226397607022,0.061474318248414865,-0.043699208839732835,0.8150144384664666
-0.4790989697592136,-0.3477236343808449,1.4353017366302212,-0.16834930652718808,0.4368443830385876
1.4573648258163336,0.7152220951081782,2.096079459195378,0.7610263101212511,0.8822851037389848
0.8765321231212514,0.7810513190298334,1.2053590022566656,-0.19941945935440517,0.4194377080760732
-1.490139265422396,-2.8504922716496184,-2.469517640424644,-2.692588882406237,-2.518292695263898
1.6463099003948516,1.8299952149910537,2.2710455857240652,2.278104055140849,1.3750728212252221
1.0386293588784548,1.5561258389293098,-0.007611220527237759,0.7852807068775869,2.4877559783896506
-0.11245520547708142,0.12083243595936395,0.4223634850245541,0.6824296304579917,0.04190020464972066
0.3873243939891347,1.0621831453740358,1.1069061087178553,0.5617020160717612,-0.1884375706890627
-0.9280175444854154,-1.009467684577998,-0.32191601880214554,0.4054019332101533,-0.15561094535463038
-1.152109945569831,-1.8682461448145786,-1.3991912064179388,-1.0430540284823133,-1.2976853303823965
0.47865100492703355,0.9172942916550192,0.38217572609287775,-0.7325724396435331,0.1425040382356333
0.21073027140650819,1.4755577890110931,0.4562324318695555,1.106186305547876,0.8344708286245952
0.5921583354716236,0.33444708928797673,0.48649067824456926,0.47127045721304517,-0.5801912428156705
-1.5826361207692319,-0.40906185348071766,-0.02342029153458031,-0.7237983520347722,0.20573138562580434
0.2980366301098473,0.7866109106109558,0.02805667305316302,-1.5996819953607821,0.486964110570813
0.5338253187618497,0.5464898094704659,-0.18865066925498158,-0.9090097779882053,-0.5463659662691749
0.30103949320695284,0.4048621916422715,0.13747031330896278,0.8515764076668302,0.7754683932993817
0.08062766518246982,0.42108032145681434,0.31639649175436985,1.1334330790099827,1.288442509803814
1.0262742813475472,1.3853705394556934,1.052079777886224,1.7376107726441528,0.6209738671329319
-0.6568883786818769,-0.6714869065821671,-1.27283450553872,0.31396849030951474,-0.8514311273221313
0.30481528996031443,1.4333483016099409,0.42692309094799147,0.3596473747983737,1.2438385000392846
1.2115127171007387,1.672870344380022,0.3070476112662446,1.4622177797002471,1.9363143752309757
0.03858310116851817,0.1164916670362566,1.0812236373466932,1.08018311750848,-0.6952517839720926
2.026418441318967,0.8026079759891729,1.07983764003317,0.7153597702437816,2.067538482372625
0.055772436489008724,0.19076549645894023,-0.09668923291329985,0.5220254056333485,-0.031241849341660185
-1.7400506436722376,-1.3006543838749032,-0.8757698011420313,-1.0942418704243437,-1.6564321490966567
-0.10415610999976985,-0.5006959391631158,0.537784393527428,-0.8700204010694115,0.10775022382596933
0.7752860761848995,0.33165813852073106,0.7371116999860684,1.0204215280139355,0.10739759735954274
-0.14898165566138313,0.2143386746001435,0.3107953397505961,-0.48669717428237746,-0.36881455425740467
0.9262322448948513,0.9627865464519249,0.6343966939095042,2.502351957276863,-0.26471372284457984
-0.7045670088305969,-0.5846435352355043,-0.5155275064455748,-0.6757192100970847,-0.9523118392868659
0.21540147013058644,0.9024998494606454,-0.026827420918007,0.7012991288020868,1.5368756198806683
0.4342518734419171,1.4902994004241699,0.7557304967740098,1.165804075413959,-0.6347918960875994
-0.07853956912699457,0.2054651974710151,1.389571618353243,0.4112568196394815,-0.14613908132145945
1.6864609137151187,2.4528695051703946,1.6867901835145502,1.7798030217706136,2.9684077977627705
-0.3502480061199934,-1.9488848468129856,-0.4247322009887742,-0.33951961394312163,-0.1252605576036472
0.3910995494413849,0.12091364602460321,-0.4366567042720288,1.0995769552148094,-0.6975663045155116
0.642842697597771,0.7849281289948434,0.6715091967796653,1.1780802697805148,0.8624959595957271
0.0977917141382732,-1.0733945046642253,-0.25297789328343767,0.5604300021812114,0.579800651343706
0.33138680293978356,-0.9114637397948671,-0.7082198243807252,-1.6642743731408862,-1.6231804796532947
0.09861021628473107,0.9419406985831331,1.7090542817238445,1.3736957299946413,0.49313265188327593
-0.32990661821778916,-0.35031550125326355,-0.4026304459302292,0.19340047783625153,-0.6535980343458009
1.4876323957297466,0.546128808470716,1.3331886614611441,0.5218390921454905,0.9505576657399287
-0.46770480174797396,-0.6659938461640121,0.34093547296938664,-0.7853537776085363,-0.2961032285604827
0.931884450158836,0.40380011294619517,-0.19177674015772664,-0.1518334270837359,-0.3909017056375666
-1.5233483568041395,-0.5017326187147362,-1.4507500030507436,-1.0884354730445445,-1.9802654572679554
0.27305400385959483,1.0343515316191219,-0.23350351376274114,0.5391752785746222,0.7773005406422596
-1.176622350364686,-1.1480347477543864,-1.1293699544884765,-0.6539460662275101,-1.3733379109704726
0.5855081176634357,0.4134969602837344,0.21878074001453354,0.9567971093328934,0.21612493848173095
-0.5492616607221972,-0.32314827028154813,-0.17219140500266894,-0.8388394783800369,0.5972080839645346
0.8075271336870188,1.102962299149168,1.5450018430959631,1.6394866758308215,1.1625858963866667
-0.3913638511998692,-0.7170647778476532,-0.14980456315307356,0.416172695518901,-0.1891572774634339
1.4762319486881519,0.9387349594966781,0.883419486539732,1.415973429093779,0.13572202456154298
2.5394694794928956,2.721125672797111,2.9946253043584217,3.1940595304658785,1.6687646917429027
-2.6131833768450377,-0.8760817479874975,-1.8429604216738247,-0.2737404172970344,-0.6049974860311544
0.2032888009446149,-0.17657884129002588,-1.7763597620377112,-0.11833904586338372,0.0997050235178733
-0.7848071454705505,-1.8674049527657859,-1.3774119856319982,-0.05830991277665516,-1.4644714710661821
-0.7172593334859738,-0.14838742698233118,-0.9429045578834931,-0.12007339521873024,0.0915465283770692
-1.7625881967364254,-1.8868903100067926,-2.014257806617938,-2.1072345232665417,-2.1386574449610385
0.7854599251723731,1.604714918065039,1.5271637649927274,1.140087524205346,0.6072236215201251
-0.9451683283244335,-1.3208261987239274,-0.4626063593912308,-0.158774229515566,-0.5092801316836699
1.135452368704512,0.40040757871441235,-0.3796279763287833,-0.20728475601649926,-0.3168881805804186
-1.3059470521153032,-2.0295979292657096,-0.2521051912660167,-1.5353191597676927,-1.412520994528074
-0.9461781041212107,0.41599969630033434,0.5531185607660476,-0.45395242907846745,-0.6348246984404088
2.750112866646528,2.465394822639566,2.226759517097979,2.5736978804320985,2.985126667298188
1.700475585994726,1.1597599787153476,1.3856856651776723,0.8199612389600371,2.2779552091698423
-0.2236503432580453,0.5750955459723054,1.11863585269546,1.1807367455924105,0.21046975611942167
-1.192447834066199,-1.178843394852912,-0.9267886064737167,-0.2263424594713656,-0.0593566717763569
-0.13379747434359018,-1.076976436810087,-0.24095039919514194,-0.1796698288172123,-1.9792621315320018
-0.24281366921087938,-0.9614078872378262,-0.3408194312649521,-0.9145859899745991,0.7293537200920571
0.3192323997690599,0.5875727864183004,0.4841864410903666,0.3949179633623737,0.3342853787685177
1.0824524015644728,1.0133530387250174,2.5540380123144,1.6722021676194592,1.404835794524557
0.15150799501982992,0.027848704694216072,-0.30732164739119233,0.1920069082800527,0.06127627820636057
-0.5517414232369359,0.0562471026572944,-0.14544654734925647,0.286351675055473,-0.1904031928348721
-1.9211060154939257,-0.938841741446879,-0.3575748486852794,-1.0584362090637576,-0.18361806648048137
0.6112699137944627,-0.15158894555991523,0.5160341823459162,0.3034140822705061,0.5502784171915476
1.1665881414512376,0.6357128679413717,0.6677446321400851,0.01736554766643343,0.2030372084155244
-0.19613203828433096,0.9980490275721288,-1.193034457403942,-1.0811329990179135,0.5735670692898737
-1.07592374429129,-1.1244760431494203,-0.6291354297584187,-0.16961566844177486,-1.115258076715482
1.0586473435812525,0.7073002290058162,1.4312729112176439,0.6659535996106497,0.625312645409808
-0.23784528879717093,0.3497614553684459,0.49219141811340755,-0.6954981623184164,-0.5839376776375256
0.7332397373235444,0.4540046886133223,0.6027216428979204,1.0379856183858407,-0.4339886136565413
-0.4177488292010215,-0.1758641823596607,-1.0588016465679095,-0.8167265416701636,-0.1708161874776243
-0.9651386228279404,-1.194127817832019,-0.4800196352356497,-0.9687118047922747,0.1472350626192895
-2.9882302869716044,-2.5726880820651123,-2.487068309700396,-2.66277796692998,-2.9042172609262433
0.04629512511691087,0.269204109266678,-0.20242061543240536,-0.9407467399705602,-0.46232173794592846
-0.5178540498213254,1.0674846233686812,0.7955363417059558,0.2184496402387989,0.9464047243064703
0.10507719056601424,-0.8446523989002848,0.10093794542379318,-0.2963171351357034,-0.7947116781227157
-1.0611884159437939,0.1231720170701726,1.021230657904417,0.6994704601929348,-0.39718010243045593
1.2093910913834323,1.5500104278137912,0.026492481630527975,0.1624528999435247,0.6136087438685237
1.6751117060127756,0.8380310294225632,1.8627517144374448,2.421695372261019,1.81225520395177
0.9011736929453358,-0.40198063275802864,0.9606673447539396,0.459858316573602,0.4877077880290195
0.2804903841399946,-0.026370855315745716,0.7089205461719256,-1.2792854160973988,-0.6685104183190799
0.6775560397420393,0.13072323247927128,-0.20069451383003248,1.0641393151517238,0.7994820149894585
1.3807554011471752,0.8537351948635651,0.93612373766768,1.9287177012083485,2.257465493982519
-0.31797806316425414,-0.5700798997863813,-0.5605723021873967,-1.209022492478488,-1.0658440533456683
-1.3162267577720321,0.9905573643540456,0.5115402700299317,-1.1213236129016657,0.05221634475989319
0.2132545367580019,0.6978867486826451,1.4430503882502645,0.9243756407393344,0.05164596832288519
-2.286701351501707,-1.171176209360463,-1.5814349434897546,-1.7309940197851408,-1.9977704670433167
0.5358241870411048,0.6847920009081873,0.25460382724777714,-0.4357776637143496,0.8246854128042925
-0.20080532466713225,-0.9522294744138513,0.41950397464233286,-0.6074201931502332,0.27174841782552245
1.354695674845946,1.2698914494319573,0.9204161437518135,0.9082876381950483,0.6836458006067879
-2.0763055355850644,-1.7279170344173076,-1.4739607997192359,-1.5773824466270339,-1.9035956172574815
-2.1978804294478342,-2.396399806389167,-1.6535935037575151,-2.5533203818393,-0.18607988641574558
0.3012315405662081,-0.23829140070180954,1.7910246781924364,-0.29201303948640417,0.2560745094638241
1.994235590885253,2.5597270199896633,1.7362751377616157,0.9993195568129991,0.10075690686599718
1.1372468163352691,1.0420186072250586,1.4793961873172765,0.28697326323071815,1.1044536880915448
-0.9883940756102222,0.18079712890600103,-1.407414126721779,-0.1749980578423681,-1.1893207752616624
0.668263250634312,0.5239192197756,-0.23438708499348251,-0.19704192174133822,-0.5505655618849201
0.8017763144855826,0.19605244594302992,0.9825183645560873,0.837796903626366,0.9521255702025652
0.20921933705811083,-1.0895391738076692,-0.6615567570734371,-0.38218764643635017,0.9603165625308592
1.4491895705842852,-0.47367586142283274,0.22553508805967326,-0.12067526918495979,0.2602352513810011
0.8129355549445757,0.5778655545252426,-0.100061457648322,-0.3989333842779559,0.01775338190064059
2.5520112537352597,2.3703480785028965,2.398158759008763,1.8331917185805549,1.7212314596776177
2.175320891455899,2.5516019510346095,2.2538683961360375,2.059662266548809,1.8486692946201337
1.3488138580793507,0.8538254420380128,1.6248232325331626,1.8297424008017142,0.7091912671939212
0.2176577568903601,0.2034896597690125,0.09956471191824562,0.1900027148748823,0.4067897980305215
0.5597950413429791,-0.4102385026433045,0.5352866899661992,0.2354029863380379,0.8563999374701797
0.4333753865216309,0.31907646234482934,-0.10601796713843047,0.011342083396666822,0.5281493083268209
-1.3835706026932602,-1.2534489082831382,-1.4035339059962288,-1.0837352579424635,-1.6751344499271925
0.8628606460735483,1.2141445367666375,0.2914856594133054,-0.2359955662308677,0.8541335956397569
-0.02689973470451824,-0.23176291510087058,-0.4786317926644853,0.19022897354896662,-1.0265133846422734
0.08703352041362623,0.027944344963199582,1.4394311432830464,0.3120414780248014,0.8080960037461629
0.7447156307302539,0.28930675651671595,1.3076921824311805,1.683489195278818,2.187976904023805
-0.7626890779583787,-0.5091848003601973,-0.0968642489968381,-0.021606453872948014,-0.2689384393825568
-0.10146988846338126,0.9280420978017918,1.0037348327982987,1.4829275352020543,0.9791503259774562
-0.9827125790734368,1.014175664099836,-0.5157747486201811,0.35674283430270587,-0.6095170221605176
-0.35026629695948713,0.3209151407380292,-0.011607032382500996,-1.0503556319468,0.753564646884371
0.26096929999603796,0.22070887576996662,-0.09756373891065523,0.35631699925445526,-0.12077360873673468
0.6073208845627835,0.9144428894909573,0.19207375547175792,1.2870179813589226,1.2649125059994293
0.232453487146919,1.536397832554862,0.7491692700046929,-0.4809386124826095,0.9810592847460009
-2.3087402486598436,-0.8641975705782747,-1.4987901986148404,-1.9858685525495883,-0.48848436531158523
-0.9559907040283374,-1.0699779872160582,-0.5405479984670245,-1.7431632207434122,-0.8410131748211738
-1.712509088070175,-1.9528808192492078,-2.1254905072303836,-1.1712808277146238,-1.148311242456495
0.22605963833241963,-0.7889595413920626,-0.3142440350495185,0.3982384023672436,-0.3594990458781943
0.30456475600937877,-1.2193555482978617,-0.18675958639857151,-0.35671302192566506,-0.31245816752016575
-0.18635843851525774,0.21901727168100016,-0.8463081196481124,-0.6149832073782225,-1.073514932023105
1.3419229799069603,0.5167988103010538,0.49665233808614095,1.4897306873337888,0.9066840267011019
2.314410029333093,1.1003027457448376,1.401871880444812,1.374445080847081,0.9692902793441556
-0.9930362006793569,-0.8069928583548532,-1.8407775725908981,-0.8947777512169013,-1.4697413111150714
-0.3919914424339787,-0.45797460082247327,0.0639536454815686,-1.5988290038167323,-0.3613058578803234
0.13203041189922843,1.041172051479099,0.4134645161095699,0.8184099440120264,0.3170039791206023
-0.7930166774247406,-1.9192958000603604,-1.1017037312301312,-0.33014448708890026,-1.2900071042925128
-1.2065622885751972,-1.5479023586249177,-2.003821580737215,-1.1459503894331449,-2.058755612990795
0.5208962659402968,1.532609873477582,0.504156825152124,2.5117725315147736,0.017529728918903784
0.10981124087637939,0.4954157905072332,0.42903221037418154,0.27384182878197444,-0.23201872569183649
-1.1983517144639528,-0.8067250937688938,-1.1944126680592315,-1.1815826928198392,-0.6289562219512421
1.4047722748630704,0.28951688446675683,1.2672515644901616,1.7250578872337838,0.7245429705110777
-1.001097122486953,0.303029011251681,-0.15514043875022215,-0.045922759614250526,0.7627967628222556
-1.8233309217864082,-1.5974476609261608,-2.048521500496487,-1.6237877651831112,-1.012045070251089
1.609104759275754,1.5608802546794178,0.8647067200786017,-0.11599964669289861,1.474138617032408
-2.104479782261666,-1.8880870394200198,-2.0213171012482167,-1.2008357175657467,-2.319467711420118
-3.487310970756725,-2.8911621002319454,-2.3080937158869426,-2.054841937867409,-1.7021619962101306
1.0103169617092587,-0.030990979736721002,0.8503270578495378,0.6060576954737842,1.1996725638782166
0.6299156240922013,0.8325211549899173,0.3760512048384871,0.31554331930789675,-0.18180987978770907
1.168467637844147,1.1034518929434125,0.9120223743727572,0.8212964470831609,0.7483474594937719
-1.476127712743728,-0.8379946328638417,0.03192775666916971,-1.0770448104046286,-0.7933696186440614
-0.5629340975251601,0.19745601367490218,-0.8242106899369441,-1.3315780262494785,-0.7969050120563763
1.2429105087379009,0.34103732521252567,-1.634107378841735,-0.17027718986327445,-0.8628097003676515
0.3215122868388109,-0.1624619951550724,0.5103592916352363,0.043059609589725226,1.2104132929291238
0.4090996133832788,0.17921776080533636,0.05591102255864496,-0.011006683806050542,-0.8626376807975071
-0.4563038921598882,-0.8354690071989189,0.16277772140508018,0.09691243206267393,-0.20055350409900763
0.6388234293844457,-0.3056516370729849,-0.20589461879742005,1.0184935256956118,0.8635400213112286
0.4775502868269923,0.4372371077181865,0.6629644234673187,-0.41792075514838084,0.27887912482599836
0.6393860327720066,-0.08272472197004378,0.7497483621493516,0.8652528660169126,0.38531860211405183
-0.46397466634716733,0.30167899562282696,0.6509503444132646,-0.1619418964091579,-0.37368569431954995
0.5212850369025387,-0.872277162874588,0.2066914159484698,-0.6085218242905445,-0.08086859972833697
0.3170173271109569,0.059707913902017816,-0.3883868858593335,0.13335465153467568,0.2445648222243672
-1.7629571507119137,-0.5548708954806142,-0.07905665135999299,-0.6725784790598028,-0.8802603266530467
0.967416140469738,0.4940722621588473,1.1609232177608133,0.0629272083629907,0.13583167450262834
1.4740378549016884,0.8911127837397265,1.0481831927695153,1.0867016969557717,1.6995090221603326
0.4442183309062554,0.34243803784606014,0.0482933389850239,-0.46109285596680233,-0.22687753490189133
-0.8094819874204143,1.063780191095844,0.3743351557344681,0.0488377355865335,-0.8003125235559514
-0.7990860533715552,0.3671468401810035,-1.0024168602306414,-1.3945860440372215,0.6713303912996659
0.9109164839361388,1.3814569748497803,1.2220095130344761,2.1017449146066074,1.723923103076561
1.4775991664265096,0.17228069875977367,1.4515809878067938,1.0351596477232945,0.3134508348747367
0.24743007454211816,0.1351757675039189,-0.12788547979214288,0.2088866257660322,1.033321090344209
1.042402427042787,0.2646073084767921,0.3204142003104479,0.712752722994166,0.9714665842173974
-1.513162594943851,-0.12878667299310864,0.14810648737954238,-0.7873557904085239,-0.39223605629091834
-0.7359575679327961,0.5108484110993244,0.03148376074490974,-0.08425886154784476,-0.11781968353081501
-0.08733586621186684,-0.19208548575325596,-0.6362941166969549,-0.25533438850815676,-0.3104773556045651
1.9584879323465014,-0.32264332915157046,0.736149236644498,0.39473321876556206,0.9598810357945035
1.2264699362246176,1.382942910327647,1.6133200735022213,2.339851513930488,1.1417870477132241
0.3233059089170121,0.6926946743788388,0.4216784014829706,0.3564494264020924,0.18386799214418864
-1.047973158511047,-1.7636188728584554,-1.092850446008763,-1.252333194160141,-2.5085380820683185
1.2874666893286786,1.2059791432808016,0.6383517711621708,1.2045704331084217,1.6676861915284575
0.42918553514068164,1.2699950081368157,-0.14307173642307858,0.19911289701075396,0.452442099023033
-1.474597406871813,-1.9590549002976398,-0.5407623696537146,-1.600331805333198,-1.9405268819705173
1.8220168234423455,1.7053806888732224,1.746971893005069,1.1344076955126443,0.8895873358190444
1.890601974400307,2.4419185596744137,2.388594028267199,2.262291957815436,1.2887815991405263
0.6730896088576559,0.8788922557956187,-0.4095391524264876,-0.35623722499064725,0.8623739169191459
1.8743958198646362,2.2451940953143907,0.930087999028939,1.8660702759808478,1.2711136724168237
-0.5128702879491027,-0.8796025431145658,-1.083740374596519,-1.246387876075739,-0.08378401798646805
-1.432424509187175,-0.3136509219933914,-0.8520810379874507,-0.6441974127022644,-1.3249161326424452
0.30506674314439536,0.8585614852534641,0.6176183956012038,0.7981050219969339,0.13655564684711932
-1.630111314338095,-0.8435212096659636,-1.1466156485418446,-0.875256262611999,-0.1049531189382372
-1.5273020038507508,-1.2061159906747436,-0.9794576160210967,-1.459551384506724,-1.141138243062195
1.520143411889886,2.2089538816666088,1.1815384851699482,1.2350827799581032,0.980604045575946
-0.06554485961952977,0.684063712158168,-1.0696921308606409,-0.26309923695490073,1.1408034201060926
0.6413903340177786,0.5876534736350773,-1.0961227120912453,0.17606984746336343,0.5941294990580258
-0.5747667497952977,-0.7517706390807497,0.3265223998326366,-1.1132545970411112,-0.4896034958854935
-0.41023480621757247,0.24571684798176194,0.7723425381773286,1.088696208041339,1.8884662169128175
-2.011781595891133,-2.0362395655354866,-1.0108500070901236,-1.0064722279752576,-0.9605476167169288
-0.019725763904669583,0.47833874921272196,0.22178479670745252,-0.21015315914630242,-0.4470359356322289
0.31382644534201487,0.4107204635474298,1.0239256866463695,1.4026466248328338,1.0799125982515263
-0.8611348224226165,-1.6298077561415514,-0.833969385070874,-1.3370148274114617,-1.0953745886401973
1.6589931887625826,1.3122666773541967,1.1944946937997745,1.5100394405673485,2.086981952104678
0.7589763828237898,0.16345508521542565,0.09128093263211397,1.0916138055256277,0.3455389656212123
-0.7451094003046106,0.06759308674770684,-0.4602269861692967,0.49210569761119266,-0.569536717866814
-0.19317006114641186,-0.2629024732818072,-1.3482885204097301,-1.4680057514732856,-0.8821676676928555
0.1867969449764252,-0.41802000458973526,-0.6057684497136682,0.0034992408955907615,-0.5358640121085978
-1.3315053490515245,-1.3260894053196222,-0.9788477379724398,-1.1291207908661929,-1.4826937540962069
0.9275422224079615,-0.47117989390612014,0.35015187946736287,1.7893241285907409,0.2586293124989536
-1.930193667087203,-0.974710270887665,-1.0954662724852968,-1.4734686258256642,-1.3075714216124799
-0.40939869997833367,-0.7691126784018919,-0.46434469887367347,-0.43030800376594647,-0.3229759528034699
-0.0018607589007294371,0.9936890645896755,-0.023330045293731536,0.7886077286373874,-0.05159264699688992
-2.5512670174600856,-2.26114040410531,-2.433785363324,-2.0486297329730068,-0.7510494185627654
0.1957624694327855,0.07578747530376236,-0.06671569821911943,-0.1598298123754234,0.9964006358078973
0.20633089288383297,-0.8305000754292877,-0.1722821936036459,-0.09592618601689908,-1.13887988398785
-0.8453791377027617,-1.668104717065359,-1.519299811909385,-2.3320767432980194,-1.177320005480716
-0.6026292723850983,-0.7330240491922569,-0.44069602243813627,0.24390893728510546,-0.3888740874807847
0.2674159751591846,1.8092545817993553,1.5990889687634215,-0.3333315959404199,-0.31447370786227496
0.6786232788881764,0.9144796881408955,-0.0064079398476578914,-0.09809910163449756,-0.4021421836352524
-0.8986757470685361,-1.7092384365921542,-1.1364907566532887,-0.7797478982935515,-1.0780970077776109
0.5871800735123568,1.6866370934856503,1.4047944930593996,0.8570012883819214,1.2612631720345888
-0.760448993895487,-1.3154269569891592,-0.6037853805123181,-0.3839382187007271,-1.5050109173609156
0.4290907242228683,-0.20583107122719627,1.7591142127478923,1.2919034766164341,1.081707494161365
-0.7937980532851717,1.276601097596559,1.2558379159743027,0.46742829088871685,0.9961219717193442
0.6582432425194766,0.6727399875734779,-0.04515194181967818,-0.1390046278483346,0.011236189145927545
-1.4277746826990876,-1.169955474260101,-1.4686329507998888,-1.2410331767361622,-0.578406599858529
-0.541835151760522,-0.24681820837367108,-0.6649019365925494,-0.5571280625799961,-0.3841573064368329
1.4971618411060978,1.3202984667483013,1.3884990732861302,1.3961645750576563,1.7558988884405253
-1.1182555507240532,-0.6128395507262919,-0.3287961689622528,-0.15711615165813117,-0.7313185576965971
0.900022517706912,0.6505601468669288,0.9647876633717224,1.5343819715574285,0.2966620535645536
0.5741977445703949,0.8108602392426169,0.935086735758939,1.2504841924394274,0.5384204033553569
-1.1225625229097105,-1.4630576976483864,-1.7740149538409504,-1.007739647476921,-0.22466198364763104
1.0764974510963397,0.6765614975726371,0.3926723088487266,0.7053429645615291,-0.243393079863183
-0.10070579207806386,0.17787041372063556,0.42712877947849404,0.8912842850104173,0.16079135815192377
0.2887464827158281,0.4365342637248301,-0.881413393435597,0.08594964378987585,-0.4924256746543411
0.7526557455244614,0.7571283365978978,1.1704450339946295,1.3425065328374468,0.3005509393040004
0.05160984202949245,-1.0271586479912802,-0.6545903985814,0.03809215435094939,-0.5038708011669862
-1.0022238850246794,-1.3641392079963663,-1.911364794303622,-1.3413506960058372,-1.4160975994704357
-0.573740927684171,1.103304153527986,-1.3848737659005799,-0.43386323248884195,-0.12861753197759188
-0.6701437081458234,-0.1252305101825901,-0.5682541119180166,-0.11988324563823764,-1.120845934937341
-0.10121590656249015,0.06767382748480694,-1.152957006419857,-0.357212410905899,-1.1472223055222337
1.029770261396068,0.6516982240835971,0.12128869091886925,1.2603075732170248,0.8451979411341254
-0.25404605449441847,-0.923841862439467,0.4817955963559744,-0.6252479045822852,-1.1947732708011192
0.24204672795486315,0.03780570678952463,0.6237594149542014,1.1231027782944014,0.9096844892366655
0.5067680086914542,0.4130016667340985,1.3664863345405145,0.6083409204137046,0.7236863552898285
0.7009289251047479,1.0998008649246651,1.5444842564750931,0.3970368690396524,0.8656942043518836
-0.5011311872691127,0.6298947292625765,-0.015317707530529396,0.4663871002329695,-0.3766896363379685
-0.1490716149012023,-1.5034144116194894,-0.2105328792713444,0.46563345375343734,-0.8397980271039661
2.418119502704701,1.3646914038616615,1.5879512824395547,1.7148545430166238,2.2350520029540544
-0.5412432034491219,-0.8472367871428004,-0.6060923689832414,0.7296942024801448,0.02364391830813911
0.3540248538245995,0.7853166294628582,0.6390867128788544,-0.37552892154636747,0.9673107022948454
-0.43259628852781484,-0.9562737781861246,-1.476961002434672,-0.8195421171705352,-0.6102205218538811
-0.7458970076734341,-0.4445649121627455,-1.151612745667565,-2.186769749946133,-1.4580427115434331
-0.26082915432163356,0.18701165483496135,-0.8743828705382701,0.4042553227733197,0.42352949649025756
-0.4286706596934022,0.06377258075562738,-0.933255089378018,0.16420345802585593,0.8492991396568575
0.24515014878089916,1.0482474309806948,0.9152334867812195,0.41761833529748266,-0.3767374598760307
0.47999478115996036,0.8962657840650635,2.4561278038105256,0.36866717895826384,1.2375848751728984
-0.26821954636001083,0.26803194792377727,-0.13789008618858736,-1.3491583195118653,0.2874021124000442
0.21265215498075274,1.427274916815782,0.3214748565428849,0.6623082484531972,1.350276443379835
-0.9579994788146662,-2.021936643078854,-0.7069868437390033,-2.0242209972306133,-2.1022751639353907
-0.7814902770696572,-1.3842609314336887,-1.4840733532095787,-0.8580038209198317,-2.2204447070383946
0.6443404197239395,0.37419063831422816,0.3201995253245316,0.7883092314317228,0.8488500430673966
-1.9879637365622804,-0.9021180133364872,-1.2524998083279761,-3.1508642975002807,-2.286898878232657
-0.5239326635382153,-1.3162743497504144,-1.2063963386893377,-1.385323487378832,0.2884090397115431
0.191395007313094,-0.3274788455123689,-1.1680675582443152,-0.6061340573905696,-0.028376657496890556
-2.002122301771716,-1.9057450595395062,-1.3860166234850135,-1.8644481392512373,-1.1347173971494702
-0.8178581559489599,-0.7598681276788464,-0.16732094221148797,-0.05397563714030341,-0.010434938414054965
-0.8450462724477694,0.02589465174275739,-1.302539618399014,-0.8784412357939657,0.3111961080149452
0.4326621272227272,-0.11654629627753198,0.18712588463220697,0.8818511969476226,0.4458400326169765
0.3461071132949426,-0.7119579458499908,-0.5112670901300377,-0.35675841407143905,-0.1588069538604216
-1.4997266842350268,-1.205755680905266,-1.6932719280760287,-1.7618702509688415,-0.770801196743843
0.47397568992976713,-0.5031027426434282,0.8597489711223877,0.3311843901841839,0.6682699358697334
0.5079143743310907,0.963040445475455,-0.6801496262115692,0.7149791636540632,-0.10285116424170733
-1.659304773337064,-0.8087168420020867,-1.0868656723954295,-0.8156377009868789,-1.9105374584827106
-1.1287507777268202,-0.5109515575550374,-1.4103135712330404,-0.26334120450219717,-0.517499373505032
-0.8583512547676654,-0.9577141630315764,-1.149193319960952,-1.321705718501915,-1.9723616995693771
2.126391515429499,1.6336956068589152,0.9960347592571118,1.3935242948332471,1.6361899450113866
-0.10542908167893585,-0.6253776582237193,-0.00744310596215271,0.3953041406710601,0.4520954756826764
0.09905399384564631,0.7100838393702322,0.5269617018702216,0.1906663311731405,1.4927185219316892
1.3816403724501791,2.3315381849441303,1.8673554795718692,2.17621778747295,1.9009525384719912
-0.4690617428812086,-0.13012840727520877,0.18829334462900224,0.26768594986882643,0.90038053259073
0.9198988683455193,1.3423770200043765,0.7927619316259102,1.2674423574440263,0.7789023257413216
0.9071515624473393,0.9684320217269846,1.0352326767699307,1.08861201346697,1.05089358464436
1.8624403235345042,1.902899333703708,2.3767480729910284,1.9931614733325316,2.5687864742681237
0.26577642095761983,-1.4431436463361784,0.07992231124585152,-0.7459263682329017,-0.7016635397817037
-2.018477236436851,-0.9665784067861134,-0.8806025484600952,-1.0990174120829093,-0.764777699438405
1.4797291659561271,0.7459985554448204,0.6942116983278745,0.26021228165133353,1.3808245610914038
0.6863105968193108,1.4955052186758775,0.20557167038444932,0.5602499404214056,0.8209689888463473
-0.7777634196614966,-1.2290938623034378,-2.0527896148374896,-0.27363033225458755,-2.66918563119649
1.3579431358967329,1.7663068880624089,1.8133624689445802,1.1022096432411834,1.4106345532409013
-0.1547207994456314,-0.5645974678148926,-1.0162796247830643,-1.0319475289857998,0.1249594970895738
-2.6376780847119448,-1.7465839627583646,-0.6197285227103906,-1.992728566755494,-0.546519239751882
-0.2772820973098705,-0.4966333823252655,-0.8028390482471705,-0.45990914002560646,0.1893898815207387
0.11182484988902172,-0.7599441344141726,-0.9876046224673354,-1.1190367604263955,-0.7891847856077991
-1.8976120138983552,0.1290822845527663,-0.08263389732019884,0.6266278675465781,1.321901942160626
0.6169632643710783,1.0135496190437046,0.6870812050518601,0.34679062172229,1.9614261960320871
-0.09455289231880801,1.1976168413604458,0.9744713752479179,1.360153997631194,0.3701339107023011
0.42575797632109047,0.2997965185047923,1.678889707020701,1.3870875742045796,0.677864797638403
-0.6314756991566435,-0.22470585992630024,0.04760752528040458,-1.1219013008797238,-1.1108476829038207
0.9299589168385266,1.5418055363091272,1.3170252012211747,1.6460808181831392,0.25902360972285987
-0.5778443230274372,-0.6173564281673751,-0.6314975439401802,-1.509651088873938,-0.9709567999490278
-0.07336293265001365,-0.3518065021151995,-0.29738527063175146,-0.8200695701895843,0.21312429580781259
0.9457271272161397,1.0748277695431352,0.32020298375209905,1.9314561096295253,3.090837476448916
-0.19676293216958105,-1.1348392276904213,0.40115036035093593,-0.4098373121902101,-0.49123113824425285
1.0306453697103537,2.4069108622249455,2.454163753081598,1.2528825459570276,1.0737435012703913
0.2781541446489545,0.8977894765565109,0.1828990879056629,-0.24271757238280758,0.4461297081320039
-1.395842373230861,-0.4512687738405262,-1.4045921884302779,-1.4165798083809198,-1.0784534361992943
-0.9578988030186332,-1.6874300312748023,-1.070346653529811,-2.0174111046865186,-1.71343228020196
0.9687161389507608,0.6664751870791088,0.24964354924398774,1.3170800383245442,0.1548636347593836
0.4207640212520224,0.29897869072097405,-0.6946088669559402,-0.6294165352124784,-0.8278468629326571
0.7996296811494938,-0.6626470542850733,-0.035197963012909866,0.7528667929090836,0.7660652665687467
-0.8375781086913237,-0.6088261424061212,-0.3231692847996748,-1.0926321113179942,-0.7528744374751833
0.5897061476138077,0.1619116753989936,-0.7070090792127439,-1.0305505796153636,-0.5273374934369217
-0.6162115738203385,-1.876563622574627,-1.3658373248291584,-1.1099111034034785,-2.2291585249413766
1.9869044881598645,0.8175402038486533,0.5830133575741525,1.8456943762326015,0.9686347771543219
0.574245302440108,0.33688119732427174,0.5790019511124246,0.2124704177404334,-0.27486776929699563
-0.8130425931820936,-0.9183570588501551,-0.43728385950924875,-0.46209956297596455,-0.8840119650087137
0.6671076106399119,0.2933798865169399,0.9725832725616425,1.1920958189366775,1.4863953518400776
-0.6945308565352125,0.7135829248466276,-0.272372531427681,0.34384741943996155,-0.20481027234935714
-0.07607703537867931,-0.47776560053356903,0.6413572670406211,-0.805524779392893,-0.29601158605341776
0.5245228756316861,-0.7525148055206118,-0.24975153188939092,-0.32697198274021294,-0.20274713204845057
0.078518953707968,-0.3553425353672281,-0.045826606758010396,0.2828804229277784,-0.7827267911624806
1.5052459434274674,1.3717130087119522,0.39367442823500154,0.8296316319502305,0.5489015527702075
0.20811304040256645,-0.22167387649551706,0.5268214414540175,-1.0881816048172845,-0.022749721511748946
1.0267468110850235,0.07224353840636262,0.39597002291735134,0.4157539178337862,0.04645080325585509
0.18729522494513967,-1.5053686726161377,-1.3969166063924112,0.05632621244323256,-0.4707373299960699
-0.6533213450609409,0.4186817004374442,0.25475480552729224,-0.07904544875972798,-0.4111191315666213
0.8875035067186593,0.9336080237431477,0.5474872301544481,0.8801895570486993,2.4129387782474034
1.515891436450476,2.899390097873115,2.9876926412504536,2.155419873163162,2.2618732989191934
0.11620881150058388,-0.014839575559067805,-0.4339486287649533,-0.04366276272243938,0.09753194280010798
0.9876353522388978,0.5917204511147041,0.36214623368777754,0.7946859826368443,1.2915895857050088
-0.005073105844786081,-0.46016644642184085,0.600828596809004,1.0371208233325295,-0.499472251446984
0.7490071089264453,0.43411533656050894,1.0055893583413469,1.8106611384323605,0.34312550570860156
0.13220639232937495,1.1686670952741953,0.8316721323833864,-0.007968603849228368,-0.015593156060873853
-0.6952886966685465,-1.928495870044815,-1.959303372056763,-1.09084468376799,-0.7896337366680678
-0.3215342756323427,-0.61086943172665,-0.5865961437275313,-0.8389722651912253,-0.1444732088449358
-1.039714255728897,-0.4893206468115002,-0.6099924501050767,-0.01214379767632083,-0.4000452279171631
-0.04267829903309263,-0.9072880746505964,-0.2207512707782683,-0.07429884458717342,0.5881584406514441
0.46386481474231894,0.6492647942880496,0.3740404232783845,0.6182193380209263,0.6414389358887715
0.7395193416363951,0.6094668625826196,0.5204044589009124,1.422626735538554,1.6328658483353775
-1.0857336047977453,0.6096610835653888,0.6926253156981886,1.3953216052807986,0.38414181064732195
0.6939238244625616,0.780221685156144,0.589965212242696,0.7253394985559891,0.912199813172083
-0.035280514174867834,0.13549692234867775,-0.5656327448698545,-0.44241170635559524,0.2918255196771797
2.3717067856838465,0.834205066460131,0.07072152550019775,1.6610931132759232,0.590596266944097
-0.5898271158146529,-0.4446683480352957,-0.013163086903259074,0.2641903042129171,-0.27200599750039806
-0.8695222251261497,-1.3011129752867723,0.3088041209337035,-0.8874307668394924,-0.026312100243476945
2.7628169352535408,1.8306312054920402,2.8370239734338774,2.4222547783668698,2.1050667776974357
0.15836410134766915,-0.8113581495161503,-0.6866156252266601,-0.23076300085013401,-0.0928110043706979
0.4194558814393006,0.0777300358428647,1.5037670272986186,0.7954839030762059,0.7518399701071813
-1.4758826280725497,-1.7768980843865958,-2.4197041580092957,-1.863751404300077,-1.193181737631439
-1.2140244976619996,-1.9758538944619897,-1.6944253460930516,-1.053554307997149,-1.4789843968777658
-0.1326678423805552,-1.0816127643575353,-0.24817007885856704,0.5870403910315866,0.2220320371494327
-0.1315365481501966,-0.2222363413485416,-0.5287245435995681,-1.5484352978300158,-0.7234117604786526
-0.6752409848491764,-0.6658292817189086,0.22792183073964398,-0.9021971202060769,-0.5451033903360442
0.5277844857850275,-0.2836327116258234,0.01480302775123582,-1.7041609755036,0.9480953278270955
0.7142026071009945,0.7871851799962456,0.038951509579819965,0.5987751412071028,0.6228798673691623
0.5246088039667884,0.5600230458158577,0.16656881912416874,1.5948964614527068,0.8589883572992988
-1.477628594719999,-1.512367568537595,-1.2076391068878831,-1.731952918871228,-1.5482691317421378
-0.48437771113968897,-0.1659296249350304,0.6883451853996874,-0.3880228682578249,0.030782965688803263
0.10749397237955863,-0.5050972821245773,0.26735488225450343,0.21750214647104044,-0.28619021793985916
0.0047332894291554255,0.22875059937306721,-0.4041901098839678,0.21892857243382033,0.8244945631406638
-0.8470187887813339,-0.5837000280109788,0.3820856040394805,1.1214116673258092,0.15424340408364015
-0.5120251976117901,-1.4289933921969975,-0.13601590939108033,-0.37208226559385826,-0.02841610677422044
-0.1565196035306323,-2.210089218871015,-1.4524350375027724,-1.4563748977663662,-1.1847542305768763
1.8301333096502002,0.9582657718514126,0.5364992069149853,0.2733608326735209,0.6065647652260232
0.3347905867870605,0.186361204364957,0.8513506400286246,0.6216911700932307,1.3867316654350064
-1.3961911803749498,0.3761628459176344,0.21231553996884553,-0.5397773306828818,0.5663090793435425
0.45012297485993913,0.194369461742302,1.5646449032699368,0.19362230581681739,1.1129449063869266
0.14138380316400495,-1.6199046125628578,-0.8403971135092622,-0.08432540577274295,0.08606221992495855
0.4848043264078846,0.8051194701831244,1.0587891324900451,0.7820686104970236,0.7856217135160468
-1.105417056118124,-0.21345842823863226,-0.7911249326569011,-0.07687495062851427,-1.5134487508120578
0.09279998416536081,0.050481458279486024,-0.4095257166399718,0.02090188940688359,-0.8557101230392635
1.2945106351653108,-0.006525197379756052,0.7607296070213705,0.5308576924550772,1.0219707728414795
0.6734280931557038,0.6899174387779514,0.6348641815366785,0.7792960627883461,1.1981490335736227
-1.3863848997914268,-0.7957217799564843,-0.13282144878310115,-0.2110581061061954,-0.6484583920727238
0.7891939241974063,0.001310346140679382,-0.6001692040660513,-1.2940414088870387,-0.8830319477445681
-1.071936383030021,-0.8021604571106811,-1.1288980396331532,-0.38336275226659805,-1.4956626734144898
-0.6466460260189045,-1.4008735873103575,-1.1561950087557098,-1.9207057231274038,-1.5096699899238055
0.6596525886516453,1.2696099820541669,0.37716246790929886,-0.06815086730842179,0.8328571605797181
0.444391966939232,0.13874297546508532,0.16952797253767105,-0.05839669096170115,-0.1714592891370088
-0.3619438434077754,0.7768971656849519,1.8733109977372449,0.808204681112451,1.188191178871142
0.687855578955256,0.25009970392382047,1.215120211329579,1.210131348137117,0.7967657290156341
-1.454591436224109,-1.1870621732850843,-0.9863754623282771,-1.3653887106461957,-0.749858371215299
1.2615747393330135,1.124804385657058,1.0595547405705683,1.5389353781208543,1.1855789888848902
0.0463934516871179,-0.0038315797730162937,0.71581430380373,-0.23899668799348098,0.574217229458328
-0.5398742667416271,-0.9223480031926976,-0.21250190937875701,-0.6468127246343416,-0.8311695254896894
0.9644523744784579,0.32908632932035675,0.13755654205184825,0.4426676124711163,0.07839301581223829
0.9581397178983084,-1.0067214346285307,0.5756266638962851,0.12687820794077753,0.62553413448946
-0.6727339979859857,0.3449658495882032,-0.5706705432057844,-0.5349792780284879,-0.266546006951287
-0.31451990601400154,0.34022102479307653,0.30001086820734046,-0.24142705812272536,0.9933130341012901
0.2922981385492161,0.3388940382457951,0.9646206735414623,-0.13085970759030344,0.29171723581444275
0.9702841028694664,0.6425682430750114,1.1773276315308283,0.4970349039173083,1.8221001755699204
1.0892267667212032,0.828736161253129,0.7928218788180913,0.23113746129081686,0.508601386870535
-0.7314864827523758,-1.3645552851636178,1.39616145835983,-0.5480019203816471,-0.2019277859322215
-0.7837208826441627,0.6837719446226739,0.21904488723861187,0.26503646625510885,1.3330625697487093
-1.1911785958554268,-0.8078196074907346,-0.8092001369764824,-0.7455714827351286,-0.10518537611706143
0.5733979329700744,1.2933631546981033,-0.36194540192082564,1.1702105795370292,1.3657854037853963
1.5855602185867135,1.2236347720413812,1.1633017248861288,1.1960847193172568,0.7123465619793329
-0.4228162111753723,1.0321006739077236,0.7223990530911322,1.172473812049448,-0.016245472723724327
-1.8957207112196701,-1.1970710372014057,0.20975258577741487,-1.0444049573384202,-1.1663586961490977
-0.27097906583414766,0.36963287657570837,0.8163202773271345,0.4729171070113993,0.8069589550621505
1.1021560931343795,0.5616717278408169,-0.4516015490174642,1.437257934374063,-0.18869920087322442
0.09486198248147527,-0.3863087687137755,-0.30634517040536835,-0.004699546326400057,0.08950756452967916
0.2179875288368513,0.5085032938765963,-0.940203763664726,0.5022813942767753,0.21198037450689478
-0.7109827104240583,-0.47902790013237023,0.795950078255654,0.09209652094550837,-0.6425162194721524
0.7842836408175033,1.3829196210822703,0.5981971073426449,0.8923015733921918,1.32783137760721
1.488847055880542,1.2639548998466628,0.9291990820946403,1.723007070286597,0.9508636164750006
0.9803050737480902,0.5873999772501741,1.9709454205904022,1.54500382192556,2.121310599121083
-0.630606541545724,0.44317552791030074,-0.6497983111794223,-0.19930925589667925,-0.3828447400276045
-0.24937195341008964,-0.8108053537960965,1.2125056186161844,0.6654551144042992,0.35592691185368974
-0.5715184233525088,-0.4397359160432955,-0.18301354328171182,-0.08673736161803461,-0.3754954716910967
0.678125246859888,-0.37848263234094154,-0.021516379170336185,-0.024615271201631338,-1.5160292329240515
-0.35051740369176965,1.1248200028553188,1.2728016963670383,0.7568933386142672,1.2538781978453586
-0.06556512263393005,-0.8337863830687288,-0.3091101280961833,0.033477605042758374,-1.1337197848351046
-1.058381648623258,-1.5129441732653717,-1.4334866068446013,-0.763757544819187,-0.7850515369292562
0.8295095696684494,0.12484567317180655,0.6829560502659524,1.467487916001427,1.7181952525671091
0.9862409606193311,1.0635449343645755,2.156339708772222,0.7506410167700928,0.9914729511820758
0.3083390883712862,0.17618551736790852,0.5414488350932921,0.7752372671022988,0.30099877024287897
-1.6607362211993097,-0.7560682190338892,0.6038696429929359,-0.3758877258115367,-0.9932604404270295
0.8776203561423173,1.48217648247965,1.395104275710032,0.8456051448848596,1.5012626667526896
-0.18649337866327967,0.7440711600750927,-0.158510287279743,-0.43289207618045206,-0.6544829993882739
1.2213104150021707,2.530222071444337,1.1705755623298137,2.474862801353506,1.810155736002181
-0.421628093070547,0.7724313499341001,0.4427185869328358,0.46520891847041745,-0.5763639882564496
0.95029061356851,1.5216249769868873,1.4219732054294214,1.2702463944818594,0.0006455804526587836
0.9684173546381248,1.817962331129337,1.4704923126406213,0.2183634672474115,1.110999934688804
0.43028309751784494,-0.6176232202958074,-1.3082964282964666,-0.30478103124416767,0.6298998964508409
-0.6914656937901869,-0.41379196850911276,-1.6194923269377122,-0.19134564540530571,-0.6644173368529994
0.23317234979559084,1.5216651824076153,-0.13620485762372847,0.40199418684742105,0.5729547044687655
0.17651738669618008,0.17422415976881553,0.20568859618519744,0.5049253137971663,-0.3954134630802192
-0.7914830140450947,-1.0484497731248514,-0.7345952139583625,-1.3745617383937707,0.6028929978940074
1.0690888288654772,1.7932232541387518,1.3142970345457339,0.4081047352076077,1.5048472251523295
0.809307101273304,0.5968048639932851,0.8560388885198544,-1.0014967189729276,0.1794615224746186
1.4607422422788146,1.2443095230043126,1.1544093587911146,0.6820408670904613,0.7999291320169949
-0.5275372692528241,-0.3738604283124503,0.2427488427522635,-1.1801025815205475,-0.16034532792362066
-1.7780220387388102,-1.6487570859881187,-1.8513364268537942,-1.4603029116004003,-2.0174713527057198
-1.9235348329890898,-1.065222294285503,-2.3037468072231326,-0.32748117575210406,-1.8258400614283568
-1.1692559667415476,-0.5680009118080038,-1.6743466201012922,-1.143642860695663,-1.6719396667514448
0.07025408905672823,0.39795902543941347,-0.05574475152550341,-0.30464611634739425,1.1039434107163901
0.20409769129769212,-0.4615581112156234,0.4231634975608002,1.2187194407517392,0.23811056356873975
0.9940052626232454,-0.5883315373184832,-0.48537265035973076,-0.16136766326788207,-0.18997584882123142
-0.654821831235947,-0.0028361520757477963,-0.03177198878912615,-0.40885016366565363,0.8060766161962941
-0.15091383490444138,-0.34472725678001065,0.6346530526405925,0.16249190202966585,0.3767198044002664
-0.23800581630029086,-0.6613949543839744,0.5014802815790349,0.550796664265413,-0.23048483180636245
-1.82698095643898,-2.715486215471947,-1.2535913049750436,-2.1670325951007814,-2.2887737718020813
0.2742471869202493,0.3378385755058047,0.5253251222029584,0.3789653637550345,0.2132829794282623
1.8453034982661414,1.005498140117639,1.9890082376480116,1.5548659788310357,1.3181366136111268
0.09480480305504212,0.7921919341314108,0.04625585415010643,0.4841830889080294,0.4332499728737046
-1.146388014315112,-0.951639910825893,-1.5448035478533135,-1.0459971358274505,-0.9184234334440465
0.7156942788079161,1.6717714399710588,0.8386184280475681,0.3569033315084663,-0.7377312957553159
-1.6539827518408359,-1.4693723178356555,-1.346191433547778,-0.48950658070090786,-0.735453323342751
0.12067184639586144,-0.26308182199653635,0.46895516332388304,0.026946813178159244,-0.19355767699044726
-0.9560309213885096,0.34156764188480127,0.040698466476610254,-0.9437195474266582,-0.20696541599333068
-0.7428658681043246,-0.6691720493193668,-0.9575943016519634,-2.351115696180314,-1.4819658924345211
0.08485808809781206,-0.07787512334805094,-0.3486562549012625,0.40786241481712504,0.10424646614916873
-0.513591436868288,-1.1563914377073043,-1.5727177383006297,-0.18355126683430584,0.12238544861954143
0.7622072924796877,0.48946006075120846,1.1171024936475993,0.8673240848849612,1.210991279223587
-0.2363445266893112,-1.2654206136723827,0.527320938098377,-0.05980794291111647,-0.26752986416294183
-0.337505450048308,0.20049707479498086,-0.4638792125753318,-0.5062492476048407,-0.5175979395617056
0.1446445348487317,0.6612814422444605,0.9426692959610037,0.231765590910965,0.09768412321549153
-0.34035782934184783,-1.6177195053122775,-0.17967162420676872,-0.6505890869438717,-0.5062022841945382
-0.7903242046634762,-0.5024177792592097,-0.24888964165406924,-0.0895298218812359,-0.6010444641466355
-0.3503274809139218,-0.7494389893983494,-1.004903973647389,-0.6413547815128273,-0.8987592733949108
-0.740675810760657,-0.8826233136505433,-0.8674109023190463,0.49818683644987827,-1.3221453427057588
0.00880873958030913,-0.7875429949865004,0.029947419195386616,0.024461498067009025,-0.7525117950591046
0.6055253237184571,1.0683726381771574,0.23636601998979784,1.0727090890091093,-0.1684946072115634
-0.3028409039628746,0.15410328041698018,1.2437547932551198,0.6599900241323792,0.02739679201971667
-0.5160737814602815,-0.6783105539041455,0.2283317944238572,-0.7968497674675722,0.13225616413268917
-0.06315141845907947,0.48555146518491343,0.19824739310703013,0.8248858694720616,0.5144911677618134
-0.0049260173810975185,0.08261027394604176,-0.21664094668950698,0.5770091420052983,0.7753559896480373
-0.4737467081578245,0.9679845353264216,0.515634573509883,0.18415395731411935,0.1452764538765565
-2.2524380581629666,-2.6035089356528864,-1.227428138649382,-1.5588010633288998,-1.5028889781883068
1.4406177800889635,0.9577424726771969,1.7251052002323468,0.9673917406548673,1.288495885224192
-0.5009013532724194,0.33766519534356815,0.5932363440855626,0.2430578199701993,0.3225511637338883
-0.8965531405387659,-0.001670626408796915,-0.8406915242772404,-0.5072366960022187,-0.20065213678394528
0.4058635037542933,0.9117545772900446,0.6869963577918888,1.770064139979605,0.41940673283116736
0.6883953348050388,0.16107297697991707,-0.6023212820056669,0.1706738375891949,0.4245884845568315
-0.3753209901124952,0.1953917135548673,-0.051421856989105286,-0.2663470087771032,0.35723783539261034
0.3152754249008492,0.2076615438885588,-0.29696143685454734,-0.2866535830055439,-0.3030443234455245
-0.797168175820906,-0.8704570485505758,-0.7904820290234236,-0.8857374761277137,-0.13735239974694338
-1.1467090785431104,-0.3169308489921294,-1.1027295551366278,-0.037073708066118594,0.41876943589507115
0.6307891007695929,-0.1912687641712229,-0.653754391422436,-0.32805167415298975,0.62054180072323
0.14789771630907658,1.549466813951568,-0.27122244581180177,0.9945984248125666,0.9507163346586942
-0.11688641227889804,-0.16158333381584714,-0.28399349166579557,0.0821687924561854,-0.08161704732040385
2.329206002349101,1.7149305180348438,1.2520806047480317,1.5695592227953765,1.758760572191154
-0.8340695341976021,-0.26946904190718124,-1.1844415421591274,0.34492112343302017,-0.4246302772549439
0.44619176717572556,0.023790627914118616,1.3439632140813513,0.9934883333621917,1.1661573258140374
0.20790384888291658,-0.30564690737409295,-0.44219184654212457,1.245354804900279,-0.44546131900587005
1.8074091580466378,0.08577425200146015,0.5528123899583887,0.7339214102210218,0.8177782030978007
-0.15949690727692303,-0.7045139613772172,-1.1179218846805306,-1.3575432518888508,-0.1806183073144906
-1.5408356928821136,-0.22157111123279521,-0.7062507757842674,-0.5688408489976214,-1.902004887986804
0.5242434114640204,0.815442202255195,-0.014572591600414308,2.4878517936029265,1.3207163887244677
0.20033075940444148,0.7849605886952823,0.654829282822667,1.1667027004355333,0.46901280073048146
-0.10271683920575761,-0.31567202499799385,-0.3074518669587494,-0.9254160687521218,-0.043688890460567655
0.309654629735081,0.49406605678043103,0.6194108277466878,0.3178479528237468,0.5683987340672798
0.035902229449858034,1.3530824829015453,-0.7390843170562869,0.5786304267945873,0.25542725938885713
-0.8024930904870327,-0.8980999820098967,-1.6807058849698064,-0.5353023657864291,-0.0419000630147495
-1.0840915600705157,-2.7948462039516273,-2.224767258496308,-1.28404519644766,-1.4641631516717457
-0.5149544565074395,-0.8334320886071481,-1.998761562451951,-1.240811151718489,-1.7452875362966795
-0.3626468900614277,0.8375023886415989,0.8306772856419147,0.8388770004445374,1.2520039525794313
0.9212102777022196,1.2128909503900742,0.6204556776828851,1.063805871468056,0.7359923149207014
0.06908809585951821,0.4249322503991663,1.357604918610935,1.0869405426099008,0.6621853444320738
1.654583981146077,1.177329241555485,1.3104570418617518,1.2419734338160096,0.9612068308289184
0.7799355961801179,-0.40361151001089257,-0.8838777032626781,-0.7573637368929569,0.5290871577734501
0.030744475956874615,0.19316749505187886,-0.5542984070264044,1.1890363937262174,0.05779084999035076
0.08773144409553109,0.3150649681034947,0.06721358457684083,1.0040104257236102,-0.019697324659986363
0.07109215885411363,-0.3718588518490165,-0.643903779900739,-0.24090648982244767,0.0690834660907974
-0.04607606395716115,-0.15155006513755528,-1.7634211047949933,0.24258854097622778,-0.024580244774919494
1.0638952985134171,-0.21654595523499884,-0.5308454569213334,-0.21159537519012023,1.0401355687324734
1.0596067291908504,0.7155156058851758,0.038008361649418065,-0.2844494854406542,1.1092127598660204
-1.9947960816620096,-1.1587436963159232,-1.3907850722331183,-0.9293546490936013,-1.4667670210491062
0.5203049401550414,-0.22782221461054952,0.6774810484985241,0.05549773369011853,-0.35849579062942816
0.4225259916333728,1.4093693667650895,1.0008313550015635,0.18414058038705805,0.8446184557617405
-1.1311797520207885,-0.41479147589777987,-0.4283815367548791,-1.0127706367471052,-0.5814447770441504
0.029867133757595126,0.4296948846815276,-0.48080921435685214,-0.6069596235035104,-0.8225183162007597
-0.9867322932936257,-0.11386264348274994,-0.2500282635577253,0.9557178852713175,-0.11581533099819735
1.7069635083092831,0.4599659683034993,1.6456462773870688,1.4683364332286841,1.0090636923944811
-0.23754512626474278,0.574585394315163,-0.9231590914384666,0.7075136476661115,0.6904419189682751
-0.22277628870059518,0.26906192660208444,-0.11484679959789124,-0.20021720792807643,-0.2744338815280166
0.3943689724788176,-0.26165930326388626,-0.42238364157810426,1.0389735495284327,-0.37331656789424134
-0.4588213748402384,-0.3868050356012026,-0.6075768108939774,0.3716045163119655,0.014621645250283916
0.1439594910394215,0.7481616245168077,0.22084040065440036,0.5978600054638255,0.41411135981290786
-0.5526126504548777,-0.975385720015417,-1.7546047063235262,-1.9700801321156578,-1.4267950696429308
0.4494541070934623,0.7530356724062017,-0.19981884967606103,1.5116612484510719,1.0873669720055763
0.35786026156871975,0.10493758102186579,-0.470820326021035,0.7417209571598548,0.7617766135980021
-0.009692748911991612,0.5077077280540613,-0.20881990167638922,0.467223157535837,0.6760303905873711
1.1047178895784353,0.5326644961072688,0.8302211443063149,1.0012469953067447,2.001075459820566
-1.1427611480635222,-1.0857034911305732,0.5664752870579179,-0.4758885847319871,-1.700690581968913
2.1871556058803443,1.7267731367636727,1.1472660728723165,1.121057305917197,2.409680105492888
-0.2458834872098156,-0.8292338107644349,-0.27662023546894565,-0.18485121592074083,-0.15236845619104067
0.18949281005045013,0.27284804256925826,0.28837671270161963,0.7560691127422969,0.056986537319030514
-0.7219466297952034,-0.44370286661237346,-0.20333218716002402,0.4009416387194582,-0.3741472493316769
0.10420862852138492,0.4260713515404813,0.5589701799073019,0.38737348402433625,0.10252165015657255
-0.7771925567051784,-1.1573349170347174,0.1630452369581598,0.8060994055957506,0.47885151995951747
-0.7720871224487675,0.0674829851779239,-0.039926447095884283,-0.9086499472905436,-0.6174407128864039
1.241387400410085,0.7841734462400053,0.7880384730462816,0.3432470917984762,0.6238748595764663
0.43228936253341904,0.0856340308012068,-1.2734413201500638,0.4821650437248974,0.09179350368994715
1.241809267249825,2.234202581837462,1.3433240231368349,1.3422645849543917,1.818203036972582
0.5887188705301484,-0.13092127777111087,-0.5453279418665294,-0.06780722658091429,0.3703512341136674
-1.9410240736539515,-0.6252467573240388,-0.7346279316813183,-1.4274347905215223,-0.6758171447740142
0.7624727821401316,0.7631411072179034,-0.2131195684679021,0.23185368073415094,-0.08968414203534802
1.0340384217068752,0.7790936988127453,-0.11031150145839341,0.9376553847538882,-0.07379012330802388
-0.52511205384298,0.9283451694571511,-0.33701442469141707,-0.09540306008354567,0.45180324193669635
1.018718080869728,-0.5190453258682364,-0.3159116707381021,0.30510997165397136,-0.24358914626147574
-1.1346298037455662,-0.6632185662864347,0.03422724945891322,-1.1001428415865167,-0.5773014071347996
0.18404719055201113,-0.1186694969980083,1.022487512790905,0.052839642020135254,0.38730886140793436
-0.29205752359600723,-0.14350587495532177,-0.013506683316613933,0.5058763713501229,0.977484896026153
1.372746257683924,1.5220821643949063,0.824076973024968,1.541453832629907,0.7113769552449744
-1.1483151324687524,-0.280047551425131,-0.5599576242372118,-0.669104287465892,0.017705879669380798
-0.453161694462065,-0.42220543671289473,-0.654595357212361,-0.371873041619314,-0.37478743006908244
0.5022082366105488,1.6067062881903085,0.406563521053012,0.9231409314771594,0.9187320468143577
0.5510910770706478,2.1313503137400014,0.9869386284963942,0.5876758710325536,1.0102543227013272
-0.9934389062765845,-1.4553740813737082,-0.21220310915077517,-1.8391510814583525,-1.4263690781806149
0.916024732963972,0.6054798523953691,-1.3602540070808349,-0.9336211519372811,0.8910822417336116
-0.08633352420745354,-0.7217762995419833,0.19006041793365586,-0.0686777224931166,0.37634548296802933
3.3222993942391823,2.584328015404953,3.05687188116503,2.335641353772049,1.478098855178662
-1.7839890380941128,-0.05706530881929685,-0.9435927219789054,-0.9396530038025938,-1.2284225861424511
1.4651262291582925,0.5311028292128762,0.5825595807525744,1.0271083910072472,1.0731068993608168
0.230529999662209,-0.4934122932305407,0.183652798964381,-0.23108009550423764,-0.6031699010736024
-1.2775824623799887,0.11113749164138097,0.3876892833596486,-1.0745523756212045,-1.4544217539534507
-0.31078320758981987,0.37097361156595016,-0.10193711680524736,0.2264207508469533,-0.31726920793908375
0.11629174758020089,-1.3099151740775068,-0.9299731749937027,-1.0401002743094767,-0.4610351176108144
-0.7031536694026137,-2.12465119524371,-0.4373977700556913,-2.3184011715880986,-1.5222705884354917
0.6815942246338046,0.9825160730251045,0.1083049412159648,0.21949796273925984,2.1375875971300218
0.9031285780621687,1.3852937331179473,1.297263944680953,-0.44756151226247193,0.5107962670862717
-0.43703296062753355,0.6561198518990375,0.8858860020772039,0.18969016146505804,-0.09742691851883603
0.2721864365029567,-0.3157293695784045,-0.027652319052388786,0.5656624524662129,-0.2531829014787888
-4.390715217886379,-2.7406783414916718,-2.497112725883259,-3.3783939680763884,-3.7810760437113857
0.6848395522173868,0.12479037971935912,2.1017796789806824,0.019537528326821738,-0.006537771790168477
-0.011208943283678595,0.1748458401889349,0.2474881661040675,0.1991591474154088,0.37365050290079765
0.8038311188843097,1.047846225444239,1.6836769284933648,-0.3667327699957289,0.9124713879944288
-0.10363828346817806,-0.9364530195631436,-0.14474132670161344,-0.6930975331940961,-0.35747677803962397
-0.3093348875697239,-0.6317284854890611,-0.7227260514836711,-0.16386140383525602,-1.7837349090433081
-0.2320154182253771,0.09006381381549804,-0.17038984097725848,0.8704177618386404,-0.8107706541746049
-0.879452452423177,-0.19802071070577948,-0.5852453700370506,-1.2168026737267077,-1.2134655567578023
0.4770730355185334,1.0876875083356734,0.32311597440910084,0.6947138342713044,0.484795136535192
0.41253405176108965,0.4870879100877535,0.8070641501111595,0.6647451610684358,1.4809197220480284
-0.31010872158850705,-0.9560565397372214,0.632762276990105,0.1817453757358184,-0.21465201018401853
1.5993207130558245,0.7421247486269632,1.213113636886173,0.7309070439595093,1.081916797475505
-2.316554357027034,-2.5837785173675463,-3.7692772360192457,-2.71274021208872,-1.4427713470379955
0.4333615187174388,0.5720027590038074,0.13279733488895076,-0.04480882157993796,-0.06023015229977305
-0.8903963781189652,-0.2336327323376125,-1.0374520123934143,-1.849154259434894,-1.208316074921946
0.12283944879274135,0.2490597547700043,1.2814121095389504,0.4209724783048339,1.3295728227617674
0.40126907380472854,-0.3169912405627972,-1.2533069919508382,-0.18795023253791068,-1.2603042382429557
-0.6796750847910877,-0.38762255771482595,-0.2753182731479466,-0.7348889308445191,0.6068915982736672
-3.4678642285191525,-2.8828258807769904,-3.6617711451271404,-4.450653164821603,-3.100480954564854
0.22526759216636866,0.6337610059904436,0.500221211513972,0.04349741051614676,-0.2829008071203198
-1.3930916141654404,-0.7351317088108573,-0.9506515413964278,-0.3113994917207038,-0.48203485313268274
-0.672958237839718,-1.3519245165179694,0.011869840901389223,-0.23628511088210827,-0.2307422936564353
-0.24433514881932497,0.4655424146986303,0.39526197623493614,-0.39010311394287067,0.43457896398158913
0.8813661745244435,-0.21055306043308758,-0.3389806073639476,-0.44547156787508735,0.47818697255993503
1.4125360375653653,0.6442687046860751,0.028015162555812573,0.252067612343985,0.39240889637302817
0.4141277666088732,-0.8593139032064196,-0.4359879186966843,0.9634832699754403,-0.0375992963269775
-1.0425433915342388,-0.7475771701309694,-0.579383354298733,-0.08646796306138681,-0.8509737292401642
-0.5303040982443727,-0.8970151014639258,0.04846786278692179,-0.42407349960556534,-0.8952742771223208
-0.07589944993477217,-1.1840083724782016,-0.5407896473782068,-1.2946805342648182,-0.7315660067188036
0.7053756017157399,-0.2667097017437896,0.27864634271962063,1.5586407775251865,-0.4456063709973125
0.697567941737612,-0.04290395339546209,-0.14065778933222853,-0.3400959417122354,0.31929402643438287
0.663240075808757,1.045246846683172,0.8985662623992414,-0.1674280740588333,0.9521112173264189
0.4304679443137923,0.8398807326140252,0.3185801993281649,0.5929286016022957,0.47971087035554527
-0.2187326118859371,-0.8998261622153986,-1.1035330611494703,-0.6007177281663538,-0.6855436882018421
-1.1281899654197596,-1.4018733989940848,-0.8487165296667029,0.20737176523684592,-1.0346486441502314
-0.8510869765352426,-0.1996234276859463,-0.22275641689642725,-1.0020123882113212,-0.18316620743043463
0.7047746744578631,0.6558227336608078,1.424386871620438,0.4442680752272643,0.5336439296273336
0.00712819116001868,-0.8142519667877923,-0.42044877924107193,0.018477129649766177,-0.7416877874399211
0.17392433247793712,-0.9262168991819523,-1.0920931597792742,-0.6548275512533848,-1.3454597980537446
-0.2348491736995517,-0.6682128171341879,0.10656643999402196,-0.6268977323997478,-0.6164381165122342
-0.6197305030714599,-1.34868528161086,-0.046239655848739014,-0.23821992721136206,-0.7941438141671571
-1.2725720984653028,0.17024295302682313,-0.4547868186618711,0.13581395795326776,-1.5937994592038258
0.4014249942043065,1.3597951872446996,0.22631063184545305,-0.4508260013029995,-0.22916104978835064
-0.01860607103466824,-0.2701442828944334,0.8008352225609655,0.13073934303416518,0.24834565585202162
-0.25199689832240446,-0.32584354491568124,-0.680806628779594,-1.0909476778767713,-0.33904285693250147
-0.47921033164668003,1.347787429128732,0.3543024405096276,-0.44552254407522957,-0.6686985066857897
0.27525312951231007,0.46087140382785885,0.40488833097041627,1.8934644707458412,0.43913804505813786
-0.5182466799818966,-1.3050908076126926,-1.2127516839283718,-0.8911672057834278,-1.3303312067974535
-0.1859921189845969,-0.22219603363932952,0.018659127630001198,-0.4393735259704499,0.153542784802187
0.6695143247922263,0.4163521351676625,-0.8477503662567779,1.0432906089976315,-0.301865193741759
1.1701398487190038,1.5587264249208646,0.7692210734856891,1.6732875691534042,1.0328049924280738
1.2447572705725993,0.5185768655911671,2.1871912503952746,0.7352991233419037,2.1088306473870317
-0.8809369860614796,-0.24597098786169763,0.41097164091876065,-0.15050167938864134,-0.44099389286622326
-2.5409947096055063,-1.1563502924605882,-1.2451684818808733,-2.2225569437871573,-1.727801487080307
-1.063563959064734,-1.8854161710213986,-1.4845375365279785,-0.9453397896835817,-1.4644870538852701
0.5549676143965251,0.044754999473829944,-0.14951476934118124,0.4093152400937518,0.2581260262520224
-0.5292717604776486,-1.0353645200478765,-0.9398630252335953,-0.5725674816214766,-0.7058001954339882
-2.020593563223537,-0.45754837045129343,-0.6557063995051379,-0.21196860301737278,-0.7745276876830937
0.9527957705791162,0.8457367382180948,2.1621843445059623,1.5481024984768827,0.9057500843361284
-0.21257062458082704,-0.1068041200123237,0.979180559635356,0.2938913514505495,-0.0670525999647052
0.33363522057476525,-0.04128261361886806,0.7926498880365316,0.5469230015127302,-0.3677836206041874
0.14006666910731064,1.361308992166443,-0.04614134062319934,1.0605391836933853,0.34322703605851934
-1.9590201223763566,-2.090033391650929,-1.6861279363689443,-2.3735097707862605,-1.6481589840530906
-0.6173947450007565,-0.5197538898781958,-0.9026372921438169,-0.20184824632533482,-0.20886899390462055
-0.40927247382831533,0.24425161873224183,0.4002856598251777,0.5206619905581505,-0.19836209958476658
-1.451290261460923,-2.0195916067109168,-2.415766126009526,-1.6248761377840892,-1.1833699636170338
-1.1342821650255728,-0.17831046264479927,-0.4506477195785015,0.24992276947604994,0.09821344017212592
-1.5126335578760142,-1.5298757305147894,-2.886563720337463,-1.3120681336074507,-1.6765787370515726
0.6636441615196201,0.7816831169019334,0.46052074159874173,-0.527247984535275,0.9569702348559399
-0.8300465781164891,0.08300160747355437,-1.3428341269707638,-0.8173141370028982,-0.9005364157834437
0.2713233009576524,0.0074529296996027755,0.6493916062046999,0.6143524898216645,-0.10029481404642733
0.300521960791451,0.43682601879881316,0.9779305031245462,0.3824371042029313,-0.27997465872684235
-0.02864306530796112,1.0917049519930528,-0.5249595911984019,-0.26446718842724337,-0.19617305500562612
-0.8118289756069392,-0.6016421947335233,0.01966182188467563,-1.674333862112301,-1.0054299886987277
-0.8166607230791911,-0.08828712118445349,0.4202693911239046,0.2582799441310152,-0.3914915335884063
-0.07064967444021183,1.098396130792443,0.5091039071409179,-0.04137297038148257,0.11230672717304192
0.8175875979885561,0.1045193940781094,0.5543720161436354,-0.2852387193705823,-0.02435618775539299
-0.7681085533663193,-1.0954804342977082,-1.1910108240760537,-1.0184843358646043,-1.6891324557469996
-0.3805938002107776,0.22283549868558794,0.04773734056858439,-0.30374044008034573,-0.8070395242715565
0.8593484128285519,0.4577784034556361,-0.11235005778508207,1.3600869332056804,1.2277057368598927
2.1424356155509185,0.8720763360439749,0.238486514341513,2.1751644682925666,1.608932757823611
-0.3597543990183998,0.9093648739424192,0.028199036451542956,0.769468781133153,-0.30153402509401267
-0.5681925014597835,-1.1062892941467926,-0.19580170258764434,-0.6063561961018205,-1.010909952205255
0.3818639747343232,0.35869557511030914,-0.26979485334739406,0.7375076750086142,-0.3586011287718204
1.3952120258645078,0.34702003800226766,1.3479359629902483,1.0767989902193604,0.41562168085136414
-0.756694985842929,0.24865653020293446,-1.1657431312968358,-1.3713414504781523,-1.6380170497221307
1.0870949215513248,1.268339560014576,1.6413508986747312,1.0631997631824617,0.6834643735427582
-0.11948095999085158,-0.4910210643631058,0.580749492859177,0.16223285147560584,0.1791581258232558
-0.5292731088964189,-2.1286605818572153,-0.8361049478484512,-1.7058629329073758,-1.5067968042035293
0.050115844958023716,0.5108149758409116,0.5996793357650658,-0.0020629316373268008,0.4239030088299948
-0.3947838919952201,-0.017610520235044436,0.6567266761194411,0.42873876577163905,0.016878606714956373
1.4420982784670386,1.4901134944465129,2.237276252350875,2.2299916427336792,1.2443726296756
-0.8953402921570968,-1.7116650202553476,-1.684176629393318,-0.9510907267987466,-1.3851224717590906
0.20204085959896334,1.3473344017540292,0.6475689721254748,0.7982764540037668,1.6754404756778272
-0.8458268827643045,-1.041804932473727,-0.5510051515072413,-0.5006626613163395,-0.3213254885171099
-0.8332481873402151,0.9628804835867232,0.5766009868966216,0.03635450433116111,1.0044391569505549
0.030547571323843663,0.358841052238952,-0.34061484212315335,0.2966565149586122,0.42782004933304363
-1.1747661951874047,-0.6189755886671048,-1.0802134010636113,-0.37877793715459795,-0.9708337654859334
-1.3236328927881433,-1.745152286559375,-1.652720550107503,-1.2049772902742504,-1.1910053434899428
-0.08166315239230515,-1.540181064979503,-0.3879441871389472,-0.4590500159569189,-0.5395221305979029
-0.5647906130626983,-1.220382214577691,-0.8483735518906691,-0.17189120852536063,-1.9971915806362142
0.05221122349494287,-0.096928104448634,-0.26752645761486166,0.08952494606831989,-0.610226640615598
-0.8047250534239068,0.1790285036428706,-0.7269775688993231,-0.9011130769166135,-0.24552117861509595
-0.3801077640332874,-1.6240311965021141,-0.5404356803048781,-1.578338903788481,0.01857274624521266
-0.29338368359850997,0.23581251069851805,-0.864510997292675,0.47708337170384413,-0.39486175371757726
-1.1525489394005857,-0.46550002431802057,-1.3181901185725744,-0.3743288790782567,1.3092848732100895
-0.6120224596989712,-0.12485740465834502,-0.9972516824318768,-0.4154139097225178,-0.8094245501956078
0.42203510834091595,1.2797700463545783,0.9678715164006716,0.06573853706261583,-0.5162562824125451
0.7106163381115299,0.8558005155413675,0.7768578737306963,-0.012242045974906001,-0.8036083022010404
0.22025218530265794,-1.1597634130786887,-0.07269911050552506,0.23484617437728483,-0.028945128798046844
-0.37243419140995626,-0.9895197905203729,0.09763686648249234,-0.20297316828236672,0.018168184983868955
0.1940876555358281,0.6070777350596857,1.098808939235101,0.47882455880736063,0.6424244658643421
0.5631119613981936,-0.6155419638109924,0.015776313642114254,0.49314825648315447,-0.05896633117373322
-2.0040687252259803,-1.7619314228684815,-1.2599893360642482,-1.3316839900931363,-2.166521487916853
-1.4031776163767653,-0.6723012567833659,-1.1726930563038491,-1.1195891419334547,-1.459472663132297
0.3854333468264948,-0.10412710214378455,1.3006860125253992,0.6559904488401958,0.30324529568167685
-0.3072383330526254,-0.08535829161184104,-0.8075392712006406,0.011232456373241561,-0.1180286168323893
2.793686414277465,1.2503083853066017,2.676358385319254,2.3278876688876027,2.230948390146959
1.698427961566793,1.5991002648482446,0.8169061164968028,1.7238461046674798,1.639172088689848
-0.7371300555020841,0.13175513813972312,0.22416672243810726,-0.3696323606574646,0.08646469477950262
-0.6695249078181095,-0.5908454244582434,-1.3728227278047824,-1.5837947441898312,0.0513235630756958
1.656847745455703,0.7129989019883166,2.1715735928541102,1.0057515717102963,1.6300357532805452
0.8035318039318404,0.6879757655883516,0.22587155606552994,1.2246375495854118,1.0571428936689187
1.634939142623653,-1.1919679648540704,1.106423559645132,-1.0242364541784392,0.7500695227488015
-1.997118850314061,-0.8941912265002215,0.2151532852713211,-1.5942354084894723,-1.4715047752507582
-0.47757569627110996,1.5912655100302036,0.728166869210348,0.9841733223932558,1.255787573011333
-0.4119915735220572,0.2171448696780003,0.6073155788279193,-0.5138207587448309,-0.5514248543349245
1.7921773667626535,0.5437598269103151,1.5051391057929397,1.0109811788033685,1.5782149640498524
1.8381463312439115,1.246915665687889,1.45299456787658,1.5270785206413429,1.0396282163945711
-1.9165116341441641,-2.2038104274051395,-1.9756496742614063,-0.9595795905511979,-1.834538020998247
-1.8079151432276646,0.26009369973515867,-1.568183398171674,-0.15650913501899577,-0.46476987231377853
-1.8857615211648175,-1.0706945811031623,-1.4488914966379958,-1.7481542299360437,-1.0456097934084496
0.47330492066301316,-2.3427925165055297,-0.5717908797229233,-0.2015085143170601,-0.6004447055619433
-0.20128528911310223,-0.5255250598424325,-0.5489080638681169,-0.9306305599980773,-0.5755044345587967
0.776877777169052,0.19981469459975926,0.33537451376234956,0.5475333917605119,-0.7363156880463269
-1.9738472435827117,-2.522662113677234,-1.0807210347739287,-1.6622862881849756,-1.6368635211886338
1.3594528881960146,0.7191743973082819,0.8609196581082266,1.8010406974162692,2.054195861456246
-0.3711239971767487,-0.7366259103500408,-0.17537354729466714,-0.28077652205601816,-0.3079658086067871
1.9203789469012427,3.0685231282015417,1.1933808040107088,1.8073322309024547,1.662407443674597
0.6121042085497234,1.0631030771137255,0.7147368448704502,0.9991439381830548,-0.02333663622669394
-0.14714595341295536,-0.21630258205023967,0.101796210236407,-0.7202110303838204,-0.137535535759277
-2.610662887804487,-1.758713042232046,-1.8478037431559076,-1.5890072525909786,-1.7267330969122543
0.6548571580766454,0.23684586882397876,0.7030034107317109,1.1488070366323908,1.0956803590016861
0.6668627469870356,0.4658804113350342,0.8759787239531803,-0.45917994773201753,-0.6113046893608602
0.21610891155392967,0.47952246890717126,-0.8449794402728102,0.4933420422616182,-0.325267335548134
-0.12263525970922644,0.3662847538381634,0.15742659340312654,-0.5984662546760582,0.0825904784044722
-0.917610802736228,-0.9092375154775196,-1.250677243001158,-1.419009048917127,-1.5153871871539792
0.07744599115550993,1.3666245155303254,0.014409996091302271,-0.15491389730775246,-0.4675154465427462
-0.5506411891219204,-0.2896460904138811,0.8874874445475427,-0.12060891163509539,0.5865943803892
1.3481527752669242,0.08194555706726381,0.22380845543728128,0.10532511598337663,-0.5079064241250537
0.8594824978175734,-0.4242413456439666,0.028412686185300188,0.5999080778578662,-0.1792700048853963
-0.6058134255581876,-0.6988561511043839,0.4603505504694884,0.46389772256351164,-1.1085256101962657
-0.6219694231676683,-0.9252882442688469,-0.27115983978864067,0.17982216734233272,-0.19592575758615086
-0.1405507798339405,0.3200983916866984,-0.4624310091143246,-0.3152973421770202,-0.63731649366313
1.452416552311521,1.7210658389650086,1.8655346032176978,0.4266772536108027,1.1694276745620489
0.21723146513657945,0.8676379364196336,0.8314118094541532,0.885270106996158,-0.07911079986523331
1.7276355084430244,0.18901524274013454,1.2474646792183128,1.0246368635878191,0.7011089298385159
-0.20103264432214044,-0.358289697351651,-1.1084250174212065,0.16155645563399443,-0.6091585032894596
0.9176358388007512,0.0005594194081764818,-0.9233520829859144,-0.10537173502159353,0.1830883212827364
-0.37893259278490277,0.24381104924143493,0.2732422769794312,-0.4616938945678521,-0.8119873572674379
0.18533847304883835,-0.08541528602586183,0.9435697553519617,0.7376089903038373,0.3421999626306915
-0.5089697617635489,-2.1861175708982046,-1.2497798924994636,-1.2037727785275925,-1.7671119347511273
0.3908933308079204,1.4120280404754033,0.4567163547214054,1.1239587408715366,2.168812386632335
-1.2895807334196534,0.41129776890000025,-0.6468135862539081,-0.13264820976002528,-0.8957579001139427
-0.004061850980241518,0.8318015665154227,0.8829449412233769,0.8833670245797722,0.14576796816572607
0.8798920017068323,1.1328476257791111,1.6445922039000853,1.2812293744130538,1.3626726023636124
0.33280971666284564,-0.5176584008829427,-0.9696866181043746,-0.15004412169043793,-1.1851365193160641
0.1947718384054966,0.6996966051008412,-0.48639612550140554,0.6205241365403158,-0.1752202512766634
1.1051998661370463,1.1582306622281153,0.2633212895126765,0.7816438549029361,0.15358433601534793
-1.4080088601690508,-0.7636665162359498,-1.5012624050229713,-0.5450368528909367,-0.8071094641930925
-1.759970418340245,-0.9575107981479221,-0.05500630934298292,-0.37120761582719164,-0.9590212345255791
2.1091466995318453,1.399631654773094,0.7500589941337117,0.6345289878167957,1.235319288966287
-0.6693184853222275,-0.5102842533008761,-0.2179065287516559,0.2720271176689759,-0.41985190941272543
-1.5686304277678957,-1.3813193472805974,-0.26055297075239287,-0.6229404581046014,-1.7911242728325476
-0.2272483086321663,0.8869807561783046,0.5980484883478965,-0.027753690987932175,-0.0704620777339435
-1.702608789113156,-2.134113288866628,-1.0545837767477,-0.5261944842846952,-1.3936719688441144
1.5221622108552186,0.8464503441295786,0.0007140740270018173,0.5139659514293821,-0.2602157482246856
-0.22463014817839017,-0.21586947061662526,0.5989615774241103,0.38758505487296513,0.5888574641475609
3.062482071058364,1.0208234265539073,2.378920949865895,1.5605858794552874,1.5766869002126138
0.40345387611974676,0.20684318070315005,-0.34310168300791843,0.9192672975133682,0.5702899434712154
-0.2309326488003794,-0.02698360603565545,-0.8329973332866408,-0.7568912866204272,-0.3437696806157894
0.3482333282084686,-0.31600803026059615,0.38419038293281177,-0.5960913629597933,-0.4099615674694517
0.7656789207293275,0.5432538142759937,0.2298386515445686,0.29229255859966513,0.7607852050366486
-0.510572299206552,0.049889634088684603,-1.437628066057368,-1.0562177452698451,0.21885413586776667
-0.5620173706493222,-0.2524234086707637,-0.6347266269210751,-0.37566142780176964,-1.4292186245157148
-0.8831608286071518,-1.2786752335938547,-1.0404330388396175,-1.2423762936634215,-0.8823905307935729
0.35103246723826415,0.7544221159071687,1.1884784312548564,0.9768466961064982,0.42798509944887364
0.02693188177398557,0.44072166427804976,-0.19743776141183791,-0.5749592519853058,-1.576807768167235
-0.3329651564417478,-0.13712695608999442,0.04915319317720148,-0.5624793908391892,0.051711606397091256
0.0709645387945136,-0.47442627879192184,-0.8931260016735928,-1.7338157408621393,-0.23843706616057167
0.6268146154139008,0.01985843103299386,1.1406580573688363,0.710485512875009,0.34247521745649323
-0.8621712935440198,0.25367254853770577,-0.9879562917119572,-0.3930118092264284,-0.689229035430759
0.38009141068010965,0.3738576148649736,0.31803209129077814,0.29828132022919146,-0.45918325809335747
0.331143018838599,-0.7715510849371073,-1.5594701821704928,-0.6496949771842406,-2.537656082685768
0.36495986126609953,-0.0432916689935242,1.4488038074363334,-0.18661739380542486,0.3415487568755408
-2.020373019112527,-1.8056838947756997,-2.314858981555699,-2.6059194867160804,-1.959523730956719
1.4852068259728763,-0.16155143314531037,0.2990189577470689,0.7309077526799087,0.4138066186217064
-0.28880483505812754,-0.3945163904002922,-0.6338243440078468,-0.8553348847345315,-0.785017930374883
-0.6180197954235616,-0.129770475178297,-0.70377609878836,-0.28042102695199994,-0.49223002788338277
-0.5251389145247257,-0.32295751495874797,0.1280588344800362,0.37983589342709007,-0.658788939748701
-0.9153688957184275,-1.412987279691743,-1.243621068536864,-0.6738643739493797,-1.979672260757733
-0.7121019009254461,-0.6686577837492805,-0.8334267872227772,-1.036745012622753,-0.10304163203718185
-1.2093112329220257,-0.7303671179180717,-0.6546547526624416,-0.15285985868478968,-1.5513084583865502
-0.38579077880028073,-1.3267372714738839,-1.209880769614745,-0.8630344821811153,-1.5535917064848483
-1.6433011952033323,-1.5422752357440253,-1.1644787062990325,-1.1607568652521532,-1.094202177375998
-0.5860850070319709,-0.9174589709774843,-1.4157774104808072,-1.5040813868260674,-2.315566987438574
0.4623636468342292,1.6283124127732898,0.13991473638409152,1.5333389853469463,1.9076045296208735
-0.9210048918113029,-1.4759252800433234,-0.18702432403101601,-0.6802817305126633,-1.0023969203813916
-0.19707791370113512,0.8833290963539722,1.1840625042080917,0.5331655997266186,-0.17327366788065157
-1.6119139646316314,-2.166061726850419,-0.7672779552627634,-0.663693051444229,-0.2121252647228781
0.2904243143852256,-0.10214596946165534,0.19145678668873978,1.335448695432775,1.1206943005138383
0.6564046318009862,0.6710135792246621,1.674012876042404,0.31178882122353846,-0.26294533161774797
1.3974942602477705,0.23628418029128287,0.27096837471312035,0.08513896212671793,1.445779489462549
1.420686706774472,1.4443869946706203,1.2965964380593555,0.5690317439103495,1.505514873966356
-0.27868693649146153,-0.0017436175015649936,0.8612204389707037,0.9196548614667788,-0.6476055085419655
-0.7380443236669969,-0.7740421617286023,-1.0616533484462625,0.06795885859844018,-0.24528041357184258
-1.597821855426438,-1.5981270068087365,-0.21013491732579334,-0.8349919021402142,-0.695671335629135
-2.145828229230451,-1.3380137833905479,-1.1539992050304646,-1.0786598102791418,-0.7016549479100438
-1.693763884000602,-1.5585782993797006,-2.3315722194017208,-1.0735934822999422,-1.3447436433177609
-0.15964606851909233,-0.6234030556818365,-0.039878994996167844,-0.2729429156065719,-0.321271136735619
-0.9625877414026781,-1.1258575257983654,-1.4531553173453828,-1.9412826231931293,-1.5895133026787818
1.9644988133995802,0.4019312651747756,1.9646115835469575,0.11362890031642979,1.2416529971992902
-0.7570649091082753,-0.7790313207836299,-1.128265786265779,-0.06064250214552581,-0.1568103732001703
-0.15546529840356405,0.3867654999788151,-0.2977378450834211,0.16965864833800542,-0.11548185680135588
0.2469814180280825,0.1645899859115374,-0.3758495215753542,0.31774682554697936,0.25804205454686907
0.5856642692254088,-0.7103233550848643,-0.0828367147686875,0.817435652541839,0.3728966771472488
-0.6560117949368467,0.4385841140336671,-0.08971696485596653,-0.1759947668186673,-0.5124699124313529
-1.3616904605684248,-1.3866742955393572,-2.542125815332262,-2.3779125726252914,-0.616968098464169
-0.4557699690143808,-0.1494038474029071,1.025723673112609,-0.38172616322973196,0.41531879618229967
-0.42942200740470476,-0.9663290981479882,-1.4539730424717465,-0.07489726066805145,-2.2565972367073934
-0.1045980451149355,1.0147467257318235,0.5915290956372645,0.5698103525084612,0.5838346370484782
0.9133976494132903,0.7553940781748522,0.18855678960900643,1.6482060150235964,0.4263603345509954
-0.8478141438103605,0.5979712999808908,0.33010501336089043,0.6967654452948169,0.7103159366970896
0.17508705381288964,0.39972624734887136,0.6229362344860842,0.2250457030355135,0.8621290807160389
2.374762018361225,1.9715525169687078,1.595607783744813,2.267677818523543,2.347855772117186
0.7200387149337515,1.039698196356468,0.43405346535033484,1.0431548161910993,1.0622911182629542
1.5705105423659589,1.3527199332261388,1.086514880587442,0.8995131921047433,1.557397613814785
-0.35501296406493654,-0.46863604214376986,-0.34961358911340096,0.5063972780793295,-0.4584655335988056
-0.1929507643966282,-0.581068953225063,-0.2491603896606061,0.40954981030786636,0.15845404910146244
0.6346290952630411,0.5707576977855012,0.3129894963268879,0.5841991422012583,-0.33231006618339315
1.237053101227241,1.2326405820306132,0.8490645754622791,0.954100507843351,-0.0982632405476123
-1.2994348848899366,0.06647824674087247,-1.1079844835644064,-0.9772124755044099,-0.23362815792840622
1.1580984948610924,0.9614180526111229,1.2049767610460842,0.5922272753338519,0.9831223485552336
-0.5329172627361933,0.4311324337739681,0.6381423585202354,0.552160992961182,-0.6715589411925785
-0.23824709592557652,-0.7403642295657133,-0.22089941320262022,-0.16797244053220745,-0.5608839037382463
-0.10553043038192159,-0.8733921043508577,-0.46624191189913655,-0.30226384722111466,-0.24973655585319085
0.10220560866210075,0.47463256246598157,0.4824622536191097,-0.7738808480747477,0.46745246847768973
-2.800572806237194,-1.608790843973348,-2.205327347384123,-1.1765464755340653,-0.8979788457462882
1.2965861536359815,0.3588510922918002,1.6345333339442643,1.1061279935963957,2.047933764617564
0.9906887834108243,1.128223865843335,1.7398730133233442,1.4785652692973619,0.7519048864559325
-1.0699001294280306,-0.6247647390404578,-0.4206373957010558,-0.2229924522279857,-0.5931093925231032
1.6424226865803004,1.1001176799611698,1.1009942430415869,2.4187062025715926,1.414129230176384
-1.7478288998039202,-2.4386273109169525,-1.6689999130864168,-2.6556874443555816,-1.9207949879142892
-0.0035299301734991705,0.6433818823588607,0.2393690623267467,-0.7762408622278301,0.3649609144508947
0.5018566322772235,0.6896130150085868,0.30373456102823565,0.10753993100565161,0.47455084622297605
0.37632699517143,1.0475579930853873,0.6809121908760274,0.6249581525885487,0.205510112715381
-1.792198098624067,-0.550534336502921,-0.7114058051732192,-1.2526823966130682,-0.8316527683341888
-0.8029811670992832,0.4580219066566981,0.15723357994468684,0.5223175912829069,-0.669265439322528
-0.6926370049776083,-1.150293249764794,-0.7401061804396448,-0.880013570886879,-1.9808963028627806
-2.439882214118777,-2.038670230456518,-2.8429700539995837,-1.5760822547710174,-2.0654520358090958
-1.3443363501431902,-0.21304427981968924,-1.114487941845496,-0.3103025219845934,0.2241166237495531
-0.33723285767135736,-1.1508954111941545,-1.1747028573402023,-0.05217613737319675,-0.32283548299071396
0.5061091502344546,-1.0607114864999614,-0.38366110471970166,-0.45587653783755816,0.34403155922705453
-1.0934793556531126,0.4927745745175833,-0.27783730757668856,0.3333090286238651,-0.0959274221083009
1.0582058545691773,0.14206822683932757,0.600316191205696,1.3295216996142767,0.12154348839592427
-2.3509963965251024,-0.8786188370503534,-0.5657652987420516,-1.2340926568802735,-1.6503104156630675
-0.00842270742017282,-1.5850864814174863,1.1603394873641897,0.7439002277233338,-0.13029118374974202
-0.12126397187813712,-0.17927553870804622,-0.2741284795567333,1.2916544858573453,0.3049562313291378
-1.3494979550898283,-0.5245839432139451,0.11719169023280256,-1.0668503086393364,0.4667909342847403
-0.015380073858916345,-0.25493153232998633,0.965730938496774,-0.19981028145525903,-0.18008793999855627
-1.3277688292206242,-1.470332048490041,-0.21517389488582622,-1.2662688126221162,-1.3918003940906332
1.3663474485327523,1.4340765491562426,1.44416636547473,2.1341997348480137,1.658009898367957
-1.1885758549419358,-0.3288205592424485,-0.4681325003073126,-0.9874913101476934,-0.9419374900354796
0.30353754527784316,-0.8574945536739534,0.3520465266158705,0.5910741354968839,0.09374525038087086
0.8891778103278398,0.5791521373205405,0.06179833154084137,1.1178892326022498,1.3499600926684567
0.01811846804516825,-0.077721335846312,1.1821802824571588,1.291643654688973,1.3422157965502348
-1.554265115708517,-1.4577500666487604,-2.427189123964468,-2.989040635082864,-3.0327863056250446
-1.1533060320135577,-0.01706544020381593,-0.9760301542486094,-0.6969583574246999,-0.7601476941992221
-1.4064937910476278,-0.5038854295144659,-0.12533150517149105,0.44339182500575625,-0.2255891782746543
1.1268483358372738,1.3530375317730075,1.8795230605008992,1.2689674969796885,1.7003463757709056
0.20488335680754305,-2.3981802286163942,0.4524950699451626,0.07296820530991575,-1.0499934149860781
0.1868405722190401,1.0430429476157173,1.207409255409661,0.2256358905719496,0.9203944641644747
0.4452890656050234,0.9741444958136544,1.2001249708254211,0.43582469495604115,0.47777112140399836
-0.6236944981835908,-1.6527577950914323,-0.49694274474400146,-0.6828584338573226,-1.2788911539880963
1.6447725457561353,1.4076223611693357,-0.05003228532131374,-0.09481525091047581,0.13897046166908636
0.02972725007927777,1.151539312488239,-0.1557319501437733,0.6417233888707501,-0.05460715148284372
-0.8305248160844512,-1.1974701699224617,-0.7274016523584685,-0.42956639256185664,-1.0171108086507628
0.0663822703263279,1.2858098709770287,0.2267587801403143,-0.03145736536077683,0.744024498118171
-0.8308258056968016,-0.19058421461333233,-0.863896669436775,0.047392902733708074,-1.3359009553569698
0.9865907752665638,0.7207162194464347,0.8703622083843164,0.26432739633170493,-0.7667785353588147
0.19950393162431285,0.702364158331692,-0.4245545042276153,0.15610227733333845,-0.28765188750872667
-2.6870554551765924,-1.9392531534274533,-2.4905462367327003,-0.7779035227315247,-0.7713518356029392
-0.3942624133484662,1.1255819383148085,0.474310112174131,0.38559237775969335,0.06388089218762734
0.20539490870244648,1.2708021567681969,0.5288664756869645,0.3098476648339903,0.4329008584931404
-0.31262375850399327,0.5113475318104919,0.11525003187938791,0.7470058258449193,-0.7925699935790494
-0.49541908427051917,-1.2522222780138803,-0.3808269447204702,-1.4889048842461723,-0.31491755618041245
-2.592506791120194,-0.7811809992925102,-1.8195720330396854,-1.245324442259906,-2.463458147060748
-0.5839511648542948,-1.5632009898739,-1.925707177837826,-2.256905399281334,-2.4952469746541466
-0.2771291070382104,-0.3689096205740502,-1.0374584255307058,-0.15206640774450011,-0.07616513497974026
1.0214742086326205,-0.053685523389272134,0.7719319333652102,0.13569291840159226,-0.20220812556457343
-1.840358096127055,-1.3024497700393627,-0.18215625445364692,-0.6267919249917387,-0.4621206464695593
0.2873596683179297,0.3652528838511826,0.4814356854229377,0.7360928404576957,0.017859770806035402
0.04391684652874326,-0.8035715020426719,-0.04129473732072192,0.10883824101581492,0.01974542293568283
0.17879060151635975,0.20522461174861834,0.5428853290347955,-1.2393311312478026,0.59301410937964
0.24572942002611606,0.27404086569941477,-0.248772664059981,1.1285025145369023,-0.15608462633374143
-0.7890513644337563,0.3395259993588135,-0.4725069965882572,-0.09480014040854325,-0.8470582583768955
-0.5370927222425893,-0.0817555631021398,-0.6717145311451387,-1.4336017705749284,0.1041236258853715
0.35576166677907484,0.6239173626382112,0.7803121829970069,1.2062320468802272,0.8634106150016754
-0.21451721571082621,0.8418196331949896,0.4362735193559145,0.8271768241429909,1.1718158965107177
0.5375852569768055,0.20591195584188765,0.02970681943912101,0.137793079122925,-0.16158649831892238
0.026680876671900864,0.6352151294020026,-0.1757647395860773,0.2244426957844186,0.11742183575943105
0.7002369419523341,-0.2865811649293959,0.6626601826895728,-0.5374991502579926,-2.3924734949574633
0.8124410207302892,-0.36341422107267174,0.7586604407123867,1.3886369150465705,-0.47606208079615747
1.175853270191971,0.5684808470411621,1.0234156392862266,1.6836959418076594,0.3774719877620783
0.1873796516870833,0.7690926115510585,0.6376839585448797,-0.330289194826919,0.1689006158435208
0.8053129569725085,0.19494364373019035,0.1064464015886408,1.2628174283860563,0.366641207004439
0.9306014931897865,0.9478410782468613,0.005755527941540723,-0.1829011598196343,0.45186448804465135
-0.2535889509033192,-1.2899538474906047,-0.46062536655970054,0.3607066019757189,-0.810047052098843
2.349733500111132,1.5545070324475423,3.0779865649548968,2.568317348262941,2.217563951979215
0.7705611989529785,-0.29360077737258866,-0.9232327727663496,0.25812157311053713,0.3524127860524241
-0.7285791180700516,0.5700284234523584,-0.49276622535242065,-0.9784509328267497,-0.15977938303860717
-1.0725407332357462,0.31657527861651164,-0.39098037072598313,1.2719708357700195,-0.4193068525336642
-0.30145274106528364,-0.7272547785925364,-0.7258206130434979,-1.5887546950671476,-1.601304369043225
-1.5423795852250235,-0.5030732788418705,-0.6941999570629658,-2.1795241685799787,-1.894957672658392
-0.926519862293223,-1.2297932737768853,-1.5028695931443634,-2.2674063238754667,-0.5901566247593332
-0.8977346363277521,0.3364658030322682,-0.04053578698116886,-0.904939653880135,-0.09539971590720353
0.7426028797891736,0.3769029692546487,0.6188328694621493,1.012957706083532,0.5405987911647483
-0.8015876213751291,-0.14267687819112793,0.1740611992786363,-1.4440821913309263,-0.41762387574758203
-1.378962848656865,-0.47614310116875763,-1.2851810594760675,-0.2457103436364824,-0.31133279983365914
-1.1914687787547211,-0.7737090164315913,-0.17665118040208436,-1.4589537506639783,-1.836558069247845
0.4961248923596106,-0.04262488554715104,-0.9158866930884496,0.21551325208804667,-0.2637448913663177
-0.11822212829113744,-0.45332215204120396,-0.2582210174048578,0.19311113770103952,-0.1559487184401311
-0.8591508543591022,-0.5799443478947108,-0.5817484693215771,0.2942718720581773,-0.07227966311204471
-1.6215616488444122,0.16866515899289528,-1.0537700858529913,-0.9770653849690044,0.08036243411111911
-0.013337648992653228,-0.12479363938603756,0.8656279716541406,0.9219567365229402,0.5239097300913668
-0.26195059143274574,-0.49236391537190205,0.48465365603145805,0.5674973021765198,0.4806032215874738
-1.5989693235509956,-0.6860791747720573,-1.4622980083146113,-0.9457921704079989,-1.2547291445229998
-0.4939456514284279,-0.21456587453492498,-1.1183976129245188,-1.1259715194096036,-0.3602271325747908
0.033240220811120595,0.17647641149428384,-0.654034283307795,0.6931547704102696,-0.24972202046378947
-0.32433830445475176,-0.17612077313589544,-0.343479682754852,-0.08007837418326709,0.05957109873463922
-0.6836303717393215,-0.7294641480289502,-0.5850824421845366,0.018378155809593368,0.03365052179421715
1.3027423421998334,2.027369983013634,0.3658933332651436,0.26676563167100714,-0.033060859201967725
0.26432209967232834,-0.9018741266274777,-0.6641464939807634,-0.5849162291121794,0.5109781027282952
-0.27240933260121886,0.2833556747909241,0.01688825082509181,0.20386581966531217,-0.5594608747202536
-0.5191970856963051,-1.0340615689983876,-1.434504441603681,-0.43618741577367603,-0.9653794071411103
-0.23503998324135303,-0.11846707743279038,0.32831243226449647,0.30558800347205806,-0.05903085700212756
0.11384722404511391,-0.380387117331044,-0.5047515386439269,-0.626730079185573,-0.3805549897954259
0.21542365775841812,-0.8300318581219372,0.03297803277090711,-1.0933076705028144,0.14058554307645965
2.939899465190654,3.576547294304561,2.770663895466197,1.4899011378167875,3.107934313136196
0.9674548872016409,1.1363400613279029,1.4686117094726012,0.4576396314094524,1.7393918549235579
-0.07647065061426751,-0.12775095445141782,-0.7707745462876683,-0.7787817815461243,0.2659910430547018
0.6029431111456286,0.9078573371661514,0.4777132689835497,0.612968602568456,1.3200844896390904
0.44647877527257107,2.784302620903279,1.7944943536309517,2.0986432855969066,1.2796821757098376
-1.2525977926518057,-1.6084523408456666,-2.0525844662031165,-0.7038216765469499,-1.0039359677846553
-0.18934596499941886,0.7836646196276503,-0.8582659859113972,-1.1404851686405002,0.577698294515707
1.28040649210121,0.9570977815083074,0.6236708286692181,0.7137253252693158,1.7168272365382462
1.7134601371820661,0.6103544345076316,0.808907562576082,-0.35165639862038256,1.4298748431236943
1.6494639724852562,2.1600817415116094,1.8101052705135874,2.9850467767274025,1.531249783929707
1.0281846656995937,1.5705226439802322,0.6940227365350699,1.9379762370599567,0.6844905148895566
-0.5446546023135699,-0.45299493530643115,-0.6351206062916916,-1.112104218044781,-1.2425379607755431
1.837861093350431,1.9076053163777935,0.9021260527063905,2.2182873512020316,2.532740018212038
2.1473668116630793,0.1447551108537152,1.7342598160456084,1.2832904647776116,0.5930148412741201
-0.5202134584368394,-0.47974369559115687,-2.1587444730535923,-0.27677222679149843,-0.8066197276916703
-0.8346008223548147,0.23666011665894257,0.32835553845148635,-0.820551330186416,-0.15560250148935112
0.5576307472157233,-0.5240859723306573,0.027969854391409574,0.3202096076915773,0.7250506552864963
0.35415727988566076,0.019640141121965864,0.3867172180732503,-1.493437513029494,0.5711553967636429
-0.22818386865755036,-0.23790815553337916,-0.10580435025550605,-0.1272241547552811,0.015099670675866053
0.9754088553279144,0.7345344372183876,1.6257760845691331,1.2842907414546352,1.349634267045411
-0.2619970591203787,0.43542814594957013,-0.6667782142383424,-1.5802263046649514,0.23206858960931143
1.8839885389534694,1.4591061377769527,2.991246460351856,2.640276921822341,2.225838604340205
0.34927575142544454,0.03033755073793386,-0.0032157678004719158,-0.5614934248528393,-0.19958999813056377
1.4381738076781405,0.9627346040133477,-0.29495023592741926,0.21685762305187278,1.0701214722385841
0.6551033537281908,0.4990763744535834,-0.18423150660890059,-0.7825087516896438,0.6377373385542338
0.6961293400945009,0.7295137309236263,-0.020406239489326482,0.6335238559989932,-0.20855387876363174
-0.2980347949633515,-1.402660533608478,-0.6092656650719668,-0.511142127483524,-1.3303512816220144
-0.3152613106833242,-1.0118121282023769,0.023694655528543326,-0.06840718051885969,-0.10595719707200285
-3.2469588484668375,-2.396831169550186,-2.6938047629564323,-2.527385742916408,-2.9218069199529357
1.23991508262527,0.011729138426216036,0.9111454915942766,0.2729787426535046,1.2421122269833333
-0.4826306909519132,-0.2378780262506679,-0.11773723345833381,0.7256034602001739,0.7632816167686022
0.6112132486375612,1.0937399981090283,0.7738946323573473,-0.2280328041907289,1.5284945618244195
-2.9414766247079864,-2.3824257221174903,-2.1897711612924535,-1.7451749599405053,-2.620449867778221
-1.0713495566016593,-0.9046882877934821,-1.289709504475621,-0.9948248402703543,-0.4750593929142786
-1.1362531000066525,-0.22516068089965569,-1.4720938465157072,-0.47183522571606173,-0.026482986532824767
0.5891449698182856,0.580240316634803,1.3334150317212499,1.2400681427788183,1.0198090327226272
0.3101931861459156,-0.27425010677901346,-0.050911493637093505,-0.06309468882152111,0.04546482045555474
1.843755302568811,1.2763243366177823,0.851449043460373,1.015428788842797,1.6981161567085516
-1.1140055467607635,-1.887511647642251,-1.3628271535762568,-1.5888390522518345,-1.5364676805046922
0.8219535858231644,1.0393723757038773,1.8373137217280384,0.3531342151501634,1.3537403692208725
0.29497992929889383,0.30811678580033824,1.3574581285648848,1.8053742604101692,1.1980871555328725
-1.0739009485081659,-1.5020906421546516,-0.15437757668993293,-1.606749398347754,-0.3267381833215033
0.2538246866029968,0.5629008650205337,0.3336786401839942,0.03169927858498385,0.8010546255908699
0.7211734166287815,0.41787962370654114,0.1701815645774913,0.9255894948103159,0.507891650916824
-0.3581989277524418,-1.6193218380545773,-0.48697039643104684,-0.2953703636519085,-1.1715137640091362
-0.6825471212259245,-0.5451689667336244,-1.098626394397038,-0.5557231394552639,0.3089805322022317
-2.4615229252434863,-1.1124338803615943,-2.156138876382122,-2.1911729637835955,-0.5785178724871648
0.8302714639577972,0.3654682536203669,1.2233731772725558,0.7615915241357843,0.9886819296491457
1.0893314293329088,0.20936331775528413,-0.40921901156864804,1.1278645867885544,-0.38701896419069076
1.6611390185986359,2.9723382031841763,1.942915641713791,0.5236067259821997,0.6830575379624491
0.23981177061276382,-0.012620512735257161,0.6640491312807061,-0.6728854922508279,0.6003174945124594
3.1377328671253344,3.080856178977054,2.03353935187855,3.222371148878099,3.1076339253121494
-0.22553075073060014,0.43366036673485375,0.3450404174611644,0.5246629359673171,0.951375594419749
-0.8919950416912592,-0.2082336038847896,-0.001760132191958225,0.35940250220092584,0.6475291418288639
1.0579807655344515,0.7482978988394233,0.4221931423524084,0.6060944584765456,-0.08801970310953552
-1.3991595009174607,-1.122898234448824,-0.17688351509986439,-0.3944305064412053,0.07742596505659671
0.49273197584996575,0.9634256608976451,1.1879538522728426,0.07392056332405553,0.6092290317273747
-2.585085697654871,-1.5782123988054944,-2.2797179778512096,-1.9850586570119908,-2.6287901541262584
-0.551361812433444,1.3131982440229986,0.9345762640965207,0.3359728503490114,0.2964693899351543
0.9537451737850733,1.273819846444581,1.5078706857326274,0.8363690814214534,0.8205638583749443
0.37852267431796954,0.9623634393518128,0.5958160789807476,2.1811408328890067,0.5940248140123724
-1.276532059497849,-1.0273605965766623,-0.5245811871368034,-0.38973268407128603,-0.6495045474409616
-1.1183293103570122,-0.01730193489797021,-0.7128407607697271,-0.7585475281248416,-1.1720045700270154
1.0188216607495693,0.9568509015215851,1.827707957460953,1.1451066915192798,0.6125764211947177
-1.4550933083103699,-0.5499019567316418,-1.1764279561221351,-2.1178697135086044,-1.7934168786997822
-0.1942658143207257,-0.42411809302994097,0.3714143209865386,-0.3554585376777092,0.12505451580942248
2.4149947035101818,0.17874725309832304,2.070590859747113,0.8279281893009403,1.7290849397415928
0.7979112357904278,-0.2903102558494644,0.4976609174182912,0.19321336161206507,1.003811463305992
-1.109089508066896,-0.5947989821670868,-0.5353754783314404,-0.8308887466696131,0.02155471983008559
-0.551385334165506,-0.9919926467798278,-0.4123839059094307,0.269092206139006,-0.19666923204315032
-0.3790020154033217,-0.5741419311920882,-1.3861568758924847,-0.4630440579729337,-1.2370699884975929
0.18178854070686556,-0.5699303679488095,-0.7935291473108891,0.133077043684267,0.4070984781333791
0.15183227206414904,-0.5508459495918324,-0.2866434397308649,-0.6875826305453094,-0.41761560553373417
0.08125871323412015,0.6463905499212885,0.09057709625183037,0.8409065960181648,0.23028961212966584
-1.5591353177593048,-1.5693458953036283,-1.4646448260881937,-2.0148554645942185,-0.32715199764578795
1.6915145598753365,1.8429872719515181,-1.1142674583281325,1.0635262497470275,0.3602432195746496
2.0137887426252976,1.6456344123668725,1.44767326336055,1.9054154511302892,2.1000784513081405
0.7221918102813462,0.5614375558872841,0.6697415069155199,-0.3098193231894735,-0.1165538543895264
1.4218171349576143,-0.3284656008450703,-0.30716833029025387,1.5264982649459131,-1.1049854899809506
0.3498156709436675,0.1517642687039486,1.11162120674713,0.13926037086200843,0.3703378743384242
0.7382307452088712,0.3837692479855766,-0.027977157786559653,-0.4351591848497762,0.2165926857102811
1.119735540270357,1.3209349573338187,1.3845169126117385,0.6321900790894152,1.727663229201018
0.13230656683066647,0.03266118606724568,-0.23553659949644917,-0.35248910810597034,-0.35327692890629037
-0.9766893532469156,-1.9863225025824318,-0.8795930423739134,-1.1627976055428453,-1.1162594887208297
-1.6927209307813016,-1.8640770632570751,-1.2056041411012557,-0.9672746697577513,-1.3701099088722224
0.4392803537770494,0.07410323751396969,1.2241616426758477,0.5275591372301155,0.32030699717853134
1.7556847983946404,1.638110188319601,1.7459159924690504,1.0820664665353044,1.674808242735101
-1.1937350200295809,-0.9927716328726877,-1.364677618141206,-1.313562890607118,-1.1951873227524703
0.11156676985264818,0.7457503911582003,-0.177335022818517,0.16990917234775524,-0.5245749118481118
-0.6572370879727639,-0.19191765543033448,0.5389237984469548,0.2134038470083726,-0.17824712435847637
1.0339986672138013,0.8571608276363472,0.08391442841340084,0.6503940662987501,2.0536165958804693
-0.427197951960134,-1.0269403027879396,-0.6887771708308538,-0.7910834020538682,-0.7714801515938408
0.40999433202508523,0.953373611335264,-0.3190770632385577,1.3606487543014696,0.5297376264497672
-1.0279450143384141,-1.4989130868710896,-2.2401181017485987,-1.3160870267016598,-0.8892294801929121
1.901567123024295,0.4743885153151727,1.7614069847964928,0.3909227476369629,2.013659469227107
-0.1618784440196347,0.7087080283560521,0.5251954735759405,0.894360853732487,1.1963456011521854
1.8534522391579646,2.0127666128351613,2.8062001290980407,1.7125491814608842,1.5718072736627207
1.6909286966725778,0.04207406189223895,-0.7963671424469372,0.10936686196176687,0.007099962065171278
-0.05878838677965081,1.6585719197574924,0.34613095188283655,0.7749638341843357,1.391395449658348
-1.01259727193,-0.48385285685948587,-1.2054534068368,-0.39969346428670127,-1.6192320749092095
0.8744389248988511,-0.3826684524024138,-0.7271321136975779,-0.20595278594392924,-0.5837334272938336
1.019150209256437,0.3010586378921841,0.4148155462796688,0.4727685212932748,-0.029026415243984943
-0.7855432116245992,0.5402468344688073,0.9026758318554292,-0.23705952464001245,-0.5781127031365968
0.0048399033135916505,-0.513553991617781,0.1782258236428092,-1.3166771808890814,0.3031669013433467
0.7371952130023851,0.8159854946940212,0.8651561313247618,0.5839865700757728,0.48513943783558194
1.1320592972481307,0.1957052021490779,-0.3667882663823664,-0.09609088736793331,-0.6116590834559018
-0.41383927337518733,-0.8034894575710383,-0.7712742222036965,-1.099812833302361,-0.8448824487136238
0.3624019321229506,0.45187388957764624,0.9766641843191847,1.4017811467033492,0.6602434813849879
0.786762417740871,0.9906642473860581,0.9444063962442522,0.41502318645559727,0.8471229955950842
0.9197530071055305,0.10298450892619306,-0.39303915206380835,-0.3125851251764761,-0.15692412668082376
-0.7524699662527756,-1.431234266895493,-1.5222262426997304,-1.4725908724935381,-2.0611885657367366
-0.1221190466976296,-0.9690194062514488,-0.27802961800702314,-0.7308076109393035,0.004917761461022219
-0.07131202009042001,0.09680914905495101,-0.6828263646055189,0.38955352832783746,-0.5721476101638431
-1.529846652327175,-0.4248025394397325,-0.7250728118286426,-1.1928967083830613,-1.3221810512325252
1.8230091219810511,0.13840688145864605,0.46779335917182463,1.3281671910357171,0.5095330014506108
-1.4404494881639363,-1.166483354127679,-0.9821411647949218,-0.6627447128290335,-1.5631856578166332
-0.6142416056926125,0.18691890275109677,0.1611869628781959,-0.2927682500589286,0.27016149096915826
0.890644740752107,0.18518493971700398,0.0448538787179538,0.7257714455745914,1.2660956435799169
-1.8338458067389158,-2.127268260761663,-1.6430907889628295,0.008222030583604082,-1.2989231309048719
0.004082174339515237,-0.8881999866540126,-0.2038408704051847,0.16018363288176016,-0.4456025520702229
0.4038697811858391,1.586113619115102,1.2382214930368503,1.8317041393299716,1.8296539755928338
-1.7982324114572945,-1.3929058122433822,-1.3616592337802416,-0.571725298879036,-0.7060624750566169
-0.24327643423028106,-0.6997606089586821,-1.6949523019153596,-1.1344464945609616,-1.1295420031850607
-1.8082777911032835,-2.4002760086035777,-0.3093201968454897,-0.9873399563519585,-2.2239273581678294
-0.31436450973608804,-1.3253437801445238,0.43646328840271953,-0.8798087523029181,-1.145068225510735
0.5597927443372864,0.15989521136797974,1.9005455150591473,0.8804826087735104,0.9790752094406637
-0.6362360771140211,-0.38265944743580355,-0.4870540934346913,-0.22547286188440452,-1.0553635194500741
-0.20341010320968142,-0.6572175334143371,0.3898728922988423,-0.9225009865104132,0.017508385044185636
-2.1234112428039786,-0.6891288402811975,-1.0921562646459018,-0.8113643336709171,-1.0139655300955954
0.8096929230875787,-0.9977236788112899,-0.20144673242172292,-1.2088885179996816,0.27735403067829945
0.569935986600599,0.7632720862437936,-0.022692569765565454,0.4572426678112931,-0.33880992376162905
-1.1243686431014603,-1.1400606685714936,-1.4655919981344128,-1.3423881251140037,-1.0275619513899277
0.7931424733588106,-0.09942098404223336,0.596214481315172,-0.6674563134590644,0.7300574085589281
1.1274810035700715,0.44792671416149626,0.9142436169951267,1.066685685471097,0.6086614051811668
-0.11594477378919349,0.25992465200543874,1.1936382368147367,0.5164660001900115,0.9771315005626559
-0.8939337078032608,-0.40142947509967675,-1.0942630088403278,-1.2812877786755854,-0.11285532297247498
-1.197795317276139,-0.6598448657551558,-0.27147051520679105,-0.35766382853313294,0.47209126556902276
0.6916727150420575,0.2558099688800275,0.3604766872357179,-0.14553429674461993,0.11478885741946186
2.156976417274702,0.09214078941029222,1.3798863613639654,2.3326865433132755,1.7286192519589023
-0.87474225894258,-1.5428381352372524,-1.835644911215624,-1.2764347835898748,-0.9983084681783811
0.00021470446539184477,-0.4220793635083635,-0.4311115360505917,-0.6860951992392273,0.04185961900850155
1.0250919770663152,0.6734631670978076,0.06361224467335375,0.45857870152811153,1.0801831334010408
-0.2199133471186569,-0.18427641640329945,0.18191195657565937,-0.011786720641720557,-0.3949835714473918
-0.920849038257663,-1.9032727919985464,-0.5251807860224452,-1.3134429017359606,-0.7918491616859231
-1.2684552069813024,-2.3187839855069847,-0.8253395904978517,-1.3374263273796534,-0.8799736109550151
0.24316957694235602,0.07138121677654637,1.3612887841921324,1.155972771816468,0.13275914247339682
-0.08858005964000754,-0.6507052916522691,-0.6044898161372372,-0.030365778659893358,-1.9751650919171875
-0.5771805362059523,-0.44094090408579245,-0.7235504125855439,-0.540621143055094,-0.4095680403850451
-0.13921424097722832,-0.2414120018435011,-0.0016641839371462337,-0.17166615057631135,0.3952816461151131
-0.022633202775390632,-0.020224259008966718,1.196320042169893,0.9382582356674447,0.07076175452496149
1.6363964580458294,1.9307484906463424,2.246154510345327,1.0389796014328196,2.054246801195692
0.7251682805176265,-0.25624467475675833,-0.6178938893339335,1.2625137909199216,0.6056328305566949
0.33982129985799375,0.6093776814617171,-0.07099134661049256,0.648776935486172,-0.36071185133918693
0.1897563070377094,0.3877566492934274,0.5316838901952529,0.8509270564052939,0.781700711754704
-0.12267497371901023,-0.4529905233158121,0.08466105605316454,0.544450588269854,0.1996372723643363
0.10995360181517137,0.5591007291274639,0.25109888906201233,0.30344201562527634,1.0202659562373186
-0.5434818919553389,0.4199496563517887,0.31107916994079055,-0.9756126574825666,-0.7689800008282694
0.482785877878371,-0.4643588166019069,-0.20443743536997575,0.426808874219446,-0.6872179006186918
0.1528863100633269,-0.8091596982550712,-1.0264255204541477,-0.010210533264596578,-0.07950396380916952
1.7194899313664225,1.446845095015141,1.0385632888096528,0.9140992236325709,1.109888852170196
-0.934286271127012,0.4208145422854411,-0.2851552630872791,-1.205729874395112,-0.6336686654662512
0.374575546179341,0.3723295263158051,1.1375404695411546,1.1379217447672174,-0.07146505397229107
-0.041809703038879126,0.07388971150670305,-0.21751751375800063,1.6629349500670005,0.3074526243141427
-1.4472181310225452,-2.71276067235303,-2.161898401043906,-1.3757632470945496,-2.125316316130263
-0.7392203861855633,-0.33337870742545694,-0.3599922974128894,0.11172706554660657,-0.8724572231767634
-0.3134804858314672,0.11200138455156902,0.3684122326114564,-0.18137964875919374,-0.07117145713148168
0.3480778238615401,-1.499477731395504,-0.5609186774827081,0.1745338338254629,-0.11942411423517228
-1.0527063618958217,-0.24272359011897288,0.029081232348521446,-0.37737984619581144,0.03177712865985338
-0.2525759143453008,-0.32146413494149784,-0.19603716420559544,-0.2733333042499622,0.2955218675866268
1.3763113908009776,0.6128679022791175,1.2517524060901217,1.6353266994912643,0.18894747046040936
-1.2880975344415508,0.033787130492455054,0.16455586075807233,-0.1351341502413988,-0.05268523024895538
-1.6252343727700542,-0.5777216262282321,-0.9365103318419337,-0.49262452199864126,0.02953829189791125
-0.9569159764732249,-0.6943098281558377,-0.5425178630475479,-1.065729969262035,-1.6484125985896052
-0.31853524875072414,-0.6419504899675424,0.5438043775151782,-0.1432230898556861,-0.458307482275326
0.4074457922284049,0.48560557127666426,0.28327002627910075,0.30709182271713137,-0.7265264953449607
1.214895135062032,2.1677599203594227,1.672521771678068,1.7525808333552626,3.2453793510363305
1.3698531391553628,0.20332941863848877,-0.017602466595997502,1.226178384019936,-0.09981016884221933
0.8688997153715927,0.30830075109170696,1.8454660497103332,0.8794803647871406,0.552602353356024
0.040156464678788514,-0.3200157810690074,0.007181287487030226,-1.0187473860769916,0.2913002537308351
1.1543104304744003,1.0378486623674588,1.2434502009823705,0.3430210041207748,1.3612559137026783
-0.027369782229730997,0.4913463269851806,0.6143510233029054,-0.1710115064593378,0.3826553875218711
-1.6776637839931987,-1.6021908268412313,-1.3053001560017792,-1.1024898228890045,-0.8793228177140822
1.6594286655529706,0.8438577994994503,0.031127339132817417,0.6505774777574971,0.19138335170480378
-1.3045848674357137,-1.2617573162554354,-1.0105208061839972,-0.44949145384127753,-1.0348013536274199
-0.5321655500479788,-0.1844913708315768,-0.119437190424806,1.260876446123408,-0.059101664171233796
-1.5334299572012642,-0.8178036332980992,-1.210989619370537,-1.0099901320473883,-1.0353662288920504
0.48378584246818906,-0.013422280571727252,0.4658745410516252,0.6569967854981239,-1.0226699815645814
0.8822148604673052,-0.5781081276738232,0.6965325367504105,-0.009495707941704243,0.5556748582406913
0.04679669680882144,1.060346068925312,1.7017422084876872,0.5284986696528092,0.6427601374823776
1.616469006120209,0.5269360112578148,-0.5190372935804222,-0.005335341398583136,-0.3788903851145754
-1.2825237444383744,-0.32337005644989375,-0.9805734278592461,-0.8662426356827392,-1.773355675912902
-1.13143157647014,-1.174810853563302,-0.73892658652523,-1.3267174679623261,-1.1238885646260324
-0.9124609750147665,-1.7321642891591034,-1.5083165030922665,-1.669431978103444,-2.330008164692524
-0.7365192852383838,-1.3854455751563128,-0.7863167345939697,-1.0122166445677026,-0.0055433191882426035
0.4366098208152844,-0.43780663452442475,-0.7771751710855502,-0.8677008450693896,-1.426033730716073
0.715091045661978,1.1410350853050057,1.7939695770699005,1.1624105795359463,0.8369334280060127
1.530819484471966,0.8550338968018025,0.7770391407681697,0.7490056803005661,1.1373764104827755
0.2840075810595965,-1.4131936738533963,-0.8760560926996738,-0.22394867393732917,0.3699961177382629
-0.018053563872987607,-0.33297977574082294,0.05763044527404828,-0.015302897154301276,0.5625740863041757
-0.39471247759842504,0.29575992212724156,-0.27545020874507814,1.198812177146298,0.7510178219058854
-0.25755416096598144,0.6033947761987163,-0.16911312018250652,0.3837963026220165,-0.39715533751856646
0.2804468109851773,-0.9441786361534322,0.14114521619998563,-0.395958113307045,-0.11863566510097434
-0.46354007378480255,-0.5774329328168807,-1.0998661270174874,-0.45616459987868324,0.18819996532292427
0.9911000226760002,0.43350358445917375,-0.17610241884292457,0.658282537529526,0.21693862412259682
-0.3263967234935492,0.2951336605258854,-0.4895387761364468,-0.6084465522984343,-0.3458996773740083
-0.14394086321988256,-0.6645931156750495,-0.3962943425250235,0.6011581162096076,-0.48026574259932003
-0.8573865839788378,-0.17817941682507465,-1.853795327595915,-0.45996265440884637,-0.28236491625815185
-0.2430834280140687,0.18232814578005346,-1.769376967880908,-1.211660996030418,0.12997080243631726
-0.6155611192314984,-0.5340264948898009,0.23969134992421504,0.26659210866606114,-0.9985643061797845
-0.48164231566487226,-0.22858033403518985,-0.28151056691592347,-0.3285251815611061,-0.0628004826111682
1.073272043829809,0.38126366335539047,1.0334457758401683,0.7796278437673341,0.4907186395695631
-0.0021808257553668836,0.0971347511406764,0.3947629246467406,0.38028280406651344,0.503929303679723
-0.963104593450201,-0.301748505450736,-0.037573071698682126,1.135176620538596,-0.836404718901114
0.7126680662003184,0.7455670013687148,0.8461983160598797,1.0407018128172967,0.48101505665147015
-0.9155089705114813,-0.2997081442566879,-0.5416519607609416,-0.5635196772159753,-0.9906768515765543
1.178514717134397,0.8318356453273025,0.02496123134672902,0.4640410809230484,0.9680417257746309
0.69918324310751,0.9566438687309401,0.9913480611566778,0.644824501782162,0.939061801077487
0.6939086454701017,0.7765387800829856,1.1457629782597556,0.16068656453456676,1.765740509960907
0.5074064957621066,0.9058399202217048,0.4324910118619593,-0.24109866626477164,0.8917810142362388
-0.7729711241901398,-0.8929854384801941,0.254783471952381,0.047373696999193055,0.6684228572054001
0.8888877632963367,1.2548244335170318,0.7198150635446791,0.6150476016191133,0.9501311473603113
1.3154391707232354,1.1767439087318925,1.2627982471565429,0.9944125190019399,0.7028153078453062
0.5522429957768659,0.033342278977461524,0.12337619129102383,-0.7962531052592198,1.1493385161594851
0.8412435436559303,-0.17298360184915218,0.2815836669540839,0.832128561124193,0.2024491105128366
1.831670376703201,1.319836443770164,1.144152037091281,1.1458866911694017,1.7860630774969275
-0.539215112952067,-0.15192405061418934,-0.8662197166728126,-0.4038886897251172,-0.3362804193701389
1.3772729490323128,-0.10536686164298416,0.7874049654298623,0.6703248369586964,0.5526735014392191
-0.4863710365458961,-0.14868856858898613,0.3194874725266774,0.31309660835223846,-0.7666723811172763
1.8269208571385753,0.9166441986819316,1.2306489798790743,0.9259155727876127,1.625505953092625
0.352192945774179,-0.24668799967516797,0.04087121959335888,-1.6734321946933342,-0.9535030539850029
0.20015653430485358,0.5203580672815485,0.12549303083861243,0.9185067551397211,1.057340623982915
1.0029011143933688,-0.09964505050599469,-0.7064157311727097,-0.06092029311726511,-0.149055183498049
-0.05892492730190302,0.7237397549060405,0.26897725272510653,1.0122280821502567,0.6901435411927671
-0.09669653165357292,0.23764841538846682,0.5730441915528356,0.5884847943868544,-0.29835165613567705
-0.00687476627830328,-0.09998048861048427,0.46946706736178223,0.04527671710535581,0.08605751186575918
0.025897299077126356,-0.36196349714872456,-0.33155320324339554,-0.6401671717860455,-0.8251538648329281
1.9514842544725293,0.5540551465643818,0.9116224273596943,0.04946621902848156,1.142720838182917
0.609412144523972,0.2982760382941519,0.33950049379046165,0.5379207764371049,-0.09254982683506785
1.7380111769154671,2.533220777415421,2.697675870455632,2.0292938963808633,1.913052569991867
-0.3781347335302832,-1.6196939773058077,-1.61018054138988,-1.4404442356515674,-0.5921524345241911
-0.07048199866222202,-1.0545039907270088,-1.0671128226282964,-0.6740818547857106,-0.6041175693550292
1.3131922105184461,0.03390724506086833,-0.3178991224309945,0.755102415550604,0.6264052593826794
0.635292916516251,-0.08603482150531082,-0.013447349675129144,-0.1819762385580719,0.5744755783813943
2.2348934835405094,1.9346695441852457,1.0819677682516273,1.3181475622439325,0.7197914417900207
0.14217418338736282,0.38845733462238446,1.1097490761759796,1.1466277274959837,0.5550783265015605
-2.88382231360179,-2.5774274874910295,-3.0931380058838873,-1.549688662326593,-2.330144719012826
-0.916864387838594,-1.3743026151409607,-1.1295422343033104,-0.6606313683091962,-0.25456874060465173
-1.2589604574996713,-2.2153432295840036,-0.35432451033813367,-0.8200486084779818,-0.1854729885026969
-0.7326075746004503,0.6981392672865586,-0.04582150234163324,-0.47680854603678746,0.04693811245663133
1.2586594718218476,1.946060415050101,0.2025771831536535,0.47501311296066523,0.2754750134159027
-0.6669609614691749,0.059748888125302206,-0.8138561734764801,0.33878062428338196,-0.432019222850544
1.7547716816380012,0.968109356877719,0.582385519952721,1.9413233340155251,1.4060437236642114
0.7625077568204983,-0.29131270494798833,0.20266799365829197,-0.03923360762597609,-0.008194049442902755
0.058526649234312125,0.02290088182849893,-0.24951020561599424,-0.44106944436528256,-0.9142794743038767
-0.5250527151736389,-0.3077201390663089,-0.47453659969358697,-1.1777417043155443,0.22812431397233163
-0.3560445428214359,0.6927619359983431,-0.36250935749257024,-0.6028651352295266,-0.15087329396611213
-1.3721509882054463,-0.5679148814804976,-1.0159283182936405,-1.484739246186406,-0.40585969994921345
-0.02557733238700019,0.28259424520364007,-0.37429525151399357,0.15604490176175087,0.5568517227777708
1.8089858267419427,0.09347329884022236,0.5634798182382258,0.7188343361866754,0.013175717378448236
0.32284395807590277,0.4394481659220435,0.2685943074217638,-0.41172391044220047,0.1043839193613028
-0.4505961732391681,-1.6888825301567538,-0.5010774089449704,-1.5422158359977498,-0.12519242392296853
0.0482299610750578,1.2118996373512327,0.07100016610021792,-0.5198914721085256,-0.27524485725766257
-0.7047854661822146,-0.9084297944192967,0.4199535093342308,0.17377186165275565,0.3281191275424147
-1.9058406020153837,-0.47103350566622154,-1.485941273678659,-0.6999774211674673,-0.25515618348884667
-0.7240812744533949,-0.792636058503097,-1.989799092020599,-1.521414125754765,-0.7547878310766414
-0.23019522167814097,-0.7339351708544523,-0.6450118863791181,-0.6472605886744515,-0.7704216868752528
1.4160763698132366,1.1968800472991505,0.12958328042207437,0.43743229347360046,1.8203766176534284
0.6886400086773234,-0.5160593961350216,0.321072368290639,-0.2398596815067156,0.4543830004510689
-1.3116901510746537,-0.7836201646076695,0.11190619897624612,-0.13154879480907314,-0.1964672624276194
0.7633279940046289,0.595026785433074,0.8038186849722325,0.6512269076850866,1.3909213167989007
-0.5760642604640636,-0.584804599704189,-0.5246014451078468,0.536847599857413,-0.8308811072885014
-0.2028881721662992,0.24153011219598147,0.19420618650671864,-0.7280235989228221,-0.18896821215992107
-0.5326964083393695,-1.193773048461365,-0.8154736074516771,-1.2833978399613912,-0.7402652125774607
-0.006246687151705879,-1.153190139462244,-0.719368910212217,-0.8748213939915087,-1.2934470880171145
-0.12633272025395942,-1.4756146881590682,0.43074403448390053,-0.09948799221237993,0.308162204726427
-1.2773075523883448,-1.3148663383341321,-0.952494472245498,-1.8522423239590875,-1.7670722871273234
-0.25618182326457106,0.30344281129350253,0.3294631269299875,0.5396724239112459,0.5660081477174898
0.34974306416760226,1.5366218762398263,0.005280324527278429,1.2860891724296457,0.29480256743402716
0.550882080658686,1.2364089194339163,0.10955329736553648,0.44485820327669207,0.8159072386296666
0.45336743792168915,-0.014859218053079047,-0.5335960255705254,-0.20903401609633,0.06191925370730085
-0.27966126733276647,0.23089506069427806,-0.8199651775001803,0.7848546552351673,-0.36848209483468974
0.011063971919085912,0.8502684817220043,0.42352700457862064,0.59635685170691,0.4066719584935288
1.378875407849415,0.8153684312387539,1.119580203479592,2.0349675790565036,0.9897683428311104
-0.31865545218156066,-0.7014400338596772,0.945517113446641,-1.33160173699921,-0.4886086929552414
-0.7994446270792325,-0.2511318114061948,-0.8003870102680095,-1.3125875516837933,-0.4879963825139633
-0.31026823024098277,-0.7147530115593076,-0.3525540547117862,1.498784870216846,-0.12928617228282457
-0.814435354068521,-0.8649897471235736,-0.022064186321334774,-0.9989784066610513,-0.39584180148692505
-0.7845924066167431,0.2037887236343647,-0.3942207293663341,-0.8563616731329061,0.34945353481454006
0.09799757737043781,-0.3243145417855924,0.14144940992922134,0.2615869330247433,-0.261085499480653
-0.859520072883025,0.16976091716717118,0.5517384661402304,0.256614346654457,-0.39863136075439465
1.6103403454555585,-0.19846611412958795,0.19635952655970465,0.2812553482021627,1.5934947860611905
0.7850439201487768,0.17789719117650993,1.0265815856638112,-0.0049856621932177795,0.2239823436453391
-0.56408099465213,-0.09736176167858089,-0.15675229896565304,0.15019355259470135,-0.6368655286066778
-0.907748742096137,-0.4944464430463396,0.45442924705650906,-0.6660147768889993,-0.7059563199524559
-1.5778106307916449,-0.6447695019085463,-0.4047309262813622,-0.8422714512571506,-0.3453792647434967
1.1296388726851194,1.4931966887622858,-1.5190925172652128,0.4768939245893744,0.5673225838435676
1.346573243446427,0.7579710188457072,1.7837660779065636,0.6799918341127156,1.2104178441258902
-0.1336110312595647,-0.18300732988448223,-0.7792203602025123,-0.4443620772822571,-0.5119749865254843
0.6656944901612744,1.087584531678181,1.3704496924668517,0.8835630010309231,0.9048147228379758
-0.3076646103794117,-0.3527369496688366,-0.21656663022989955,0.8263599715429865,-0.8661975586308804
-0.33952825536611403,-0.850362380267988,0.05758687235810755,0.9239800622112344,0.4951769602450614
-0.9920495537905099,-1.0020411309807657,-2.0444791437815346,-0.766879160889758,-1.8264624536151
0.6229900305078991,1.9895309811754514,2.440222795836919,1.586937719675668,1.193710893566682
-1.7092851736294943,-1.0749061160100217,-1.3934108023683536,-0.9861186583379974,-1.4900246433487006
-1.0017293937551348,-0.676532462681561,-1.6639961999403758,-1.0119770403264627,-1.5186839124520828
-0.7069467550434518,-0.6121196872701203,-1.437591994076361,-1.1861293708063168,0.09801359671931612
-0.8720836199519532,0.12045906844457667,-1.4216021288717176,-1.1917027533191853,-0.8495898586204624
0.7960237035257299,1.1326837302408028,-0.35678749999774195,0.7611915235341172,0.10119948750052124
-1.296855916690734,-1.5516829244889703,-0.7721670772519853,-0.8167375258128915,-0.06561349865492085
-0.4559238957414871,-0.6758956666473978,-0.5830894371534955,-1.3121087520497603,0.19023912971872287
-1.4940985664300144,-1.0697830824148031,-0.2535897152744023,-0.4641147587927883,-0.4499877896627946
-1.7836274497625701,-2.184760158786744,-1.3725589653858419,-1.4690243307163118,-2.2001820332934736
1.4895175190727008,-0.012292347892820016,-0.26589547307293415,0.37853232427179684,0.9227328819126691
-0.4200514868940732,-0.8900322520772974,-2.026899889572771,-0.9058329910940438,-1.635267847902149
-2.2328899505090334,-1.0442738758367531,-1.1637590000384617,-1.8409207341853402,-0.6412548351459448
1.233456135311656,-0.025091990652359765,0.6973261936450011,0.8144580072001821,0.977676856599669
-2.2016258126623263,-0.8193955740036277,-0.47381412736051576,-2.1932817010471877,-1.3066237663142273
-0.45987433879026346,0.31872203428248763,-0.23532456005814156,0.5272415566568978,0.12476065003383592
0.17045154778716864,-0.23815266616868286,-0.26926837148118676,-0.5734775146514848,-0.2420176654284632
-1.1002098417539963,-1.398986315018308,-0.9150192314329094,-0.45462000113443973,-0.17216111594997666
0.076398611192814,-1.2188587854056943,0.3314306032860174,0.2338584712340866,0.9713742211518005
0.701566623144382,0.08512048220096026,1.7306109297304828,1.169414894593476,-0.2503044128705097
0.4449059456609158,0.0761136390611302,-0.5988986926320014,0.6049975773509849,0.15378378685112187
-0.4818222511386276,0.652429138094288,1.2022557402265572,0.225060425789342,1.08266105587572
-2.4682847920613122,-1.928491807985981,-1.9724851662306369,-1.881292474028048,-2.866109696932696
1.5589226273893342,1.4715934355906193,0.986586822244073,1.2971714549161892,2.065553646205703
0.30422494713645987,0.9343842986094263,1.400929586978614,1.1721895917486744,0.44799261771657334
1.1186509552217778,1.4279551617640867,1.1270281940328741,1.738313263764963,1.1791047801319468
-0.1507847623095114,-0.3870525747681192,-0.07070985373971989,0.18528932790754435,0.4798524775176504
-0.1497423810817933,1.5452692184520782,-0.1062393627269986,0.3611340370120527,0.7096087153456092
-0.869532138599262,0.05729271591502481,0.17191380466516293,-0.5864034290422543,0.5238300082321059
-0.06375828017019329,-1.555275590900128,-1.0782018348603044,-0.5781317432190172,-0.46309198269573787
0.6872652191496198,0.5651582118859556,0.22798088935642197,1.3054260903073367,0.7485890913502914
-1.13845019255297,-1.1984961468319713,-1.7943146157649839,-1.0355546684556332,-2.0159294950936117
-1.6427546737327114,-2.3384834083247155,-0.9966878478079477,-0.8354503553925202,-2.3032078611521114
0.6717717016467502,1.844295174772692,1.1227400633411604,0.8161505990123586,1.053742366466176
-0.22053816012956237,0.32782930490830786,0.42539738619176826,0.1156657906863655,-0.5386577828970419
0.33539449658759435,-0.2501617114241945,-1.1307118280868738,-1.153551934731742,0.36710525331974253
0.8257741100333741,0.9243191132034091,2.1526985870313884,1.8243709765938732,1.4212473293864158
-0.2576521160380694,0.21315960240161191,0.5904961115272717,0.5845659687263544,1.1592144256158343
-0.27132984013103195,0.04855258926989772,0.5198719935249613,0.7510385839796544,1.0478897946835894
-1.1030016995657865,-0.1661676373256967,-0.18252011713653435,0.4943870084238953,0.08585604428898108
0.7892676984885292,1.308505840052017,1.951680380985699,0.7163699679949745,1.4021699350388104
-0.17147570593056582,-1.3182584523285128,-0.8423107232648964,-0.19343954658519782,-1.167836991504452
1.3061225901465907,1.1910112584736463,1.0920787424789216,0.8857871181482293,0.9409501974115371
0.28859910687076706,-0.4535208109030045,0.6217000971308241,0.1371216863963655,0.06391580513625103
0.12397300853110929,-1.2662013508956567,-0.7757983446821574,-0.45894981380928107,-0.40356212586535894
-0.7089722836169785,-0.5684287900662175,-0.47425163532922193,0.7947447833156165,-0.6137905324920284
-1.794690992287222,-0.7889584980946432,-1.499278469348717,-0.9625927114801128,-0.11600932567246088
0.17924060406432116,1.2993638209762877,0.7681022429949699,-0.3333535322008377,0.8476455837606346
-0.5633293172539685,-0.503199376420073,-0.8491108365123093,-1.2774645392098753,-0.30764212286785225
0.4414387730366492,0.38654346160034236,0.4266949815721916,0.6416833892899689,-0.06046224692808107
1.0612827114260177,0.34264919267403066,0.8525326751786512,0.5884071566148061,0.5050484079788584
-0.3914826129968945,1.2826337860273902,0.5017797716733343,0.43616586355489245,0.7753446044267057
-0.6673928083926448,-2.579369823254948,-2.040802201820369,-2.06961090026481,-0.0049258318190138735
-0.3703172751342748,-0.019478739656384858,0.6537699028501175,-0.5139281038294735,-1.432702894604617
-0.6336492626898808,-1.7248615965651517,-0.2143055810292776,0.6088584265841447,-0.2596959712046236
2.006364575691763,1.2820319907886366,1.0659540354666404,1.2698011061039927,2.305854047908139
-0.6978798197942494,-0.4283494344954907,-0.6395036701407744,-0.7489114619887489,-0.7823957140652689
-0.011447634172619157,-1.0178182743064619,-0.30882302188203775,-0.8326031559935266,-1.1793381961669587
-0.5509920829368661,-0.79124458144064,-0.2925788411387161,-0.034180940946266294,-0.39887204673650806
-0.06840581143427948,0.8587729053469092,-0.695421626052678,-0.5129482663628417,-0.858044361426205
1.0175590770936584,1.7750899428854536,0.9118647235830366,1.1343247384354167,1.7523862702128663
1.6378927040262057,1.8595707772645422,0.6744284182713962,1.0473067286875029,0.8519302109571968
-0.508364305684832,-0.1845664429898084,0.17344540317859086,0.04095776995557034,0.4568822366554096
-2.044505054612112,-1.0861927932023419,-2.098418270908999,-1.6509696520219606,-1.6931093305848235
-0.3901905709658159,-0.717834540342664,-1.0333501700025103,-0.9854042830039934,-2.01674081439386
-2.1722071295340157,-1.4778722815712688,-1.210025542285086,-0.6690601617231544,-1.0862183491961186
-2.2716038918894723,-2.017074736413106,-1.512599484858903,-1.1078023502105467,-1.5785254121430325
0.2876603012771498,1.7378988123085666,0.17997335498511524,0.993334058405562,-0.3043358533144729
1.2533253472944752,1.4094611174329117,0.9908409748957643,1.1588659007874393,0.9358213326852672
1.00016164991697,0.5087709700302813,1.6667831270592297,1.7265120660644573,0.6673129861348588
0.16282789010960547,-0.29557923679055736,-0.33859608328266383,0.29454867247447936,-0.17615449154021265
-1.615809615222915,-0.5569085936438847,-0.900139810074479,-1.4408901637217562,-1.0416983812225584
0.6736282574661645,0.9459743563808695,0.40457615736786356,0.9972784853382073,1.0859131296688331
-0.6550081331122224,-1.1403152350029906,-0.6783585596751107,0.29132354881049244,-0.3558449475083552
1.1171278777494849,-0.37372283576643833,1.798988985817182,0.5989672310947387,1.1450888842890845
-0.6724046685489534,-0.13021168672903347,0.029091046217843353,-0.052112081224845994,-0.5776785356045356
-1.7785697858107419,-1.26763776461176,-1.5783331977589068,-1.3545672397969204,-1.8476855020881935
-1.748567071317547,-2.1577512956478246,-0.28636247347082855,-0.5593270771583968,-0.7686775231385029
1.4843630605567328,0.3851002324135599,0.3897228515392492,1.730396578114474,0.8262884419612455
0.5641610654644015,0.95506644743766,-0.06146376883460528,-0.25540748251070317,0.6292815520442228
-0.23677924738957318,0.16910229308185434,0.5992148713177557,0.4120856473627215,0.4000289261999312
-0.9397792194609018,1.240252515777782,0.16451738424274395,0.04880465374629576,-0.37910988447287397
0.492203469569347,0.2496581930812954,-0.872035275637694,-0.7087940968519809,-0.7462551906848173
-0.7029647003849333,-0.8704357196151937,-1.3716744820526454,-0.7365393158857972,-1.3899989055901303
-1.2681513617137459,0.20101145052929978,-0.8088864539461542,0.0546035455430876,-0.6717701054942444
-1.84810399038584,-0.9192984275823816,-1.1131949220672215,-1.0944575361434759,-1.3351074951499464
1.5752992128594425,0.9719458637531604,0.8698075855901244,0.08828344179985127,0.2802020933984297
-0.2817078830959715,0.4696432119909967,-0.1277214449549062,-0.00943969619243803,0.9102856877923631
0.7825207596868448,1.200769675211561,0.3276083110231948,0.8727439157756873,-0.03186798912841958
0.8066915763854227,0.7693024278855558,-0.08776178583388722,1.1529791080046154,0.421288195774183
0.626554777953404,1.0934562484649255,1.162118261321262,1.1658762449123385,1.77355260631619
-0.779824260217881,-0.508181978943003,-0.5179296505902892,-0.7074836618010764,-1.0283404986885838
-0.6940389931019568,0.5135914034633974,1.2112698528111445,-0.03950344408408091,0.43416055912857526
1.1808475522915218,1.587228521340593,0.6119568357407916,1.7373812027806248,1.1109348204715102
-0.12088963576401421,-1.2546690843692545,0.10124054285721602,-0.5099015984682471,-0.7879097941633642
0.16146970125181356,-0.6271891889543162,0.4354902153979279,-0.1458172518512277,-0.4279125942568248
0.08226306239977532,0.7382647659961622,0.520001083704393,0.60038430135561,0.5125985086265025
1.203178538032412,1.1341778233558908,0.3828283829039184,0.9307532085895006,-0.0073947591834877
0.4439150381525939,1.3139790422986795,0.8538975535501634,0.8267784406572961,0.8147354182628709
-0.7195781263992291,0.8313315375270868,-0.24383362080797089,-0.45573436783951093,0.6117657740492413
-0.5794306012782966,0.4457791438355484,0.25399589150001156,0.2738830784103341,-0.17417772491358355
0.8558826217878647,0.6229974137157904,1.0024328808629674,1.622942312339142,-0.05930184724244236
1.4157114608218062,-0.12637148327353587,0.9761805196722212,-0.6405831974105747,0.8853525219355788
1.3450221414184218,-0.094226681297915,-0.6259843600293957,1.406843694314061,1.0871673786868181
-0.08237058543033829,-0.4128928267460615,1.0421926408581705,-1.1856368200169478,-0.5119716984920784
0.26024310735857953,0.1749053799143829,-0.400471524897451,-0.40562187304260966,0.06434324907109636
-0.009785907906652501,-0.5108275040715039,0.0715962354717507,0.6875566387202096,-0.004357526640948747
-0.01907772578293708,-0.20091492640566497,0.9170825252465711,-0.02799822050643819,-0.16022348903278985
-0.2634488223125504,-0.35363919115544973,-1.0954370177218047,-0.7993958643706849,-0.8459810331056681
1.2126874990106216,1.4855321953024285,0.48808598431124306,-0.18973132952406305,1.0249281921791487
-0.06547267871431352,0.8805072380473208,0.3170067121691337,-0.30240131616911675,0.640524649830666
2.7602432367907896,1.5301140156414275,2.4328557281542604,2.7039987195619197,1.714730221450706
-0.9138361922813122,0.5581680046211166,-1.063325355068147,0.351065279483561,0.023515244637686117
0.690629997088016,1.8291310164514754,0.09266725027679529,0.9292492955833954,0.8542786945087636
0.064416428880733,0.06102279109496386,-0.13861365517805146,-0.9564650080205127,0.29194289802555423
1.2123336751929283,0.576078603848009,0.5063009449959561,0.9569019534670599,0.8045526473157009
0.8548611708598458,0.5338080312140213,0.42412355092705367,0.24849354535472862,0.540577529231995
-1.1334027572303147,-0.06432473618060838,1.4331554642324962,0.005867142357903449,-0.035720492711590585
-0.42303868442321313,0.8954255610092516,0.2063575031388594,0.4264940374904606,0.34192361731427184
0.43448052302105505,0.7972540470032666,0.17049082136610275,1.1703534705557108,1.1257114277450855
-0.6803838039911286,-0.6720081289068008,-0.4285005250528987,0.46998021006215124,-0.013324729271867002
-0.34175784367607204,0.44754987302262383,-0.6400755179173186,-0.36786903344272515,-0.5059070800089321
-0.2734262916816947,0.011167335393140685,-0.3437055182688223,-0.18824504923107338,0.6168854647224113
0.21128361512166655,0.04711566933976431,0.9374538609475865,0.17066720169824476,-0.02319392321391373
0.7618053360779119,0.8183803685477179,-0.09235985033539934,1.042724042452934,1.3964839883516096
-0.9031062070067707,-1.7756239198584949,-1.126064992030995,-1.054364800865765,-1.366048430306153
1.3188626874317797,0.9061411816069906,1.3239000136115817,1.5739495006310271,1.2216811318095488
0.4732435150827969,1.1669981458644079,0.7698715210052867,0.6316117166671723,1.3969773932103233
-0.4090696756444622,-1.8363773125079592,-1.116101174902615,-1.081882985748162,-1.4217593702350109
0.4737118296491936,0.25100772339518723,0.5275175502850644,0.16368254096026483,0.19906254638445667
0.09286682465892838,-0.5647439948496822,0.12530993082975897,0.274012895494358,-0.18474046509287362
-1.989412005091363,-1.302472647016551,-1.9124843209735325,-1.8997584316343907,-1.963690028494742
0.03923737328929794,-0.9285393946700399,0.42907305382879163,0.7336169169895211,0.781160521725839
-0.03326628031746749,-0.11565237068742797,0.44646460583722347,-1.0418783491127546,-0.18952406986974155
-0.6435397851061028,-0.651193160829536,-0.8795142322222274,-0.8219839248337476,-1.562921312816994
-0.9431998733207577,-0.9566994104049913,-1.3255619795786466,-1.8673606276276296,-1.5292916106622845
0.4865394866719735,0.4667509770526204,1.112278006960276,0.8323909987868321,1.2315185090902914
0.4119529984767944,0.2829337790074771,0.01880961324459401,0.22540446071466036,0.5633199840748835
1.5570654752003417,1.1690129813565797,1.068558561211009,1.5609313050954152,1.5312145364347236
1.1550902514149537,1.2743637100622789,1.151134146948234,1.4262916666043883,1.6448698046725638
0.37125910239840737,1.0008163123350797,-0.4246464005607243,0.15458295387345578,0.3220607628595455
0.4761258352229883,0.6137062143671157,1.3952108928585498,0.7022820284843726,0.9864004392132047
-0.3664767858637405,-1.104907362472205,0.1393479407013785,-0.5248529827468602,-0.21674528967002532
0.6279306044115891,1.649315590425389,0.7047071297878272,0.8114037457815656,0.9221044268671088
0.952006341997375,0.5254867789958705,0.16874895005009663,0.9042098263407295,1.5049488209434676
-0.1563955689043946,-0.789215828510551,-0.9221751406829892,0.6259148451259924,0.10250545859113626
1.6002736716286248,0.6853412076504898,1.69553984715223,0.5445535862737488,1.2085011388385334
-0.8150419825074352,-0.9379492720277944,-1.057708073936545,-0.3531998350178958,-0.6774915368406726
-0.1308833839234982,0.1057886231818636,0.14035358798980535,-0.9033941810475408,-0.15946786444703442
-1.8726876230193905,-0.535952485025016,-1.1528237901272564,-2.018848620418495,-1.2214245490232285
1.7916102658087902,1.9216111408456433,2.2779600368960793,1.6046601280368675,2.1338232793110015
-0.12420003611348061,-0.34936495709032417,-0.21042627660708618,0.39181730591506947,0.25365239841021653
0.2944449917957641,0.43092504996594927,1.2103754695817104,0.027070239248115364,0.9752510033817899
0.6614879658852878,0.1311227608871228,-0.00021727033395492544,0.7722319038228469,-0.30600314408023666
-0.8990716208502594,-1.0501044510675677,-1.2350766767262442,-0.9029639391729495,-0.9617940717278439
1.121345365661396,1.5550689206767654,0.7310590202785313,1.2445128275851352,1.546360285040157
0.256449153398922,0.8914750952991731,-0.37037246766680004,-0.3910603350003727,-0.15190693101771824
-0.9456635167950249,-1.8411639109200004,0.22815886130006147,-0.3013074268658291,-0.6725851397318254
-1.1029848423282573,-1.3335980613777552,-1.6556525064929586,-0.5869896057031874,-0.5329190083510877
-0.17418862745668579,-0.1393396040015801,-1.1431397827086982,-1.0625048781793043,-0.5958519524261949
-0.24377873552322635,-0.19570139550141238,0.6952250997793669,1.3614162485549515,0.5051081759432046
-0.7312830618479528,-1.0377211925335592,-0.777065482358737,-0.9627572181739367,-1.0810149585160496
0.5172807104202871,-0.1096427472261002,0.04726328592564287,-0.8342132336373146,-0.6834847533583607
0.38959154588019596,0.7443902392682962,0.6455625060129082,0.47767768599524085,-0.597308795601956
1.6156391343823029,1.547938070421352,1.0278317332648952,0.8573354118949916,0.8471671644780499
0.2676962473241702,1.982314823168468,0.45633498986185966,1.1163475814541812,0.30998977645014136
-0.43627316049267884,-1.6843553387640262,0.1233658573466532,-0.22592077768631066,-0.2915519827951217
0.5274546513173216,-0.3632689791305051,-0.5620835780795586,0.06407560733067239,1.1262422722408727
-1.3073368374662526,-1.5399977003794372,-0.0016968972146143698,-1.078159875079005,-0.8050906669472638
1.0477316188675818,1.6433166086522555,-0.20487715749833824,0.8956817926902735,0.23290014753965094
0.3531273126350659,0.04395285412185328,0.22033368159965772,-0.3979034024338863,1.884675409633297
0.0567369680235458,0.29604256847936383,0.18944620198143625,0.05761664816248387,0.4982501646772016
-1.1489132710786165,-0.8231329915384727,-1.6242123983088923,-1.4094880973590949,-1.61119857924278
0.26131887420685074,-0.36325959870761443,0.3848866612119612,0.23719042742337454,0.450992574212846
0.8105625988832477,1.0253103091108098,1.548866050696274,2.046666485717407,0.7240122143274333
0.7182390681070865,1.5271925474964585,0.27849369580365885,-0.05635531879344097,0.6052471666670072
0.3732761635917609,-0.4128184951609817,-0.293012850417258,-0.6604113937891932,0.4699748099459928
-0.9599798104465139,-1.242325607268998,-1.1381401176610733,-0.14071537300991585,-1.0291864609938117
1.481022514052967,2.4238060231374092,1.7251944417241043,1.9136321258174607,0.9634172488111827
-0.593037036560962,-0.1413570039170855,0.8533215428017132,0.08150304146874386,0.23375406776640303
-0.5258047258950227,-0.34423421501444607,-0.820404147310318,-0.5578446032369071,-0.3989709810937983
-2.1313863144586276,-1.2797787074054778,-3.4039724017422412,-1.4302019930023862,-1.6765226396877384
-1.8976408530429048,-1.6441134648589877,-1.3653356558314773,-1.6982983828749416,-0.3901810274497189
1.3184196124957612,1.192915383176845,1.7606417693636243,1.1289808245001258,1.5755234496236667
-1.3009982683215828,-0.4585577960687848,-0.24300167109130077,0.4133580383044615,0.2884978249875122
0.5647088404436669,0.44536068985390337,-0.2978739948140131,-0.28717808803474737,0.00747945191230698
-0.901552244295441,1.2536405422370087,-0.32450289988429687,-0.08769818831321681,-0.09321976049748033
-0.10774160392404558,0.2998778333724549,0.214912512394051,0.2360006279836159,1.554067181903717
0.21466964570980882,-0.28696724322400974,0.552603964516722,0.7732733888660113,0.28904746947627713
1.10396928279106,0.8883472011989596,1.287758392017737,0.1975968000059749,0.9905780798107334
-1.427076342624795,-1.402120693006158,-0.9377565631612375,-0.5147221387217419,-0.4695180784791579
-2.313370075983747,-2.5621868630682134,-2.2904844916509988,-1.6460897496387,-0.7645371802442725
0.6237743242270647,0.38919044086022514,1.1266828432414124,0.9957154536969083,0.45870236368666234
-1.200409893700138,0.0406460693936263,-0.24883451238550025,0.1134829142646695,0.6765036714517224
0.4401832479628268,-1.1566120642878572,-0.8730069028668527,-2.8160972251515544,-1.55298580784783
1.237887982525404,0.6627547953065431,1.964028240205908,0.5126726839681454,1.864373038528279
-0.5523176429827468,-0.8652780413393193,-0.9300232537527944,-1.0223105894595008,0.28507438955610936
-0.4659282828993288,-0.8178111738498401,-1.91025325896625,-1.280512188073103,-1.4420497287783618
1.2939146961369432,1.1918412261937639,0.4749586422664775,1.1314350388717436,0.6043292273381979
-0.7940380640643793,0.19790110296676042,-1.5186974132331068,-1.3152329825460571,-1.9898480871699828
-1.2184564528359143,-1.2551521517252395,-1.2785760329643505,-1.1717458766431241,-0.4174013685183585
-0.3984925827783552,-0.5919015338622696,-0.7083145500718465,-0.8187570565722178,-0.31593890906122074
-1.320709291757121,-0.7437166849189338,-0.040774359066772084,-0.46113609905891134,-0.6564907166875636
-0.7685754622101214,-0.9415519065306995,-1.943387774141731,-1.5299819867388227,-0.8723532460245712
-1.267242049305271,0.08642426329268155,-0.6685052356958048,-1.475593557613355,-0.6536698035422875
-0.2401794321995367,-0.16081738934973583,0.3990026234610698,-0.21414217380295816,-1.0858868023230042
-1.3327606675218864,-0.9148052240570324,-0.4515431726594997,-1.4341507273144773,-0.8987457157823875
0.22725728695368427,0.34244390517817375,-0.07724175818447096,0.3448188359704062,0.9548082118222837
0.06198342087686629,-0.551168777417553,-0.7900857398175909,-1.0508957119562574,-0.9960991929255681
-0.7503053026731236,0.7184348063933144,1.4339533376462348,0.25800540806394995,0.6500483595711972
-0.3762855954028339,-0.8023654277658337,0.23077542395641482,-0.35257989203002255,0.2946472064578815
2.0634080465546303,1.2363301386345753,2.06816541971331,1.4485265509342737,0.9987795423838597
-0.5872715591544069,0.2812247852994554,0.943895768911399,-0.594991441551186,-0.27094452428570776
1.4184896129310154,1.621046531539049,1.6293083889648619,1.6351636904254296,0.9930165783642284
0.23103442252390405,0.06521446096177597,0.49516832146351436,0.682868329514598,0.23351027905797367
-0.36497503397912334,-0.8968226143155099,-0.5629854916520637,-0.46797935208715913,-0.5456429008089745
-0.6329376218749465,0.19966195649921648,0.5620990774858906,-0.2771707808001167,-0.07941527609690881
-1.2666324408808518,-0.5825436877259554,-0.3628919218462732,-1.5134248451193157,0.16112747473292263
0.264373585680652,0.18758393131354764,0.506359148097884,1.0827340925622584,0.657447136619769
2.283049112219165,1.6151471602242795,1.5645237299420227,1.2486263535126128,2.0104159798782253
-0.8919401549987286,-0.11642891185150321,0.6242527581914817,-0.3494223108653271,-0.8816174930505382
0.7742048664459813,0.987799271136211,0.9589162913140311,1.3699964482457543,0.8186451308488837
-0.517696250625244,-0.5063864020051713,0.6352499249077624,-0.43087396124582583,-0.7178729283925329
-1.5463411887893628,-2.085739611404137,-1.3904078481614626,-1.7475173955265773,-1.7807921978150525
-0.3715394157162148,0.29945721177681844,0.5961933196021285,0.9880034275132705,0.8249840224779299
-1.3701250573029224,-2.014150931452421,-0.4618394996725019,-0.5054372650308695,-1.4492598198596114
0.07479031111234251,0.5808243630938837,0.38899392402142013,0.9243492423422176,0.29709624448248606
0.7158978754133924,-0.9818366606553264,-0.6569471734669374,0.20004542113520316,-0.5027949731161911
-1.8074761394344763,-2.321305695947706,-2.2371402298171956,-2.020317029554278,-2.0043239344180575
-0.5979088744938607,-0.7929695425693442,-0.5131977534916672,0.16212869301434726,-0.6905272717782679
-0.2960127708923227,-0.34906195730941025,-0.38514829510848,-0.33971844564041864,-0.5899375455933721
-0.4330312779288863,0.04368511263131608,-0.5727390372470805,-0.48043729446048306,-0.351099262280069
0.675009016145504,0.46682146810897146,0.754729841906083,0.25424945623707873,0.836428477459554
1.851760720379833,1.194502981167466,0.6338844417356497,0.7341447789279769,0.9437644224379411
0.2239998465697135,1.3091523479332674,1.4439086176526634,1.673520749153774,1.9518779962253903
-1.7020745912521635,-1.1364603225451404,-0.720699404577873,-0.9577881726648696,-1.458240066669139
0.8128452492158756,0.9890126437730099,1.7341720082779026,1.0632665508585804,2.197526919522923
-2.1935498357968326,-1.485681641864744,-1.4889737074381153,-1.3144125733838592,-2.2327264131377516
-0.6378210969679659,-0.6648532529592656,-1.1570904488293492,-0.2519732831467402,-1.095614392470288
-0.2210199953347015,-0.7825220260086667,-0.5330085948118044,-1.0446614364498963,-0.2185697119540883
0.7028722323560017,0.4009646534489281,0.2507636953256214,0.22623453641084534,0.8045367479230086
-1.2994757110337751,-1.5746490722272926,0.1036474500343878,-0.7282568579078866,-1.0760383210219306
0.2728664434199708,-0.6111477751945954,0.8416411966366172,-0.6375960457485875,-0.7391685142535493
1.88381799205888,1.9499050086956173,0.5124760302416647,1.6199829678611026,0.9634855021718044
-0.437096559237952,0.44861631021008985,0.1877350310613659,-0.4557038731322139,0.8575822417277493
0.34033836118540106,-0.11942176113455984,-0.5294071210684083,-1.3896834573844228,-0.2532651350224502
-0.9777393825029904,0.2422814522992846,0.6730435939740892,0.12047957965528018,-0.8951724084833601
-0.8612939864218886,-0.41501828714547684,0.9072770753599501,-0.16701266697417302,0.20740760173012301
-1.0266837170551855,-0.2530525955445719,-0.8528109330937075,-0.07957933233597946,-0.6676017338029465
1.2530627595516346,1.705160889466185,1.7929786960339928,1.1180609260416092,1.5301572254287266
0.5272856753903924,0.9411268599139806,0.8694981820104852,0.48105173059460754,0.6775871319985357
0.46854360056346317,1.1055143723784668,0.8063669065721529,0.7993911911948173,1.2678073189657648
-2.419753070497897,-0.023847406947596534,-1.2259611668774006,-1.8205069624764225,-2.505235242195874
-0.04233317078625833,-0.44330466330518203,-0.5619630571051071,-0.9981908903349579,0.1051170214959355
0.8320045386762978,0.278065279775031,-0.599191637960818,-0.2213044797840015,0.4171122552984227
0.9039805299120854,0.9718049543322793,-0.14414806990505613,0.07824913321788121,0.7080639627825795
-1.379902996528269,-2.09140505487643,-0.6316937207628461,-1.3168803583023565,0.00412893398707209
0.4437970321088788,1.4952636004173951,0.345312232382021,-0.6979776908524561,-0.3036277165676205
-0.5565162937268956,-0.024913177507545202,-0.5232418649963959,0.560689548794506,0.318341447035397
0.8735460696257856,0.563608789729897,0.9189154571227063,1.2154390337195824,1.0341735054960297
-0.5694751115364741,-1.5842184727238537,-1.4941424417169256,-0.4656188995096514,-0.6299229915260688
-0.6511726616660432,-0.30510336643426766,-0.9515435357572024,-1.19890223132838,-0.4975031271826776
-0.819610877813472,0.0219347941785523,-0.4045851618063599,0.010395963299727603,-0.48091938354521196
1.813155447148704,1.2736849327529982,2.1563213212681176,1.77956430275627,2.1399887226143384
-0.5151345435031633,1.2738363046538284,0.9219872829338127,-0.46198494508804644,1.1385096520681535
1.5109797230805757,0.71749956666548,1.224133057965862,1.0329919731654222,0.7229084965177872
1.702716240723965,1.1889265671426148,0.4159735981926879,0.045370250545018115,1.419934819548512
-1.096825659030809,-0.7634040649535784,-0.7840708027027112,-0.9602855227879844,-1.3666628162963157
-0.8064743605559768,-0.15977106029771107,0.017557708914509883,-0.4633411496979704,-0.27068235580599487
1.4399227083334998,0.9948647278762427,1.6068271196090202,2.473891672613227,1.9277953259981797
0.07406472673787405,-0.5537167192433117,-0.40692833750534296,0.3305654524347602,-0.42388062031721385
-1.4066279817516034,-0.22012293287834644,0.4130504753470297,0.16704624392947748,-0.6015743023313248
-1.0690509555473113,-1.65960878242289,-0.9652295815818319,-1.2889568379142557,-0.3265400694140034
-0.41260659799008575,-0.540868715768846,-0.7277289562879464,0.1530675952155043,0.07013185633819574
1.4621383221757644,0.659158626060019,1.4417380462218548,1.235014216321673,3.3149842442336923
0.8577798437027233,-1.2776448661050503,-1.0960911051448639,-0.4349851130275497,-0.99892691428983
0.1387381104952336,-0.09412264873302749,0.5600310334843789,-0.2876048624986325,0.46115089295345146
1.8547606049099263,1.5536828722444198,1.3818682244050717,0.910441742762172,0.9165725481291391
0.761416534465651,1.0869239248897318,2.0306054725686695,1.2773693004248778,0.6151617752968699
-0.5267857844127469,-0.35892841360698685,-0.6674870873737182,-0.5833474835912209,-0.3652880137395169
-0.28214659501857214,-0.8284370206210457,-0.19931142659771808,-0.17102400881429244,-0.946739620881397
-1.7427786969360501,0.3066322598869916,-0.565330913193454,-0.576406920521707,-0.1910462346117982
-0.44587365787614613,-0.6505835650278556,-1.020063057017092,-1.125470801819138,-0.34388207533172527
1.2726745615721289,0.6145193757402182,0.694842535885373,1.3757943992639436,1.2404476486374898
-0.6569384743444578,-0.9747920365678144,0.3252993492878957,-0.5166949302869195,0.46511635364147924
0.013324172272035877,-0.20435818405417955,-0.3382088242249989,-0.24645390123612707,-0.19511912501850168
-1.051800072149459,-1.5541538214165247,0.04304970210112186,-0.6607342535716232,-0.39065378607794937
1.2034627526392307,0.9593567652368955,-0.04124806605473957,-0.3453961495269101,0.6394098109515451
0.12128336193634763,-0.15880485224037919,-0.07242503015269568,0.3302153667087795,0.2675545100157971
3.1895570909993833,2.249369678670016,2.4269176104043146,1.5894352824862894,2.44814551611914
0.006591038408636103,-1.0279239202685095,-1.2416487670727814,0.4540721687133465,0.3220863218543401
1.6398278191045355,0.06806113601280299,-0.7164542797275516,0.7150616872025142,1.1648143264188013
-0.5733022069296471,0.16535427890258325,-0.7699162448155774,-0.4801764552622603,-0.5995987111735158
1.5216227833250509,1.7284769743643889,0.5171948947031243,0.23077229066713983,1.395556175500915
0.03267276793727079,0.3902097058821497,0.1401232921496572,0.8414414102358927,1.2130709040874055
0.4624570043499806,-1.009832046012817,-0.20765554161368371,-0.3235828316222844,0.9681975816509519
-1.5821184511463497,-2.2514810057580377,-2.883915625650258,-2.1864754154253503,-3.328298007474232
0.022327090714526633,0.4215328902307381,0.9133717862673735,0.9795739751922549,-0.21305486379225522
-0.7216983539894347,-0.3325662222174328,-0.6181332451039564,0.0644893110007183,-1.6245716656039633
-0.38017247644896973,0.3921312186538332,-0.748496178107256,0.9241239766204536,1.1645127894822405
2.22382075733964,1.7250419887636288,0.4225512039377326,1.0358609260874072,0.8813218521899779
-0.5753241854345889,0.009301662529182887,-0.2927008056518491,-1.2865813186278128,0.06852600333622508
1.6485651531398855,2.2800283022481467,0.928174892680163,1.3761135998869964,1.8821072810261252
-0.7282965924607808,-1.4909697360108647,-1.5238012997199626,-0.8842534981116469,-1.3901935616464878
0.16770531104628197,-0.9649405637619272,-0.21893600341863376,-0.3312453636525054,0.24889444075214373
-0.2932976376058902,0.9608538968806938,0.5848653252247811,1.253338273544526,0.09244760364303861
-0.04669525746931755,-0.12627150924037225,0.07524199219829561,0.19635062291240565,0.4110395473416516
0.22838455943949643,-0.09325044632497284,-0.06447400756851088,-0.8177575483848828,-0.49588410818227685
1.5154599223297818,1.2074889947270386,0.6377706358974632,1.376673298991945,2.1415009717511673
-0.08158334398047033,-0.3441312239457768,-1.0622086947314822,0.8154862306941539,-0.10215505785053554
-0.9583686634226872,-0.9296622397054527,-0.38979175849995057,-0.6062536842449976,-1.607321253866892
-1.0616796830820125,-0.881357512900828,-0.4550645760686498,-0.06494386278052289,-1.381789574956867
0.7224413710075233,1.7471800508709328,1.8539700147774616,1.3515599280847872,1.7883200561530952
0.9380864459910471,1.3453801856039158,0.522361084319868,0.9867447543540627,1.177598150349137
-0.3610036690915391,0.4784442593333966,0.7769462680904459,0.988558090249147,1.2749752923087059
-0.568079133779892,-1.2361433385604803,-0.524469410643911,-1.2399399074242012,-0.5180771732817677
-0.05870120244315842,-1.1912116097660062,-1.8655492554898807,-0.0809118859469269,0.0026563816416458235
1.037707788436452,0.06910468718266487,-0.1270419243019437,0.2542504170750118,1.3673631779513562
-0.6158334458295813,-0.4138054942832161,-0.5117439699354092,-1.2664959553526263,-0.24696375294985315
0.0842959390564311,0.568933852705221,-0.42449189174218893,-0.8097778213105047,-0.08296720968766852
1.6767200959395492,1.6201198784216435,2.295853015632162,0.9975514418635659,0.8009591372562979
0.9666131021580392,1.5225946661107383,1.5091569319457072,1.2012844183635683,0.5465575985158643
-0.027983637873242612,-0.4189328782767732,-0.8982857042036639,-0.6182274695236318,-0.2578025104978843
-0.45938614076685585,0.8991980400522936,-0.36772773411776344,0.2694652371865943,0.7250244102432182
1.8648990325682722,1.2834776761137934,2.207681174171072,1.0168998871396226,1.5054977263263631
-1.5358980451879425,-2.795172554861751,-1.047356426843449,-2.134981830934808,0.060449111520408376
-0.5202844734702924,-1.3046882558773603,-1.9924779100974925,-1.5989204037070763,-1.743738260466472
0.27128576876571014,0.4876041036458721,0.5599365381529571,0.1266420373513048,0.32324069783602
-1.1227657222975735,-0.5435741027048888,-1.168009214300481,-0.7213987786288028,-0.8169402413619686
0.17141672594294521,0.9707854740154604,-0.8659351143025372,0.5494083101026113,-0.7745067354269798
0.37522662766297793,2.041680143555019,1.264596909904578,1.4265118408433035,1.130576921098254
1.0112198081932284,-0.24460600526637988,-0.32423434152347486,0.12027574024848649,0.09032376491162987
0.480259747015626,-1.2972936664047043,-0.6306786605406126,-1.0058913773069027,0.4012361924734862
0.6464197304675745,0.1727005842811108,0.15247795357141078,0.1066094108649831,0.2541197909325355
-0.35569967128341873,0.34952522337583053,-0.2847838547276344,-0.1819197708045345,0.5406254660730813
-1.659942038962841,-2.0674363062016785,-1.3048298496818536,-2.815553740106249,-1.898680234028151
-1.1522199717215,0.08552650233352155,0.019408467112306503,-0.2520995097717681,0.048118953755909015
1.9977301489953183,1.470854088263351,1.49007934093061,0.8704431153160455,0.8819985736357618
-0.24271050988854398,-0.19139239978194603,-0.28600319484159387,-0.21877877571924784,0.06452755115026808
0.2907535881881482,-0.12330875351633433,0.842477167927574,-0.6782399544060483,0.803211220445378
0.892488491408615,1.0408895361690556,0.6816944872481147,0.6724076503345425,0.43674159598432527
0.5771108000530487,1.3329647601035046,1.6217137256775853,0.7061895027941826,0.13834059300274051
-0.970754268455269,-0.5714710054282982,0.03853238191618196,-0.5468423850293719,0.43381838399385
-1.1576543705399922,-0.07099506772541898,0.07579913110358809,-1.1035689941148141,-0.911772869589598
0.3703635020776902,0.11790117146663316,0.07015883186146274,0.0881780336164759,0.308676628636121
1.8003144066723038,0.5277350289924501,0.8855420747504626,0.1820367954530342,1.384001138345341
0.7374441750981244,0.43760892166155585,0.8099604983455735,-0.30012414572960033,-0.08440472562890461
1.4695578030164835,1.3835895116044057,1.645145013802315,0.8874297272645503,0.9019837019483646
0.5029604656883225,0.1085509451643467,0.16345992430203582,1.13187503921662,1.0664576982586742
0.1913809590995783,0.05426688185326994,0.009260451951180785,0.3653314420806011,-0.25917133098988565
-0.5335139964403874,-0.25867168703853016,0.28988787398773164,-0.8567698504904929,0.08116009563364664
-1.5701425289977406,-1.7835921700936481,-2.2378858118834035,-1.350912352262497,-1.8562443451064747
0.018968613398236297,0.4778304407029361,-0.6816212244182724,-0.7759058783943039,-1.6335717249297097
0.5594275484789699,0.5601725281957662,-0.3248097913415929,0.511106338002794,-0.5621291766296436
1.1425323084870997,-0.31604935447600824,0.7561309522674352,-0.5661695274886009,-0.23414968702643268
0.23995872154294748,0.4609976782311295,0.9645840236790079,0.059997528464158484,0.6313544190690521
-0.22225084171994394,-0.2405969984421992,-0.9896628383838796,0.5659481448371325,-0.09995605681559426
0.18260206348378108,0.1540417168965319,0.3620464542335788,0.005470317293782306,0.028311194530759563
2.219237108700357,2.0228631454709483,1.8672068838699898,1.927547067788517,1.1740877297737375
0.7091785552859144,-0.902297777505376,-0.39998227971572786,-0.5359974216780172,0.9418096933473978
1.8761306159917304,2.137378406943586,1.0564679894080988,0.22291375206358643,1.1013761134626954
-0.25174044187830513,0.3756383585447055,-0.6298712769026606,-0.22884456038731146,-0.8857561580119117
-0.7855330897112494,-1.4293919910443778,-2.0070567670288453,-2.076569462873844,-2.2161797009149438
-1.2641802401201456,-0.6142270738915987,-0.08404296929564574,-0.5831791988928744,0.1119813685173192
0.4744160931496283,-0.9107751485270958,0.3878745459180521,-1.7182003257212153,-1.434470930886717
-0.4727754667001737,0.3049974564517838,0.021458753442140953,-0.7903738039070878,-0.5057035777667684
-1.0453950935653322,-1.1742131566522702,-1.32445691984573,-0.5645410407197462,-0.421453927192112
-1.2149268771175474,-0.34114074898639146,-0.8127241005270035,0.22161929253298832,-0.5193310420536918
-0.10691042127286345,-0.9138901504156096,-0.728326175980075,-0.3381366202610836,-0.5164041071889718
1.3538679386934074,0.5848298965660992,1.2200113456905592,1.156336037597348,0.7066479480201007
0.7133360017777012,0.26623841876632065,-0.30181366137494703,-0.7162882647854735,-0.7078872753619543
-0.46650346823057554,-0.2557127725107007,-0.03768268621144364,0.28808923408750375,-0.4015725642842529
0.9219661521360212,0.68348431819378,1.1437627070290282,1.5635575614933575,0.9573853274949311
0.5779344480588668,1.5617824309906008,1.9097723735118164,1.4751068769495215,1.433825110906968
2.473521628987742,1.4351889031392853,0.9925070907772838,-0.12162673696457431,1.1277994934927758
-0.30381570297723076,-0.5401697775665139,-0.29074528783304093,1.0336574591893932,0.7866841930878068
-0.23711095064275028,-0.0697983308795075,-0.40702429688187325,-0.7324631200226204,-0.4044107064685584
0.08601152526715992,0.03611291577373688,-0.03713010400147729,-0.26346751775636523,-0.581528727923469
0.046371706073581,-0.6451935557367691,-0.6904717892825503,-0.28668526515644066,-0.3609559922981435
0.2236393300096242,0.3931053701570861,-0.6969996881482065,0.7667202038195114,0.2764351188463073
-0.6063018379711452,0.31394586688454384,0.8027956883989498,0.2474943935825903,0.9010113806626688
-0.05749461209359745,1.2651751116161818,0.6363512606083205,1.792098900700882,0.3900255087443788
-0.39650518873446794,0.550061634327315,-0.35642394458281706,-0.30107213256045473,-0.7630382704092677
-0.36011781798434783,-0.415961305321836,-0.74237358182386,-0.7030045583238874,-1.914780991665198
1.7343608276527127,0.029278283392751247,1.2717248092886997,0.5983581850045828,0.15621393621396967
0.4183492382427961,0.048683694465682006,1.3512026585835455,0.8863379890262701,1.400055524701743
0.29406206314314315,1.0507427554235602,0.9539949517163134,0.21975264723252877,0.4760888547483921
-0.5490888085011773,-0.25069927369447553,-0.7916697257364103,-0.5458558801330914,0.26853239640045073
0.3813245641012614,-0.430050763994257,0.6788824822077433,1.2993466137568506,0.35776423857245127
0.45369898674489517,1.0414166715820465,0.7044628263347856,0.05091838034200455,-0.27162754269291645
0.23346639875849934,-0.6968097448028769,0.15526289382688702,0.01234246527680387,0.9620913674848869
0.3719458634043416,-0.24136172198736736,1.9004566342087357,0.5992989326045106,0.527128799894054
-0.5678154763664893,0.10245339442006357,-0.21783019009054969,0.3811103824139115,-0.05920137578412709
-0.7704046406952221,-0.39013379802689446,-0.7310184212936953,-1.3086646971702207,-0.07575513827730196
-0.836915178104992,-0.36421564391650313,-0.9115828381109145,-0.22879819501698087,-0.3894432204682522
-1.3105594448658198,-1.2660584117777216,-0.3828420707269834,-1.4478048890459094,-0.7291298566007631
-1.0140346851239617,-1.1682984647569974,-0.46115960956099866,-0.9199697615894492,-1.3778848294877613
-0.09802363242220026,0.09233588511136036,1.0348938062403121,-0.09649428666521552,0.06575124268406812
2.267198900210034,1.522717339380737,2.34787430395975,1.3825957245477873,2.263271038762908
2.7576201109549183,0.817564622955918,1.971666793810118,1.2766248660829091,1.4751947387271984
-0.1912920235827131,0.5835260924422218,0.6074032079052266,0.38787357191480554,1.1304346448631972
-0.5053621982552988,-0.9569641784700968,-1.5061285453029871,-0.6612722567205119,0.8372958507788412
0.6756832089828096,0.7271283203556226,0.5516798666304468,-0.05601341454651851,0.4477427561447067
0.733631882221929,1.1410023585713431,0.9191135566093245,1.012003122488047,0.3247652641746634
-0.628665169863492,0.6207368350727447,-0.13180104340391682,1.2764851994967814,0.06782814572426131
-0.4833059432661646,-0.7746739965935969,-0.35346376463970575,-0.5102935126747635,-1.3077419355434006
0.6206892200760701,0.7948692655439191,0.6685165114399556,1.4948733233326177,1.6176037516572626
0.17667863902049938,1.238548302243997,1.2873752442327044,-0.09300854856424115,1.0960869422691122
0.42998951271284136,-0.13065310972604505,-0.4905805792275753,-0.04631848564733296,-1.536466566473125
0.9901922467140393,2.361911937142819,2.2255917776485776,0.5747040267895642,1.159080342331931
1.316411256108546,0.9104062085802938,1.5253378040548642,0.08419928521193604,2.6324510248491038
-0.8256282016482519,-1.7826058029557,-2.6018523419311896,-2.077642589398096,-1.6022938243434002
-0.6784879527403371,-1.1775764971857519,-1.248840770192978,-1.094618633624044,-0.23433396611051888
0.14073902302902763,0.4103089801703248,0.8978895567626052,0.4134475935424978,-0.8931473969876021
0.5894922462327548,0.8681294344968676,1.176517848266476,-0.23504457320262068,1.087766882840037
1.7432394730820304,0.8480406935704293,2.086530465951233,0.2061487677993719,0.5059086587804223
-0.5519617764098225,-0.49838129432064526,-0.8561568302185728,-0.579373651067001,0.11650840894270978
1.4406813385884096,2.0750673133930793,1.3701554815757007,2.497585462258959,1.9950158601127372
0.45535593656235135,0.1693549366194295,0.1319385600404405,0.746636630642548,-0.055470083615508245
-0.09902492197714596,-0.43567759697013003,0.3815261421316198,-0.33608282410570506,-0.3455622738100261
0.46574607810263885,0.6453503513118916,0.11921909440369693,0.2931216414511067,1.204593242716947
-0.626546100574439,-0.4319250845094322,-0.12325036213987932,-0.38461391925085253,0.15550787293523727
-0.39067164006672284,0.32579970792547874,1.446330256464701,-0.031338772864869545,-0.26174813406717606
-0.4909761834264891,-0.6581971921591788,0.28819762025735823,-0.372822866446531,-0.7725587306710133
0.24945835450924242,0.13320975405496652,0.7431283522570029,-0.38034588777700734,0.22190905640266567
-0.8882667920797699,-1.3749498023396463,-0.9151479752345343,-1.2362527866103228,-0.3656114484564888
-0.9364581823879428,-0.8689761145606726,0.09232403824518397,-0.03186245614605232,-0.16274986027222457
2.8753738603863255,0.891925465065507,1.5261102970681582,1.6247559430670366,0.936298608443347
-0.6699860537472135,-0.5877637854638145,-1.6625665668027183,0.2627446797868878,-0.12666880040396883
-0.49972230116742505,-0.29604430496243206,-0.7603351715422646,-0.6072718706310575,0.3343297357564567
-0.029463576196760047,-3.0681256471968252,-0.5962662754968099,-0.08846415200588648,-0.15255355192571268
0.09490877896422485,0.7043809999582457,0.20360836291195406,1.360926984085713,1.2604714844475515
-0.573533558625749,-1.2680642892758407,-0.4473530944225177,-1.4675469941670993,-0.9842877559454577
-1.723312200912308,-0.2874751744995192,-1.0017999227546786,-1.9970252268236484,-0.8820619677646614
-0.6464930788406849,0.6102544988088626,-0.25688422081739115,0.35536071874160513,-0.23769667147114765
-0.2584472023999321,0.9122127782943024,0.9434148472151703,0.16578265281533516,0.566786249810632
0.017050298062951833,-0.19266126475096684,-0.7617737765574776,-0.6994506662222832,-1.2285814798956216
-0.530530047802213,-0.3760925199347619,-0.5040232566850846,-0.0776077749673747,-1.5271804868605232
1.823909901281092,0.9767414316316054,0.9020604413250146,0.5720036599893684,1.0788018127815349
1.52391766288334,0.4500538674158173,1.6959917350269402,1.368661570290898,0.43600313823791637
0.41320642508602745,0.3806330876568597,0.5417364374139718,0.480358602776432,1.6476476505118003
-0.5926149823973048,-0.4791882037160936,-0.9432324221645323,0.29914371994892175,0.18657305595580706
0.4981146639692292,0.36879758655405603,1.0690417859438257,0.5092819580551844,0.82072996116736
-2.2909138490493057,-2.376306083508943,-2.2404244816793115,-2.5700713461087243,-1.7222158302413475
-0.27925144759525944,-0.12935090848220832,0.7616864058502357,0.6026566206477512,0.005063191964800719
1.01363803820072,1.1727354915714636,1.1565473918423501,2.2279649135492505,1.9342295260239055
-0.03522029892410286,-1.3267512445481309,-0.5486829591705008,-0.6684086984641171,-2.1581856580685685
1.245357013538457,0.8911379486562004,1.3779525235784698,1.0461653288850794,1.6748482354985552
-0.15654581307119533,0.24212461284935952,-0.0401004206516614,-1.1215652078146312,-0.033209436048845006
-0.28105182904933323,0.26570192427066786,0.9485775402539214,0.8259722916214215,0.49396438579465696
0.4199172432271913,-0.3081923716150438,0.5508863430238786,-0.7920596484162294,0.30999769905081204
-1.2017274267073195,-1.2906294911569256,-1.0926133740409212,-1.6007526166695856,-1.1614504158852395
-1.0516992258807476,-2.1583899369716697,-1.6672177663388796,-1.1913498961176272,-0.7533805302115832
0.02533614284180859,0.4288965143940616,0.9167471521208982,-0.6443719091907836,-0.3108175482325727
1.2550395951118083,0.3045603474692315,0.5436655769892405,0.1672319426525518,0.3472508383597405
0.7343482985855089,1.3999053101368641,0.46291913816705016,0.9629872025015723,0.0104052128637882
1.3592209120334502,2.2519627578851273,0.19629593038890317,0.39444728555809655,0.47849631848961677
-1.179880982144839,-0.8567785183586827,-0.48724402562138147,-0.0607600033624032,-0.8190403414212594
-2.172485331033372,-1.5073326035248424,-1.5135115377933457,-1.4659661058786018,-1.6724275945267089
0.5889847175017481,0.6645415317971152,0.4963807603366336,0.6989950176429561,1.396966810971307
0.8183098304194751,0.5604690331979804,0.4298395239139352,1.7731865285091641,0.3396219659508823
-0.07663889403071313,1.2351363776969984,0.582844643419848,0.5611168364909573,-0.39210557069341
0.9187635822566634,-0.11783864275618677,-0.7035002823325391,-0.09685519317612419,0.9392849989049082
0.8845330235590462,-0.79480165977942,0.6693022404560901,-0.836032344080163,-1.5541659328866553
-0.5569290100776391,-0.45902032112439717,0.19295476801822561,0.0023636084257895,-0.5763744547042663
-1.8037121515513523,-0.4210402926517538,-0.6593138663641157,-1.5461940371914042,-0.9509998845843395
-0.34901028966218434,0.34729237317430167,-0.14413887262940236,0.14628610613626733,0.24806543385494415
-0.10192446122484729,0.6195396465284202,0.2550576362274313,1.2185738882089134,0.6529610478737935
-0.4776924462425906,-0.12688701792098153,-0.9421897358639195,-1.3362270124564057,0.03572423609137981
0.45590798387169773,2.03954094548107,0.07338503499439887,0.9066479285862484,0.8686316649202624
-0.7106878369632245,-0.24224766716808974,-1.0838489791669088,-0.47420458627476475,-0.0644525388439639
0.30882529908636946,0.3386390053207612,2.1110374692452822,0.017881340173526026,1.4990043924217171
-1.7149580337592234,-1.7084295998795536,-2.1871061337226556,-1.62864118189797,-1.2547868485249178
0.11718337906360382,0.8912713810832475,0.9301039095832232,0.2447421888580359,0.6164431215488618
0.025120220927358123,0.13137127791839626,-0.04816210987827083,0.5212333812104603,-0.4215029611912629
-0.6559635346494331,-0.9058236329816864,-0.34292800777255544,-1.0136840235913889,-1.3099075381840022
-0.5425991571102105,0.6505958415843759,-0.16484619883860782,-0.18810922690853812,1.2253245275943132
0.7468118337282427,0.527427788802213,-0.16604462445896098,-0.2266605385710515,0.006410111243880452
0.6423920823827998,0.2142464759458511,1.8939734524268674,0.17230154598285594,1.2459629027226664
0.8104299541921932,0.8865658147959633,1.013184766917092,1.149059604365321,1.2756810671150218
0.9042473325607514,1.4646411451965329,-0.2539026067594896,0.06546730245901718,0.33793248164910744
2.079755731155286,1.4371027304999302,0.4053244395525854,1.1018903839999867,0.6668451164429166
0.6111144246393219,0.021274826929681183,-0.4087555878962832,0.4102375952626466,-0.48840025944197624
-0.7927326149815557,-0.8325313804702987,-0.8286985180005135,-0.9986742420407883,-0.9205794959939829
0.010895912637321549,1.438274027143948,1.6989651829615464,1.5020669414838097,0.8660416473997807
0.0809052094688633,0.48831471760261363,1.2611910780651228,1.147730286798471,0.20089867405038156
-9.79549858253916e-05,-1.5481999339057515,-1.2252227830116247,-0.8108359672440901,-1.3264127131467622
0.5538025688049795,1.699874784203493,0.4925980929373531,1.3203088175293498,0.9137076140274385
-0.9218056582601019,0.14324685003739251,-0.1964218146178779,-0.36673900407211396,-0.21887926334753366
-0.7012923607744637,-0.6968628636641278,-1.2145305012254533,-0.6797080526330684,-1.5580670221182285
-0.3028068302504267,0.3590387183573044,1.3174838888422764,0.46432969004237007,-0.5078949163071911
0.35143277306988957,0.2228218100536985,0.5984128750427548,0.48670563328786337,0.8074009627477716
-0.8225475837590815,-1.0914737760645081,0.29552250728427165,0.31877677347837396,-0.3899357461505739
0.45723655416772946,1.6587254624207914,0.1416363380508883,0.020778151404538314,1.3228165560626404
-1.603987003901955,-2.185812226373516,-0.6494210135778825,-1.9804468531381414,-2.1998492796325944
-2.065557201573502,0.2368862770304693,-0.07426116965580454,0.22029199120625642,-0.687542567695824
-0.05310185786664159,-0.8643031860227478,0.17681419082439362,0.39930991883851863,1.1428437623878767
-1.600492017825362,0.011629980967156896,-1.0236954386978,0.10204439449534497,-1.106125738172491
-1.3594927401924644,-1.2495148971879941,-0.8273553424771937,-0.4322561932916676,-1.001094185953366
0.12463401997676778,-1.1397795869297676,0.058496232240410305,-0.6217196787365,-0.6273058982261369
-1.038032508933437,0.049497093133489045,-1.6526395960381535,0.33137840481529013,-1.0138078139567888
-0.3408467480767283,-0.5216925629992808,-0.6704502514030819,-0.35195639074085366,0.08091901971629421
0.14142036958580792,-0.14240366562603918,-0.17676069242759385,0.03482861256941272,-0.29610515680188015
1.948033953819915,2.675636750135502,2.189193689517406,2.3979239479924024,2.0646503307229014
-0.857707719236931,-1.1355775094560459,-1.8451848389705432,-1.9239262027534303,-1.0920135063445149
0.888184316341912,0.1373626192161899,1.1330441327764564,1.4843885949160087,0.10076003899656456
-0.7609575266030454,0.039414180699505946,0.22269321107535214,-0.6409132838334651,-1.0606917908625666
0.41777623072331854,1.297325117141745,1.3867106371819617,0.8517133531102105,1.07346840380743
-1.456558335390158,0.05010455373052905,-0.8813353752808425,-0.14750768393864094,-1.7905018836683075
-0.024179717519689094,-0.8974550248108584,0.0037986333753590195,0.13165774935426425,-0.3179083714708589
-1.7718753973027075,-1.207517162907797,-1.539948396902256,-0.6030443886213644,-1.797495869023265
-0.37576438093292985,-1.5887925238670024,-1.2597488948733002,-0.5214352568481055,0.34631410552914965
0.9398443436983354,-0.9067782767295279,-0.6836874769117898,-0.7862108724188943,-0.25146997495588574
0.3330031141863057,-0.14705147892974707,0.11383053529690274,0.6278146519445372,0.7543292661621679
0.38331522592834577,0.4823176412504941,0.09078369202360606,1.2581712287229545,1.0034288746888955
-0.3208222043391413,0.7755463853633415,0.5128394331971072,-0.0525627262971464,0.28818997542694186
1.0469786792794644,0.7447788446215453,0.20059314224780964,1.5432694258367008,0.3814753616258673
-0.0004402397902844443,-0.26140889648655075,-0.8930942574961652,-0.5416307153068702,-1.0039879320191916
-0.839311283447433,0.01617483040934078,0.43928060070074537,1.5287347739985049,0.79081252403443
-0.5791098398810616,-2.0412891234090607,-0.3119760342045232,-0.5471968084695708,-1.775076532027557
0.9518199944544886,0.553707060565551,0.5092253006423473,0.8444232396662132,1.3670532834646683
0.4017535780664053,0.11182798020758318,-0.4942589722696373,-0.4404968407853413,-0.1497487158361306
0.3919832836962565,0.05460857875914513,-0.5402543989971708,-0.10996673383384284,0.25826465208651095
-0.6614821270431392,0.6237339991901854,-1.3722819012927479,-0.8611944985221659,-1.5571412560412605
0.5060543812148787,-0.37624337408148983,-0.17065520374555268,-0.2701307074244017,0.15112716765398512
-0.28376652955073917,-0.5526304151349668,-0.534284109235044,-1.3990019816706416,-1.1691772826067273
-0.8013748772296398,-1.751280663713792,-0.1626244579674491,-0.011007898466408239,-0.24719503943663668
0.37624878476869883,0.11411938677907657,0.2646983089661436,-0.25352091886166,-0.9011472835391711
0.2508395166472495,0.9584909316509673,-0.56837959239132,-0.65537298074333,-0.8412551665876455
0.8233332677691056,0.10455304768019777,-0.5253569667632764,-0.25691748075231596,0.5829102958290069
-0.9501953631287479,0.7534520620909041,-0.46926760787657473,-0.06697141713982452,-0.4131511477534281
-1.887687778662545,-1.6832642911069058,-2.5271504744232045,-1.9068979725976372,-1.9742815944305592
1.1649354671917582,0.5490421441072016,1.2947305698201221,1.597125154587396,0.8478170923095221
0.3515145607870738,0.17344394501443383,0.543147074608262,0.14636067687351959,0.21349100882032296
-0.2730301322341734,-0.5269129664131539,-0.8234004266686662,-0.607556449752993,0.3097511835793612
-0.13316613918054723,-0.6468448804519092,0.23117991704655885,-0.1418447969428637,-0.9070953241717864
-1.4504800513284886,0.042866482980331425,-0.48632198772205376,-0.30779453181149447,0.1783329931486121
-0.2328345217083795,-1.6128819158003331,-0.6377050897150244,-0.9454178521460113,0.3723941967095928
0.733848723934035,0.6485574692523625,-0.5319902077999451,1.4315570736757697,1.524162794994954
1.362086058006418,1.1874380796427884,0.5369259076283665,1.3602175069376325,0.6278204546520662
-1.481393945740761,-2.062282515741411,-0.9772920351872513,-0.9800465234347618,-1.3991862351117523
-0.5092065199511132,0.6621750719943287,-0.15345316670173884,-0.03895678124552058,0.5595042063817143
-0.13311830238098826,1.217508933099037,0.21884242666256387,0.3425415614248066,-0.37498521986557193
-0.5837671591462646,-0.07273558596524332,0.12479730674035555,-0.13957922739902134,-1.055112447663748
0.12720604704488803,-2.220027835752627,-0.8323308849797184,-0.6478060942364102,-0.24365224031889612
-0.267004399738028,-0.24882465063850356,0.15543229519945903,-0.3394566481795068,-0.597785578630974
1.2214971461220037,0.34249320295300606,-0.13837158732152258,0.5436336253199766,-0.2445905874478001
1.8407295860416786,0.8103410292311771,0.5769558099922883,1.5998516891338543,0.6258984585283749
-0.7409536841293419,-0.2611112834625917,-0.2893028139518786,-0.04469519222548382,1.061593943305171
0.22496766980356037,-0.7452612965223328,0.2113696242310449,0.5986731529938184,-0.25606440738004
0.90188167075423,0.05316529387811381,-0.5736741116444003,0.20270227410374483,0.3440782597799123
-0.25323956759385,-1.3252288047680043,0.08166390788009528,-0.611722762127876,0.04492859238346641
-0.8446509767947712,-0.09314852671622521,0.308380695803588,0.18342701218905677,-0.11208789221060596
-0.45840800448802854,-1.5408175385975822,-0.10115434289036206,-0.6631549936239362,-0.5006121023478909
-3.479921250622732,-2.396290933900796,-2.561027837146859,-2.812809634398885,-2.963029737882012
0.6989999173424789,0.5731122170557171,0.8458228462321699,0.7276985132956725,0.4173831934154303
-0.475838322054673,-0.39508006231116766,-0.6193173107250058,-0.012734557619732247,-0.6334193233304953
2.199321351166679,1.7575983563441802,1.298679202480693,1.8518717240497298,1.804900516068072
-0.4188486965589717,-0.5058894958170571,-1.690171789898587,-1.361715080675696,-1.8739245859813496
0.8789439531184992,0.35692423215094965,0.006410315945231593,0.7051590693316672,0.24407452232671015
0.2851692280833395,0.4250358109390294,1.2296269807946631,0.6630110457965298,0.627383528067225
0.04602394543474293,-0.6162981508642417,-0.3716468194849203,0.2222368174616407,-1.4546120645446137
-0.27314386206019553,1.16760845437054,-0.2979151362356981,-0.8721835681284367,0.7706067679976074
1.0401871093825539,0.3296230911930632,-0.40190235311391687,0.29743133449751535,-0.6287575098257379
0.44338326166259634,-0.1621063303055499,-0.22749581634913263,-0.5273830517483924,0.3048927616032846
-1.0745937827443688,-1.208464315585126,-1.4214242881255241,-1.8694117931684766,-1.7646315729361
-0.8299466939713287,0.45492104856155674,1.166966651108318,-0.36271528699504013,-0.5228423330561507
-0.04733445731912581,0.8836499648903962,0.5666788841201665,1.310996469608807,0.49795432790126154
1.0696223633561388,1.9721783288478818,2.4953411045718576,1.2931019380114672,1.6342700187571975
-0.7017196354321599,0.1279377835695774,-0.9137276537456166,0.05774485469532026,0.45513456436598954
-0.5823508373403965,-0.7685500653825937,-0.5822617761197926,-1.003728969690159,-0.8036369579772428
0.031399859712053904,-0.17980683499304287,0.626932586013352,0.03184541760555753,-0.20559154231765045
-0.3015231846066528,-0.660496491597634,-0.4425770959048779,0.43349588118266325,-0.6218658328753324
1.4516305236956593,1.1210257612664376,0.9559204007852258,1.913947647283245,1.3468652115297162
0.5852856394759763,0.10404542925948658,-0.2124902857638521,-0.30681971669696795,-0.02431933249890886
0.9206405417093256,0.8771044998636215,0.6058993227500019,0.5926799271484123,0.626221773362902
1.1495057235175712,-0.37215800780838687,-0.6805346344675671,-0.914104297066036,0.5240565017580064
-0.23433692381530782,0.06551135721161473,0.07639188014523406,-0.17967802801519278,0.15184676809923386
1.0309256832624987,0.6911290557410041,0.3068311159863477,2.273365421650441,0.5516423756974562
0.3727737180759246,0.2642736152279402,-1.0420522954990277,-0.51078322994401,-0.4693223491153709
-0.01757755425626103,0.2864029964624325,0.2421796262838696,-1.2803912196598317,-0.1410726690699321
0.8536373446888268,0.647933089846697,0.18993751323292277,0.5462907297773676,0.507701532449768
0.09699084466039536,0.2095528768957643,0.5922960913176102,1.352883502459764,-0.24365890067376222
-1.0374566790458482,-1.8729926433900383,-1.7290345139180303,-1.4719669142842846,-1.7970711280587663
0.7124962713331949,1.1085914086601887,-0.5087223644055352,0.09924289923822008,0.2889656167319873
0.6564926265839423,-0.09249145584626561,-0.5981051763286773,0.8079797282583561,0.2428692121349702
1.3860438367495567,1.7454088589044952,1.740027762157702,1.5933560167459593,1.6172316522302883
-1.0569664202863385,0.30981797434977293,-2.2439201604721495,-0.599653612638728,-1.2815028627809883
0.22304352714594555,-0.3661256480752341,-0.662857785376887,0.580870911268433,-1.0165599000631989
-1.1074226376929548,-0.21345346900842452,-1.5095603315540311,-1.2939627237920575,-0.49041044288947905
-1.1922728937325138,-0.8695326981740058,-0.0722546919965307,-0.877473495942218,-0.42558461439137185
0.28181604407189875,1.939991766751034,-0.31738676634340546,0.32420638389343015,1.0329595187319351
0.1188298202062601,0.3275647892245815,0.6867944376886214,-0.17610333746423615,0.12397673218187857
0.4739725258908822,-1.1199080366755754,0.09279770782559889,-0.3072088910756167,-0.47851679046000806
1.0048316846354537,0.2615203936691261,-1.1259074660230053,-0.5875258412119175,-0.4701341300642559
0.3224693490179901,1.198047150962591,0.8632399104351602,0.44540012246953786,0.5605074469904929
0.28452652384229266,1.0943300368980375,0.8770725621972821,0.4129925185373729,0.6779553269875173
1.0559377558641114,0.41868096533052146,0.8573828683798542,2.3577518447977517,0.3079600100406044
-0.0026053118830851488,0.7873654026055091,1.6454552855107016,1.2482262713487178,1.1405188174363183
1.1701837813329967,0.2529620057197009,0.8412724542508967,0.5175085842902264,-0.244561385220289
-0.514653430878105,-0.49616806126476776,0.8595887399578073,-0.6209004693743941,-0.007716306822279469
0.7917764290830461,0.14744610096373226,0.5521202876954596,1.1869417345516151,1.0337327111815064
-1.0446291190260668,-1.5536489557030078,-0.3096877144328405,0.03251380240480745,-0.703612516439872
0.6212610068370125,1.7021788824698865,0.6824871557422417,1.0516895429294673,-0.07420462460938253
-0.18057210727100814,-0.45590040822223876,0.544376141450875,0.7320206902542222,-0.4768346991204847
-0.399992426074773,-0.12129234712138924,-0.7283432005638408,-0.32780400216074296,-0.09998939911609997
0.48970743361989344,0.926873762431257,0.5859483196573775,0.7710299239966115,0.9231881438147519
0.28299277790087773,0.8147968121580773,0.13805440188336104,0.10994445697926923,0.4551811707046986
-0.3431197388769554,0.432016061342286,-0.7708909686238339,-0.6645238456705038,-0.4681782190535298
0.8718462788041517,1.1226379568102964,1.0528192816098385,0.03278074392710118,0.39300472717147766
0.27282000555710684,-0.24666249035800905,0.5448895419567862,0.20483338500669346,0.40783445651294925
0.8011859318241055,0.6702098164366515,0.794266787545821,0.4131398630804892,-0.37870207397229044
-0.592645656369452,0.3879184197743135,-0.9311470232099177,-1.0347641873998605,-0.9950313137773453
0.8253359003860956,-0.5782843165594945,-1.165393094836144,0.7579775792445951,0.6719428461484954
-1.2375081656472506,-1.5182507523337647,-1.6627001402284232,-1.3006182406958793,-1.0717108393138037
0.2511607022623493,0.2994269664537204,1.0065889797223082,1.1544001076467627,0.05752325900097919
-0.7376847061091409,-1.5805759881677577,-1.4188884970857825,-1.2019016371708917,-2.321819574139093
-0.9863030782173485,-0.2005418038571096,-0.4260281319574722,-0.8597083460820913,-0.06516600927653267
-1.187718505623019,0.4079015356881816,-0.43147548918411266,-0.40313869616388415,0.13886852913179917
-0.7810221244711852,-0.7099894835032629,0.4340861068634734,0.43663971098257254,1.0053301792490958
1.0365632313978466,1.0613864415682992,-0.14098157070578282,0.8308320004155662,0.1325936053613577
-1.5172662991692276,-0.7558675349052604,-0.4136520395186242,-0.6050874733287609,-0.9425661788237438
0.8884937133372771,0.16151704604385406,0.621305918471522,-0.6415438727280056,-0.5902351167526172
0.16462354943163962,1.263168204908544,1.2146561536793268,0.9512912559200553,0.5868121298807916
-0.9054221027456779,-0.8998729643493283,-0.03389986725220308,-1.2396393013928602,-1.8986998817846006
-0.55859666206918,-1.0694049801452234,-0.8523752901532832,-0.21855031210785741,-0.795201848377778
1.3681926660444041,0.2374634661628218,0.2080167930980433,-0.2808802356405291,0.23059411205550176
-0.044539931433788864,-0.17920125804643408,-0.05096694277320179,-0.2769258721281082,-0.5702522823018527
0.8769611347882622,0.7528805979010995,0.3143684217637619,0.6791394983124239,0.5556235114564594
-0.8077642348133692,-0.39959901064739883,-0.30790093038136723,-0.3136370671663191,-1.1132504613687038
-1.0075635751813954,-0.00513444327227658,-0.6536815313127279,-1.274644234001986,-1.2231095532698268
-2.1774941578688845,-1.6427773932232153,-0.6993472538336714,-0.8814685723446273,-1.279099668694341
0.2701084015360207,0.3401732702863775,1.2858011713781448,-0.13842446480458837,0.30285917524273964
0.7776232524425529,0.7167677932248046,1.027934878635025,0.7896263072738416,1.2378872096592264
-1.2523445855728588,-0.2988268672574071,-1.2954566622649695,-0.6879964578639222,0.037538830389109774
1.6674193865918951,1.0107831218736645,1.6640740339923235,1.4550477788299954,1.7221054606951018
-0.08552226376006308,-0.5272518193236934,-1.1331942822478256,-0.822981038484591,-0.2561052090763944
0.18100409695724023,0.029032534938978553,0.14381676582758057,0.8333046490780639,0.7773450466486899
1.3468699709514111,0.43226356300143,1.075926409486337,1.6940243538498034,0.4158134349877298
-0.9674649258177654,-1.4112994106184935,-0.6091392130716913,-0.744668198520255,-0.36312504972211085
-0.43432603927950675,-0.3548746612880189,0.6009697099321691,-0.17349676318095333,-0.28368236892536514
-0.029446457305088436,-0.7471834924764881,-1.0712162992942562,0.21054740784347273,0.1436322302894013
-2.1140879739144274,-0.48822331582988726,-1.0164082931104754,-0.5233581863772407,0.4308374136613018
-1.6989899954740015,-1.9433117601632635,0.03260251912875357,-0.5521090625204861,-1.335940190180367
0.7714857323888331,2.3873528630998075,0.6629533116474488,-0.13910792909961847,0.8680344000734912
-0.8600440890268661,-1.1880306313894682,-0.26288649652361434,-1.0657291730380414,-1.9283519896034147
0.2993345970931634,0.03254518998474019,-0.32622021720354144,-0.8818087582708594,0.36912732654054536
-0.6249406528647906,-0.218052708550291,-1.0091202244132962,0.0778838869911124,-1.267941875872286
-0.09311850605560507,-0.06625468396330984,0.486739151039693,-0.9127424989246546,0.12480227236947138
0.2443489464033432,1.412570670146078,1.0350030199686064,1.4865149094742016,1.0673279001895912
-1.071149087067938,-0.8544892974440178,-0.2645482161388891,-0.9210482174248605,-0.21142992970713315
1.7353296584941573,1.5944371670414315,0.6503847982998244,1.4375517287295803,1.4238477412075068
0.2362646275212035,0.02367025342137386,-0.5371489749967089,-0.35526453211969244,-0.29662928461832927
0.6970327388430319,-0.37327696052911113,0.5890619701012361,0.38317306923957534,1.1396404660315567
0.4374807775862453,0.7735603165991414,1.5598812193543221,0.6017237740445607,1.19845467637362
-2.411254971393093,-1.3219645603349726,-0.5169171772248448,-1.063975683886318,-1.7864605436400613
-0.18004028281529935,0.42487376223871126,0.4373518252871261,0.8108928158358043,0.9546283403596255
0.5714019517177052,0.24536660678749314,0.44148952218443316,1.895660987884184,0.7892727410867872
-0.7855594232190495,0.5728543685369251,0.08368053153757196,0.3146431745200378,-0.14898248215503784
0.49438592362438444,0.2506496357120912,0.6952944244420032,0.0890302845057465,1.1901932868976859
0.018729723506479445,0.8610862682799126,0.8007741176623545,0.3022468264649642,0.822062471197804
0.28552054247741,0.226016068303497,1.3853025566346033,0.048463859396667995,-0.5412315888289349
1.1717569006677058,0.37467725589437173,0.8868780931465546,0.225821013745701,2.0552163005588606
-0.20514095096081475,-0.3466060042621385,-1.3638009772149977,-1.3054632675078452,-1.095870604263744
0.07517374807024427,0.6913509033613827,-0.5215157868127462,-0.714949778749124,-0.49088395045729677
0.7350032595374475,1.3773367512666261,0.24703092866605778,0.22235546611763388,0.6661212306040744
0.3038255654560791,0.41853797445320684,-0.4324478614098282,1.120413666299373,0.4878987604684062
-0.2994450208514836,-0.41114857921980286,-0.84325484862453,-1.2235091114946848,-0.4310926380737252
0.9217128151771252,0.6538335400393094,2.2479969756243636,1.303545412475725,1.072987043413941
-0.9560888295928881,-1.2819247878146347,-1.1810014476527164,-0.9683301973930662,-1.1661313214386673
0.1297655380862121,0.09559708954505272,1.0840518195081352,0.2284122199989018,0.7243993558206229
-0.0015524003223625117,0.12801354413381974,-0.9460744554449844,-0.6854718898702207,-0.6574511073159224
1.9148650052929652,1.0267005051761133,1.810183486528068,1.178771536661711,2.416405250557639
0.3058858040854537,-0.09969107066175478,0.16331664940964732,0.44159437308508714,-1.0051017393312658
-0.10622960206039093,-0.06247806297860194,0.8909105390735074,0.33887863157208736,-0.172885779575732
-2.1837258558551866,-1.094080825543009,-2.1371425211795483,-1.1056775295580887,-1.735029155682064
0.30090754811396153,-0.40359450623438764,0.006310255613162554,-0.6365594962608155,0.5684100997138387
-0.8605703854657829,-1.7208847470101973,-1.9091847916513076,-0.45581309235917905,-0.9383150644697508
-0.35179311693788134,1.4664092416616774,0.4118674127802949,0.1580177789803321,-0.709337493564009
1.5339142692604484,0.3483348473778122,0.03394068697567408,0.2653476170881659,-0.07203134785194974
-1.3504721374135265,-1.2575050750177614,-2.151088722214048,-1.0356951772062952,-1.9228229224854423
-0.8922498011076583,0.9701610704558814,-0.8750248467721917,0.6293591937714937,-0.048462457432795286
-0.26977956159649524,0.43537846580211753,-1.2180526027451346,-0.5799846153571744,-0.24553065036600155
1.0444841506218379,-0.17927024378312556,0.9060332905634162,1.6991711949499115,0.034836271975571265
2.077012636817308,2.8394916151381726,1.476372712790138,2.145115085701565,1.1523430035761348
0.8162857422734751,2.1021715000073575,0.9971529019305111,1.5395321507116344,1.4058977050770853
0.5467423071746527,-0.4305336271245754,-0.26051012464155476,-0.32766402530909333,-0.5595126215125121
0.7502174227630802,0.33097294650660625,0.505251124432391,0.6666344392212513,0.5636863985932825
-1.2451898134394008,-0.13601088879843293,-0.5824231937988872,-0.27082290998685965,-0.5066186112820193
0.16942458651393535,0.6726033775149073,0.7761874579451997,1.2013003087112937,0.11612952276312415
0.3402493102732614,-0.2119201234144163,-0.9784569964699358,-0.4248404591741687,-0.7103760815741146
0.7321914027012619,1.5177876100093337,1.4361752832499057,1.2611434070206393,1.299627234948414
0.15867694451221323,-0.37808569351463345,0.03845152913936569,-0.7095560427616683,-0.9314915037341043
0.27425894193356076,-0.0005235043501646233,-0.9394592532241514,0.31234207658754226,-0.7843955503330348
0.5462657745068189,0.6578399684185047,0.01601525587357758,0.303448392742424,0.11195137978837988
-0.9579942675389969,-1.0559282122776954,-1.6406715914861298,-1.2497993089826278,-1.654906680133396
0.012859116928202012,0.8359765660593474,0.6234315326878703,0.9529325594698833,-0.11369176143735683
0.41645537732826354,0.3489931845628439,0.9536047194669824,0.9847708819892668,0.9907050066561457
0.1682518151589737,-0.8600023870066527,-0.8641905526007573,-0.9411735466944345,0.05310489876932295
0.9028473454057152,1.7926573579779759,0.5459242380811933,0.4295170655233771,0.6702435901925042
0.711657985777208,0.17255343754794655,-0.2551766531631454,1.1770759188275959,0.157741469151539
0.6007885514419868,-0.5816756013158647,0.15599544661977133,1.2002426169012923,0.15218325185084192
-0.7311207481400973,-0.0668341369800693,-0.3958560914559179,-1.1218974843354763,-0.8684965161056163
-1.5202386588235666,-1.5542688750828004,-1.0554715659495177,-0.7181879972472605,-1.2551508251960013
-1.477535286271246,-1.7406296559936594,-0.7097268595301279,-1.4950984677417516,-2.434370386676737
-0.136751978211308,-0.1715807825914459,1.0310523083297383,0.4167081280371922,0.13854925829776904
0.10463524453488761,0.27172698482442986,0.7321895481205879,0.3523482592258026,0.7976547650807401
0.059831905288189824,0.008335506973316281,-0.5980932900079512,-0.7260089979962387,-0.5499061195671967
-1.2181490680182987,-1.913299402157598,-1.2310078728158558,-2.314905824466456,-1.2800918211442054
-0.6961463229961332,-1.0693664155644576,-0.9955941804103027,0.1437114624466621,-0.09015884041262794
-0.5596314815792247,-0.5770595305041216,-0.12069016871105859,-0.4891277755889792,0.017987697297293197
1.2124184557478248,1.026019987892287,0.876407986123541,1.5610931020393513,1.5410777851844726
-0.25567915484838416,-0.4247945074721501,-0.10988424113709622,-0.8215041763633313,-0.8981281737281208
-1.1501391287797595,-0.721549312603561,-0.6098727839360559,-1.0352673572665763,-0.22502729279309724
-0.5633621445120676,0.14399166139802538,0.5878290293274107,-0.7358799867805588,-0.3981495521501748
0.49704185398714246,0.1429048860418578,0.3281674673956828,0.5615334772005858,0.46389948829242883
0.1496125362808497,0.7214939663749972,0.9943753982760077,0.5970530176230443,1.4828722447166294
-1.2919657017612636,-0.9022475526907575,-0.8246776266115745,-0.03739664503438372,-0.38282611611508555
0.13810001491774163,0.10689663077946833,-0.3491897748188323,0.995744851571384,1.334952100196814
-0.3097617051931865,-0.20656854951583406,0.09412759525848234,1.2188801366503714,-0.17346718633419658
0.9180556325732708,0.19337972779297086,0.6222795198940917,-0.18375818870466987,0.8060240602511278
1.246587703222369,-0.4989541414547296,0.8855045232387725,0.642070019785577,0.35463579265365697
1.1061069377811596,0.3119051931078198,0.3018671980585958,-0.8552737863570107,-1.0803731035851902
1.046974953279224,0.3254696708390821,1.3926004024872496,0.48489369504925706,0.8631239515438427
0.013156022579720858,-1.0436818091985505,-0.9001330830286304,-0.21034570430046698,-0.5400686981539279
1.9451408889966177,1.8060663802984995,0.6671896596884704,2.1712462428762693,0.6674740834791038
-0.2669775632076163,-1.0581898214670222,0.20662800308430743,0.13448070074415025,0.9086710767344162
-0.41529821258396415,0.3839389423246481,0.17889983032626874,-0.11777772178588902,-0.420550998697196
2.1718430822430053,1.0752581074570555,0.6601404135184009,2.763925747399829,2.3455021113948082
0.6044580642712474,0.9164972084043823,1.4705969730909554,-0.12495083707270131,-0.11641022572791297
-0.7726775388743902,-0.118812278464811,0.2209875492161321,-1.4370355737339964,-0.18168617120190905
0.4795545730542394,0.06472555738368252,1.3281812771246615,1.18402301218769,0.7883228522959538
-0.47277071550323424,-0.3566050859226619,-0.2217298383620641,-0.2911221314485332,0.04479334400480246
-0.11852739970691123,0.20796410739411625,0.3769012470539141,-0.33767536233836903,-0.2557396971382096
0.9255548407733531,-1.909493756440997,-0.2889699155977065,-0.7507070689100248,-0.31606117125396216
1.5723118469444959,1.2563827330254298,0.5885255795082791,0.8940195143490389,1.018271145217694
0.14234424079820712,-0.051875802472409964,0.08043519365050694,-0.47057112403199985,0.19713234081955297
0.498915719659657,0.23806479541547088,0.4053508426355013,0.7122658692954141,-0.08745831309696779
1.3529710000078463,0.3800901199581233,0.2976785798599232,1.103336277655742,0.3803184153452776
-0.35353399687600734,0.24465656335405,-0.47942620282995285,0.234318784775971,0.45061765630093936
0.5153933117977139,0.4094772036615588,-0.3843286791357419,-0.012730137045914863,0.9084358011773263
-0.3578760523261304,1.2965260355725465,1.902972382699312,0.036029420910103804,1.410456076800255
0.02940889947619663,0.2890310385411109,0.059064302085755103,0.28775781028709235,0.19860611931560168
0.8259584024485497,0.13665669361761046,0.5465525006597975,1.134187872386566,0.535116248630606
0.32744893770035965,1.0769108296717984,1.3608406540099638,1.0280055398826595,0.4085633970128342
1.9042215341683264,1.6784346317336876,0.8732504179013482,1.5509059611791922,1.9792261145769612
0.2193913792185371,0.9619294496281824,-0.02728937355219413,0.23053112064534753,0.2528709114292511
0.37056745156423637,-1.4925089537782479,-0.25115423407168697,-1.3244548298461805,0.3900812640811384
-0.6281151554872203,-0.1677285312351267,0.4101162469617188,-0.8464085055558701,-0.9172332173254751
-0.323010441823635,-0.416263355405735,-0.7558589712569103,-0.9652664167337923,-0.7409990890213491
0.8195464331028919,-0.05160037960275668,0.2925508125832948,-0.7883038063787403,-0.7009292748939031
-0.8652954398432822,-0.781433543657579,-0.7331516433561702,-0.6727147241813602,-1.1957131517111366
0.7954713317601871,0.6131740188980226,0.4928931421625998,1.8018853525677663,0.6919422269169642
1.0892789275973955,1.4712408002909352,0.021900314682628288,0.7798405982714464,0.4174906499561278
-0.36781945147182105,-0.5467451906916366,0.5297946354489439,0.19601741352504484,0.1321449744097363
0.5434348441226068,-0.5845832185115398,0.12285333882033973,0.44238750571280194,1.0163288539094866
0.45796579396551657,-0.14871485489307687,-0.00799204688248136,1.2611321586275512,1.1934645488692623
-0.09647866736577301,-0.3850009078279183,0.47349271418153077,0.3300199955044613,0.2472948821214299
0.40699326256756435,-0.32726033876817584,-0.332333347307486,-0.7074217290894239,-0.00736664538735207
0.7156113688269221,0.07948024744054906,0.40886574097388345,-0.31977827676010706,-0.18557644558540098
0.28230265668420607,-0.6617399047954762,0.12167283603712548,0.19512832018715817,0.394306954407412
-0.2998671106669624,0.11448487303347159,-1.1906870090426196,-0.5815918152279224,-0.6670440384126258
1.451742100676374,0.06573040675430339,-0.81691751504651,0.6355477514977591,0.5683955566768469
0.25682880879653985,0.5634651791372746,0.4196737932603863,1.1269119736454796,1.7715051991094088
-0.6963307237705373,-0.5599926444519973,-1.2278125567058025,-0.3985608319561477,-0.9658651886695789
0.6670902640193059,-1.0210891031899534,0.2835139625230422,0.6968590011558734,1.478393843199951
1.3389995613306303,1.7456282793481277,1.0927676653242415,0.16791091655117776,1.6357716810480318
-1.009096742439396,-1.135636870554001,-0.8184172367476364,-0.4925905612867088,-0.8248817298370141
-0.4914003386162842,-1.0359050795594809,-0.4549429902694968,-1.371996930676598,-0.3190686549695598
-1.6859228400077053,0.005197040517607828,-1.3528116077818935,-0.5089305379229948,0.3711672080828586
-0.3879305194423676,-0.5959514936936868,0.45085570272309367,-1.143269049452526,0.2439668364795166
-0.49630241416752885,0.1422283849282497,-0.3298212548514397,-0.8954367663752666,-0.1636700433860736
3.290539712153796,2.322793267620166,2.4024136471381916,2.7680218282581355,2.4741891984203153
-0.3206530453085034,0.30753557845042523,0.43004933776879356,0.2639219328573872,0.8166081782141229
-0.25508513826652773,-0.07068214473429184,0.49307356268278263,-0.43203096244137296,0.19403937573498475
1.403759014644351,1.9816267825620357,1.442830092458653,1.3055872607358043,2.3355671339999584
-0.3903080194905229,0.652889715569415,-0.584125240898609,-0.27145088284691943,0.0864032424890387
-0.8052509284581577,-0.7669290225620138,-0.5164397279615871,-1.1925710719612348,-0.4338808618260441
0.5584789224712945,-0.4281537492527227,-0.18680940049926006,-0.753290882327226,0.28910558097916955
0.46005969873190616,0.011033901280288099,0.47494210352720656,0.20084040804248504,0.18982408906496118
-0.6093291827225014,-0.8625345436087566,-1.6010282206271673,-1.0874201843366451,-1.1870565298071458
-0.9878601983092431,-0.4061169038992647,-1.566530116398099,-0.6031547850589917,-2.1077471551086315
-0.23274740939714142,-0.6611390601311776,-0.8369521536758306,-0.824101506118096,-0.2677901751003344
0.5628989692178359,-0.5177390226993152,-0.6716659874010075,0.2057868591684519,-0.3066833881919558
-0.06318676279423188,0.47364451659394835,-0.29485492126500445,-0.8313454502882541,-0.5533186345167809
0.48314169975721094,0.6299978973339736,0.8218568474220013,0.1975077889791854,0.5032965892660161
-1.4337406227861427,-1.4105779971815169,-1.1660312344601245,-0.7426186440710955,-1.2863656852656007
0.12988839907904265,-0.19695671067903636,0.3477705939836729,-1.4440671008565422,-0.9697325620017647
-0.4405975415968022,-2.117346006561995,-1.4233700600486678,-0.35439251517445136,-2.1270523904383474
0.8260843566581405,1.3425450594990052,1.3214935543659418,-0.29244174049948535,0.17535337089200848
0.7119329154966019,-0.9240218621398899,-0.4037239492710608,-0.8662849764649433,0.14789824577386218
0.311643922444078,0.11054146061718727,0.02558335850356947,-0.006405455319279335,-1.2886128701305954
-0.585921038236226,-1.1899654209197386,-1.3942379492738883,-0.8933828581119876,-1.2144224981554073
-0.06808557336956221,0.6681026109099681,-0.30113361930740346,1.105532029080612,0.7265425104929879
0.5375705194169276,0.1473400272960837,0.39982504898363197,1.019461763541622,0.48715896794322033
-0.45208534308765935,0.3096946666466258,0.1953615587235969,0.42686513348373123,0.2573082176635467
-0.22441531754996363,-0.21130162467546829,0.16481204895284393,0.1290320065990824,-0.5247431585190252
0.960035218223974,1.3677560303854788,1.9263663010538339,1.2297141400367486,1.1614846538633035
-0.7014848576072908,-1.0224370160598002,-1.2493033133900366,-1.2367203783784528,-1.7562493783381339
0.4129065832719601,-0.7049798030407796,0.5780237163884343,1.39941294406515,-0.4832980803480413
-1.4847480954933336,0.06367564664954196,-1.4997156892099137,-0.38420438911915017,-1.5990398162545363
-0.04949544694202463,-0.30253735435711254,-0.1670595185418202,0.4482059229024804,0.36467551408386184
-1.5545691931703849,-1.5648409850754939,-1.0270727614122017,-2.127993881049304,-1.2001941892465533
-0.649266147815156,-1.9620003678041145,-1.3229009055692724,-1.0495975686487742,-1.5217728978884613
0.7696111641131823,1.04401182075348,0.5024763434786359,0.26405198488514003,0.95546283176296
0.6639392735835199,0.4536142116567551,0.9185341416804416,1.12972825733929,1.1298623322519155
-0.6631394575572135,0.8813857739695967,-0.2605289018040393,0.4421470263552839,-0.16588149935623092
1.1579865987575757,0.11115004266645263,1.2399667758513635,0.6978312852676156,1.3146914596987993
-0.16916419507921332,-0.9206046894213885,0.21098806163604067,0.32011364166898915,-0.49633162140302983
0.008463813844746657,0.0989838478662235,-0.2484968067977713,0.8316387412561874,-0.03275651539606451
0.09169223810291766,-1.428344940836958,-0.37640981672012624,-0.2842977504167382,-0.2522865443148812
-1.4023721035678471,-1.858052046445379,-2.6989270733951933,-0.7759431262033175,-1.7156189758730658
-0.2628315925778044,-0.1269221832537275,-0.9991510965138646,0.6475459861627736,-1.0014761108002141
0.5139052294030991,1.1121733563477205,0.4291494455118881,1.6630210751813985,0.07665101733803273
-0.08691053971507275,0.5306467815291345,0.8337691698969323,-0.19346370410502248,0.4120877866550877
-1.8288090450256482,-0.21143887792269672,-0.3521495167906164,-0.4772677333865942,0.4937606465171046
-0.7834981596761637,-1.2008283703937503,-0.5500072043594687,-0.04031034353434594,-0.17749272376788408
-1.473605679332463,-0.23703730107148718,-0.5814263434961979,-0.7445827968127249,0.2840283237862243
-2.112000949935544,-1.3356297461843964,-2.321095206141473,-0.7381176377084221,-2.8505226645657578
1.3231607915872072,1.8193332798770447,0.24147040783607893,1.3553355301115904,1.0328893923865499
0.5309933105750521,1.7483968366373026,1.39002294586515,0.9870188219295162,0.19478338984659546
-2.2692317136691456,-1.969324070712113,-1.4871017001309252,-1.778891275506947,-2.512132834747428
-0.691982749645055,-0.2217479567582682,-0.09260104612338241,0.12205648184403306,-0.0003359600361699559
0.27505359342798724,1.0559081192736186,0.41676324814428045,-0.16228961721162521,0.23232303724611175
1.8651527394425518,1.9586808098191406,1.536738154469955,1.0024986163940959,1.2423050257948591
-0.3360181861304817,-0.4651024826752946,0.1361652286842976,-0.8942847619604487,0.3667791651780353
-1.3040794295144875,-0.3021329884074729,-0.8745275557517442,-1.4142313414502168,-0.3593421108862829
-0.4873538044063617,-0.04597767471900117,-0.24103370432231877,-0.5285203779109293,-0.37827978293600045
-0.8005149688745737,-0.0958896904857608,-0.38389756743996667,0.5944705203299454,-0.014478186104787839
-1.9587924662102956,-0.9481095676349679,-1.2159125639171369,-1.7026588605501136,-1.6200579499111145
-0.6180978268027807,0.3736282606976584,-0.9816954913851461,-1.200976298245875,-0.5377321818864644
-1.012568696600236,-0.11220458874704045,-0.09134794679943212,0.6382800946696496,0.3805438636590295
-1.9451407358118844,-1.2849791286653423,-1.3699649158213332,-0.3784921593206947,0.6761473706814087
-1.274211820814273,-1.9610587662831969,-1.089960357950846,-1.5203830023424125,-1.9095964346373926
-0.11007861059317871,-0.4199290023154572,0.17060550964927187,-0.6539875982762812,0.4860776134809357
-0.3253856816979177,-1.091503106202909,-0.06987082547987905,-0.903570871633175,-0.7531324641503665
1.3722766402183766,1.3880583291597575,1.6064522943974187,1.294515985336432,1.0154023445299236
0.7409902607681017,0.1756342161587943,0.7723690680032642,1.1255601115215421,0.9912662018229897
-0.7320076687921317,-0.6671001109961943,0.038862439401197504,-1.1884723135387305,-1.4870585752914665
-0.9860183596117541,-0.8024547841323836,-0.031685720934304745,-0.4212202068787733,0.5964438676527254
-1.5263035465723065,-0.8523885688612443,-1.2016591297196446,-0.844455362337417,-1.733335583473805
2.1243802651828396,0.8237289150610585,1.696327040449151,1.7238613628299224,1.5766373385162713
0.48866992111421437,0.2851824119076388,0.25783973617704975,-0.07984965440251209,1.3229269701249278
0.9084736496516665,-0.2056449427637804,0.3445479057828479,0.4936849359962473,1.2264958646666264
0.9113218763748676,0.03314600148643434,0.5402278277780465,-0.23516258492088443,0.6370302899807702
-0.9235160476927821,0.04150046332248405,-1.195099387061945,-0.921132999142382,-0.06886394548909124
-0.9292815041549652,-0.5220913952399681,-1.340812047654192,-0.49038235969431865,-0.7669584114383767
-0.7389729031043112,-0.30426581474859504,0.22347606594050357,-0.6806718245401223,-0.9860006114403963
-2.178705354486178,-1.1529331810294734,-1.881074663613312,-1.4843162388487068,-1.0805562531987656
-0.6503052128830185,-0.6688838575430489,-0.24839502069667593,-0.27124768170046987,-0.14826625702006874
-0.9391122412230675,-0.28043461717596646,-0.6641265876798114,-0.7096285947965194,-1.1120995126625541
-3.128422047926095,-0.9074764871274591,-1.1357321104225127,-1.1102235304216301,-1.5603498766018387
-0.03248361110874678,0.47414918275472945,1.3444678662576688,0.6392817271726866,0.893794255698991
-0.9321318231095,-0.4708256826376069,-1.0841100833034982,-1.0012466340163169,-0.3141130849952462
0.1823026357590537,1.1235319992463833,-0.7728968292606171,0.4129786327155883,0.6891812479708426
0.7097753459584117,1.3401771823421016,0.8932800461837103,0.6589107372393314,0.5793504404285601
-0.2632414906951967,0.32530778181415493,-0.7316584989555033,-0.45038352175871316,-1.0555294706638993
-1.0693487392191614,-0.3221228395914109,-0.5419708879975477,-1.249918531911507,-1.1863032426178952
0.4086888847058312,0.6291043264554289,1.6671240515833965,1.584674653658327,0.5486905316995068
-0.477278920976137,-1.7043242030052552,-0.7137650223480985,-0.9818923226779026,-0.930188812248228
-0.16709799131616568,-0.45370292508237126,-0.5181630773754886,0.39411173786149073,0.6775047670345897
-0.29158824667229594,0.42859526836314793,0.24108545588329963,0.4290613334412671,-0.5880015571851083
1.5342834758418442,1.108888261563242,1.0016941285983656,1.0000076370431452,0.47923475918045133
0.5129591579977438,-0.4591941726405493,0.5499225108850899,-0.2468759948763276,0.10573545263375249
-0.9308739115740354,-0.5575014580524287,0.9187181183156096,0.2719736007483792,-0.28184540420785853
1.0123167395289978,-0.24967131823150912,0.411018850955881,0.8580692981612071,1.0030952859580116
0.40921843702587285,-0.9897514808007501,0.2637903302352914,0.6427998194287788,1.2259558844857663
-0.2640147530480632,-0.353944882944692,-1.354515932827362,-1.5516930139040013,-1.838459593896631
-0.2595811114884952,0.4186924324001757,-0.2735501352154293,0.21427568098188735,0.968339572647203
-0.3124425084036702,0.8181915584132754,0.27014527598820787,0.4523751150208484,0.7802115377664061
-1.8452750929455297,-2.6577224051804493,-2.3784492214648605,-1.766882144383835,-2.490383752490431
0.37198601526652036,-0.5385044654739395,-0.8676662653486373,-1.2368974357470623,0.19342174268751325
-2.2005379681776427,-0.9106988468778295,-1.5299286812517052,-0.8879278121541826,-1.0599022518004566
1.497577029745661,0.9197905812098551,1.022141209621123,1.5753539739393938,1.1622368490110673
-0.6028773484291585,-1.8242807238738854,-0.3802679177465492,-1.313044963106578,-1.3319753513522261
-1.369043163940901,-0.1101070769886884,-2.391357674831239,-1.5222341748987471,-1.9116372176518888
0.17914187742330068,-0.09677578478220485,-0.1645179435405495,-0.5608363004450453,-1.1105820113796911
-1.743321381069933,-1.0956882496933253,-0.874967216880643,-2.000687438525922,-0.9451141925411355
1.079123821909866,-0.14962869178549307,0.3558460758366664,0.39016958987020767,-0.18703222341506837
-1.0494901607127876,-1.1491314045581973,-0.3978466930301557,-1.6641282860783446,-1.0414739190677726
1.2043726002502513,1.3820776372619263,1.57806192191907,1.2462374413610648,1.8404661050479243
0.20633643522213516,0.9664256350612305,0.6459237083230003,1.0911051203109268,0.7996246041072262
0.7142527557106167,-0.7378742531506872,-0.16404224202465634,-0.6763696436044706,-0.3525684666554802
0.7886558168090827,0.3247019527065946,1.0425642103704018,0.5798590336369389,-0.0701055323816702
-0.1294665898888926,-0.4502073887082961,0.014806554982004935,-0.717671617909866,0.9440743474973138
-1.2641505430331812,-1.4767965407024781,-1.4633813308512928,-0.314903464456245,-0.5492133351283872
-0.3037082740971768,-1.3587495954199558,-1.4445728554809603,-0.9878551484185814,-0.34142285606289086
0.15980475344979875,-0.11627582309332432,1.4416673785589125,0.448095840072279,-0.009474599627860411
-0.20069428429172823,-0.8291220775019907,0.005193359383267707,-0.20919969493716478,-0.24971068236900623
-0.18925724331230143,0.6845833087904878,-0.12725205201376086,-0.7322663903594784,0.35163341265894865
-0.7772873288012655,0.1070752288878132,1.1971219345801478,-0.5005288875482833,0.3078616731258903
-0.10761757102933253,-0.7012628671735818,-0.1595217526367185,-0.5847437790309064,-1.2142932980857657
0.035984574685374714,0.22543313034669218,0.2614512479941473,0.5523466712427281,0.5710383856070163
1.318306370909191,2.2395259540858596,0.9108439197383219,1.5718488840994997,1.7142391580018639
-0.7482554794784638,-0.08777916621245693,-0.1410254435881789,0.2523288247622882,0.5995505646005741
2.1148195364421882,2.2910589764096168,2.0997726053513026,1.5552712720153627,0.7905742748989164
-0.8003833226950521,-0.7996400187700068,0.00010934094570932512,-0.08182721280233116,-0.48082507640818356
-0.44034577961691623,-1.1216547269188168,-0.41703098739328676,-0.43313986520572606,-0.18308272485932028
1.1633575632604636,1.021259151558139,0.14433633474905944,-0.26588158569123904,0.2538704654806897
-0.024686102559948905,1.261950666984947,-0.08461998908462677,0.871869565779226,1.0532734606517395
-1.3988415292485539,-0.34486208838091476,0.05538553581856167,0.11842714529453666,0.6054831743641027
-0.16528458077722255,-0.28661414542453645,-1.0354876290944466,-0.019149699517925913,-0.3743335388825724
1.148313517756163,0.8033893523994113,0.9668355966851944,-0.5233985298519687,1.0452834395597612
0.31947725081300954,1.054218238261824,-0.16525482564876398,0.2881246376167637,0.6248148197127811
0.21341493982073825,0.3436285522666497,0.45790099620988134,0.826577669981378,0.5119913363386411
1.2865998052540972,1.5892286706328926,0.9616005255404148,0.6264547271009812,1.7346222200841503
-1.8789820574381668,-1.320131219527588,-0.33159758587733756,-0.4639891459515956,-2.2723388649919856
-2.061254363758843,-1.067295687629489,-1.8875367260826679,-0.5575714297051529,-0.1848115084175861
1.18409116318773,1.475125415406454,0.6454471105892496,0.5153280628484397,0.678227152478384
0.48512638410732495,0.6616533881155368,-0.033597203964401905,0.6738422028727271,1.6593628130230136
1.5176942058530063,0.31360659623241194,0.7454147683962273,0.2366571725841791,1.7950123282927184
0.3033870243311871,0.6431656545001582,0.11095301336713066,0.6140644153062084,0.5694259754273792
-0.12848860627005665,0.23331481112426752,0.5757333453316369,-0.14253704789623292,-0.34634923572594917
-2.442865486658731,-1.7844576400652512,-1.479825065181509,-1.7427995041830173,-1.5411621966469724
-1.508413786392081,-0.5554089798476954,0.15744146783296945,-0.4134274532912831,0.19973048832636103
0.7965332151340508,1.4325197174842912,-0.09228669829541403,-1.1319550288522275,0.6871478652363177
-0.7424243840368667,-1.624686302829442,-1.2181362209397388,-0.29067829802651457,-0.7047272622361129
-0.7808537709753938,-0.8851588895532898,0.21125174250565384,-0.3814569067092523,-0.6483944970728207
-0.5970447407027359,-0.5800206141173646,-0.8330407160199194,-1.2775069055841908,-1.3178994833441435
0.24195273348461876,0.332957219784531,-0.06033147347774648,0.06384762519480335,-0.11853249058827815
-0.3035957390249964,-0.7289160309166594,-1.6203917163504467,-0.44510362073399,-0.8658078911356797
-0.9855106059275448,-1.3434202356876908,0.18252694670897834,0.9691768775283677,-0.04111452317781115
0.2546488667706739,-0.564324682050085,-0.8529414573379526,-0.6310375874193752,0.2887010851552805
-1.7776523681206415,-1.7607249181196039,-1.984224451125465,-0.7523506143868968,-1.9958123989841956
-0.7657551028569067,0.11820072140629916,-0.8219591234180453,-0.4939485248261617,-1.223549482056547
0.4832703758687652,0.5915109523402639,-0.16591329346675976,-1.0379785116304685,0.8524937642998258
-1.1124666912347556,-1.2167463084401064,-0.673125300829525,-0.8968882302611653,-0.13309345820675753
0.7142599879998132,-0.46322729184240463,0.09156631254750597,-0.7156147789337466,-0.17291561096049476
-1.183045313586159,-1.385306217873664,-0.33839259651109604,-1.7367275491102678,0.2626586744033379
1.1117597526501486,1.4035247630276237,1.4275685493678145,-0.38792181645820606,0.727911572126211
-0.29805005074886676,0.9608798505118468,0.27162786964687374,0.7011046647487444,0.005256063428712701
0.20437199381087992,-0.016028673022583335,0.8730945604980508,0.8299586986120524,0.6521671921287155
-0.529094372787536,0.3312288542117504,-1.1581193863570913,0.1251972929142573,-0.44380366364191876
-0.16631148596970693,0.7012160090203351,0.031001526206760905,0.7574243324354086,-0.818470809564801
-1.657192421643615,-0.10294348897802523,-1.9686499983591583,-1.846915215911779,-1.9006024101510814
0.0691752436555556,0.46506552523744793,0.44022086104730096,-0.3964453840295448,-0.27263965735539164
0.6489311562860713,0.18026230181037656,-0.8663944018938463,0.42324116991183763,0.9797957368838758
0.3458681201164553,1.1628183581897569,1.0396653498728055,0.44574267459657024,0.39495419575461743
-0.06882851532976914,0.30766766960479863,0.6393022021732143,0.7303284643804413,0.47932961888904685
0.4645743094692234,0.40928714597918786,-0.06212306297722106,0.01533731630332767,0.6588955124878058
0.4948872502939545,0.9759787533853356,0.6308851909627756,0.3617327173356074,0.824853866362616
-0.7873181624776561,-1.1943815321142042,-0.8744582014675156,0.45187926631874575,-0.553873716177433
0.4047400849765926,-0.8445485912227485,0.36026874429502864,-0.024759906704399443,-0.021961964530740608
-1.4028853549942562,-1.148833635408367,-0.9480775980719629,-0.8353461359045024,-0.5334585325305933
1.9990088358198173,2.699219164293453,2.636037960892224,1.708844683591421,1.1307679199206682
-0.535267780261249,0.9096259242108081,-0.2984611724134742,-0.07783382440705759,0.41005037292702834
-2.7875306321914954,-1.277312807027245,-1.6384555340035696,-1.0265734500006036,-1.7083001950552117
0.34159295885019453,0.07104666056519697,1.7071262800299214,0.013861676803737176,0.0907551039544815
-0.9388718841679307,-1.1954368870039815,-0.5499973467100376,-0.294029373842118,-1.376529560744392
-0.4408747533350428,0.2870138766823978,0.7214490584605351,1.1150054898698587,0.07337609669517497
-0.6948680363451695,-0.3555600755095691,-0.2435749439008834,0.7995643507195874,1.1134575172982535
-1.833258002518345,-1.4963089429098646,-0.13903590854463005,-1.2631429005374988,-0.9935310666528461
-1.3972918381453534,-1.3308412487476227,-0.7617141363274686,-1.432726066610156,-2.2800894543217227
-0.44571827912255324,0.498409523705831,-0.6965435389663398,-1.0169298551637698,0.4251516729446423
0.6931320010604778,0.2827029593964817,-0.23277379017556005,-0.610266831073198,1.3777588658967266
0.20180242189318195,-0.39406071944190885,-0.5757185715547662,-1.014762316109687,-2.0362304393230284
1.0164463028986115,0.10228781962674455,-0.7233492314563381,-0.2209012962381543,-0.09599532977552022
-1.289412004766467,-0.340230748285242,-1.1107140135820057,-1.3397278479882986,-0.6523463338827011
-0.40318763606817604,-0.0580642982982202,0.7691973014850635,-0.24064431516458745,0.373297974761042
-0.7959926551998144,-1.4891879671733685,-1.1566185997833014,-2.291218849159712,-1.9777489155375665
0.8052187969625346,0.11347736707602,-0.3581983706334985,0.6611553347593688,-0.9209009762484611
-0.2092344738169637,-0.14801783978807337,-0.5922001013679236,-0.8055369252812831,-0.727945610866816
0.36945208537416324,-0.3447551614047177,-0.35428206084576386,-0.6002692359794004,1.0403949637776506
-0.6733032736349721,-1.293508712611408,-0.7679119314385848,-0.38366525435430565,0.3500748165934124
-0.20608676895764716,-0.9758739308431562,-0.728117506396893,-1.4815150750673045,-1.005843534727583
-0.5187752892318143,-0.019835066762692255,0.050893320963186404,-0.11157905601883404,-1.1175435791425297
-0.9725536053813824,-1.0450962414533376,-0.7499184103494512,0.16143051183914528,0.46126414599389776
-0.7529299437379107,-0.26561024044774073,0.22761515663830473,0.14543159483703708,-0.29318067724917785
-1.8834203971282488,-1.379286201133189,-2.877768764623187,-0.8667429466359037,-1.1505292339468767
0.009722354328010335,-0.4884158092115525,0.116610463030359,-1.4842235848909615,-0.03685514047421953
1.1241754037685856,1.755106432869786,2.3299640724802653,1.248294106340663,1.1762373733589078
-0.5631355144206353,-1.0724670843939383,-0.5540173497742944,-0.7775261252708082,-1.032691557313602
-1.6943878744573275,-1.5964936283762454,-1.9466738893146163,-1.2484048857551175,-1.3899780201438694
0.18316374648077227,-0.0031421888053309575,-0.8555412084772912,-0.8041365014588993,-0.43823887913559856
-0.2724490828058914,-0.06755621381541378,0.08792728141620391,-0.27345251548887245,-0.15659359621610414
0.09345040668472464,0.45985748204508997,1.040033650589958,-0.06041447979959339,0.8733152669154784
0.016010193862363666,-1.586141786321957,-1.2247202579911756,-1.6061328579161658,-1.316797674999683
-1.5453159282459246,-0.2925565531389695,0.22972222134323816,-1.0621547630911867,-0.4511613330838046
-0.2217883991353475,-0.02442837055115567,0.47109133831035005,0.8388901023188162,0.21908565873275063
1.6036420159385254,0.660810668298274,0.9583861253208347,1.3573121452692123,0.8360522678598048
-1.0603334393069654,-1.6766727647078736,-1.4439767685401879,-1.5359078959356207,-0.664515496454021
-0.609311320776186,0.4012966884782025,-0.9236378965822974,-0.5760774746602226,0.8295647941661196
0.40772492801891813,-0.8191392144184901,-0.5428563386099328,-0.8521998989640395,-1.2788884617539624
-0.8075796945941202,-0.8841332412535745,-0.6603063292615898,-1.0086473906061206,-0.6386948036744046
1.3131086802213991,0.9356230163847741,0.4829795965734764,0.7429531186849732,0.855866945719745
0.2962623984179509,0.4043021140508195,0.11450723182014665,-0.42817530140589005,0.7900228926403504
1.6881508895237192,0.9652025953237332,1.0513400876190746,2.3475030035397593,0.9749946475037613
-0.26639223789871536,0.9096399354233011,-1.1158191520443854,-1.5008978062849576,0.6467401190504252
0.8379489188305971,-0.2640147594283593,0.5951974526027197,1.1638164355790208,0.9330711266673205
-0.7390827816431446,-0.0018832784034064733,-0.9771506513779469,-0.3940450178076731,-0.06754953778336978
0.2362068838215737,-0.2769128984521681,1.023024013001628,-0.6576754623270579,-0.5873811396853084
-0.35220976169212265,0.2806694419389095,-0.7416981063899005,-0.5455534330240118,0.8831666178384986
-0.6858762251511836,-0.5612531354213496,-0.7512549568070928,-0.9907438307070886,-1.2278738715397233
-0.9514814584532582,-0.013713133475755772,-0.7107738591520595,0.3799460907422591,-1.1190152431981175
-2.045530074424003,-0.9220349529936819,-0.13914877470874604,-0.30228469506951816,-1.0806009139893842
1.7469541131464628,0.7289316031958453,0.47569617417946625,1.7015393387383293,1.607510072744017
0.3762331936654788,0.8611354433586614,-0.0373761902077466,0.7301860561252134,0.6131391820977927
0.8437904588058881,1.4120003703240236,0.4319624773374716,0.3781574064818259,-0.320866986410265
0.0384284416857693,0.07666123042281386,-0.1479626114208957,-1.0792016455682119,-0.8175647056426674
1.0216883035431799,1.0574047079238589,1.2146607295548804,1.7922419226339186,0.710904104029978
-0.42917008415112123,-1.3294509277688646,-1.255103718261535,-0.3811915891603236,-0.9355922929246859
-1.6989183526490785,-1.5207379771799383,-2.2608049261298246,-1.2703825180809256,-1.8029100439736852
-1.4024124506330833,-1.190242236402029,-2.516495210355608,-0.4127965309558882,-1.4941836655004852
-0.6311042573216917,-1.7738949018450405,0.056544673448247984,-0.5745451368712021,-0.34294753816470613
0.3864423654593558,0.6776259134779489,0.35569344010187465,0.9373982750183029,0.7731718660295167
-0.2874348452119332,0.4408544488858118,-0.16816772257852983,0.7555074916991512,-1.4660483268561546
-0.9213162503746885,1.2375355353171387,0.49589174749149395,0.06930021296312695,-0.12551890626052092
1.0986380406640406,0.7028267747758965,1.3473653212688714,0.3936901547796865,1.189093228071663
-0.752097589612657,-1.2573307988948221,-1.6902298455413307,-0.9238914952367838,-0.5378511757812383
-0.905844955241426,-1.35178581862547,-0.7579775658026143,0.15496919953768487,-1.2045866578969238
0.37348041292700523,1.0558914212657786,0.5617963659509362,0.6887975789242875,-0.560844505445955
1.4903299265772583,2.1582032721670257,2.114011125158198,2.349157878130074,2.6871775149684303
-0.5001117183059722,0.21940395269342422,0.5783655290452109,1.2791189285407276,1.2837748135716094
-0.4087884066080437,-1.301498100613989,-0.5769021497783606,-1.1265334056228549,-0.5266805256231527
-1.4520759145618516,-0.8672865259939477,-0.8820273669870449,-1.1874989362263617,-1.9750240735637623
-1.1789117502875726,-1.2720297682335509,-1.0863961074620392,-1.1232582955292916,-2.215801342191399
2.2992165555778317,1.664333301592671,1.847950394854634,1.8309789925417075,2.7779440715400736
0.9543476752889136,0.2781799389315984,0.6846840218434553,0.8525420379227109,0.8382498729697179
0.5209660419768318,-0.4393259856035693,0.7207570263775285,0.19662911808213354,-0.4631661265184314
-1.3179405654576655,-1.5121104650044963,-0.7765370729950444,-0.6194488750821661,-0.4821884609803224
-0.4727676846806182,-0.2697663484801227,-0.898795597115212,0.13975200715065775,0.39910393226136615
-1.0748154823146532,-0.18308759446199352,-0.9122211362273119,-0.42684417013913467,0.10476732785587996
-0.901825646265106,-1.4053226813793247,-1.3791942781709141,-1.6350521893175158,-0.3446028607589673
0.11961297978137737,0.14345639973144186,0.1778482543211959,0.22183688231026943,-0.47966420653003644
0.5609433325606368,0.00595196006331228,0.3386141265132924,1.4177162404543735,0.9853542554504352
-1.767698769038005,-1.7176398631609346,-1.698239077717497,-1.4204727369409536,-1.562420458527184
0.9606685588264773,0.10490771878761859,-0.6297220577611611,-0.39256150803937034,-0.6268640647870586
-0.5695122945847754,-0.7501494161431718,-0.8459657365077743,0.5078326423141185,-1.1766080834027353
-0.2517813071099714,-0.10457022911923304,-0.2682210846728165,-0.3695726545072638,-0.5374651112949678
1.899769946158075,2.529279177229239,2.7364208911158787,2.3163087024516114,1.857060574018626
0.861186743099468,0.8225967951276955,1.1055256463514311,0.6603798343349077,0.6449929970754273
-0.1710063532471196,-0.3995711930955199,0.4003662369207042,0.06636580750885303,-0.21281572287916178
0.5098855436031744,0.6089178217773493,0.05943534168481241,0.16310199316867535,0.3647190777757197
-1.5707928523622328,-1.6077706777541378,-0.6913712834005201,-1.1449518190134997,-1.9582173544852812
2.6207811353310015,1.8503757635049276,2.3327721231228846,1.4220352360411384,1.7057719773609916
-0.04955082876505065,-0.6930766143158832,1.1130454211416372,-0.5335256077561014,0.3002987552325579
-0.1819884610419015,0.35528953338708585,0.18074221636201318,1.215689486259889,1.1195821292276942
0.620850497067603,0.5022868100253702,0.6712308314722869,1.2291178268609286,0.9714553045685274
-0.7481728912872221,0.18366795312369988,0.05941385248153941,-0.1403636774411856,-0.9025233314414445
0.8295112814081425,-0.022918540762772274,-0.5406906718929698,-0.19029945627015984,-0.5448897853033716
-1.7288216064492903,-1.3726432816819476,-1.4368202020682095,-1.454470808270198,-2.0593362320360975
0.3813018144446698,0.9503982010681162,1.1330782729802056,0.3046610265327487,0.6264367760665877
0.5089275064464575,0.9411876484191062,0.31256521413956245,0.7675421609957392,0.6144447385995523
-1.3427179397226452,-2.2201540507360535,-1.586721532830528,-0.957239805895697,-1.0783611009384082
1.6161111976332734,1.0239830736273692,1.9025510410546642,0.9800699052052072,0.7244317554146138
-0.8464119201173638,0.8856109597740348,-0.4099505026540085,0.4721254872533614,-0.2964202029903324
-2.394863924301879,-2.3695334220091273,-3.056383739079182,-1.9923180486599215,-1.6759712111298317
1.2075062920713324,1.9082320291057684,0.4849953642715717,0.48784632924659294,2.436022672622541
-0.8423231199747425,-0.7551607450017312,-0.501905783478162,-0.7236959286363083,-1.583529433547741
-0.34245416861593214,0.06924856559799787,0.22770159806044632,0.6636687996354304,-0.4331824555600071
-1.0008583726260916,-0.21479620119660578,-1.8220710284288706,-0.7337955992799307,-0.6704828974890295
0.36323402344341255,0.4021625840833588,-0.4475934533717443,0.7879473823547835,-0.045210150769557304
2.1418385793862798,2.1892732814147977,2.37370895131038,-0.3420911140718388,1.7143516792519613
-1.1646483125727052,-0.2002296099295274,-0.9841855065822676,-1.159793285280888,-1.4200519470260922
-0.056055123364816904,0.049220246126363366,-0.7420033482803859,-0.4168594384814076,-1.2231647050924481
-1.234376253059494,-1.2954760003640524,0.00033994708638113277,-1.6652118654470642,-0.6559519080970855
-0.07827200897155302,0.7693269744377921,0.08666580338980016,-1.2850327905924779,-0.034589785276683285
-0.6279246527859716,-0.8180424019881206,0.1229560440342241,-1.5657859400399736,-1.1376012550831174
0.6381179936145385,-0.1118065102971196,0.5117322121860772,-0.2186009747773025,0.04696262533691961
2.6207385887328916,1.410046553977526,1.6338707911291763,0.48129436966915234,1.2546276773032523
0.786977882712718,0.5039800394667764,-0.5643683794845323,0.35936663922996986,0.40801434569885986
-0.3123755494836895,-0.10545764521976245,0.6490896432034303,-0.8703933177290494,0.6361177254265509
0.6834119162829809,0.6499010972870533,-0.5812604233664879,-0.4862205650897031,-0.7007053462467513
-1.1002634188271563,-1.370208827822867,-0.813240756266165,-0.936840737211292,-1.7538781457839585
0.1486654142211229,-0.8016965197770212,-1.0194759466847647,-0.051755915911154,0.274270634541832
-0.03965289714163049,-0.8214851859839444,-1.2033792354657207,-0.02533043858382524,-0.35356524940939127
-0.5154238454422669,-0.03430870999248122,-0.9545985256382652,-0.535161460972939,-0.8419834465951183
-0.5808973152875497,0.5127028026125513,0.5401415673864997,0.35037303315008644,-1.401592252427153
-0.5261798646173962,-1.4860973800349468,-1.2244329929069726,-0.2607256153435772,0.143460313962697
1.6852710011282663,0.33494336779667,1.5374493849108575,0.6117479649292273,0.7427356935359909
-0.1889438325303095,-0.0853902921606738,-0.5679870315300218,-0.6982396931797831,-0.7742854525483228
0.7999136299969362,0.007992921759659618,-0.23881968060505984,0.053983951291305975,0.11688827879730863
-1.1539377853580568,-0.49961774577179124,-1.4649084705150477,-1.3576365405042297,-1.3091963953927506
-0.32726304841450427,0.7187114422215206,0.250898500349026,-0.0826597170604025,-0.49881141555826913
0.8098444651010154,0.14937146133224388,1.119862624868434,0.6077244104167969,0.8953992990553699
-0.14657766368992628,-0.5984806739767156,0.10549907196160666,0.46037548444313375,-0.14582036658581657
1.401508068584029,0.5846302273917223,1.078724387233051,0.5228292485821713,-0.3057680963366172
-0.023230659379318456,-0.5940712877490836,0.6605402231700972,1.0781437126253701,-0.4540313498709939
-0.8053113019828732,0.8697811533780685,0.8040201071158317,0.5125407931819916,-0.1590392438742284
-0.04756859382355375,-0.3021092415821054,-0.468040487382325,-0.5127595076230536,0.6802107053987047
-0.643773709819122,-0.9567744896770077,-0.2645604067923658,0.4307721833783666,-0.9734070659868244
-0.7537969024769886,0.345560690577908,0.23726712647304274,0.2013950565065052,0.23788604065697458
-0.3550242101110935,1.2934101343164845,0.8468420605721954,-0.398948072100465,1.4979465280410773
0.5972272130447281,-0.21596022497878772,-0.43639716312623134,0.4490519264155187,-1.1962844589356638
0.17306427982868974,-0.6935869671155118,0.6713284934207664,-0.20045715081330442,0.6496319577908524
0.24393677376200884,0.8584713228195562,0.5799299352931601,0.16232665511262723,-0.34154393975759245
-0.8634616640245687,0.9085960706575349,0.45917851743558036,1.206554649455312,-0.5274744876344964
-0.20151384288451893,-0.4402813534070432,0.7634707767039438,-0.06305481063298124,1.4852860515423145
0.95665862030959,1.0507237996696812,-0.20126676390822318,0.4524753627041744,-0.6493233433746828
-1.165808462878248,-1.5644215494957245,-0.4816336461072419,-0.7407356067354094,-1.4040571520686402
-0.3226126925750232,1.3945161076364274,-0.6658129753697183,0.556822709680036,0.9479385820651065
-0.482317205090449,-1.7677247590669076,-0.5047610771297405,-0.2926813395117494,-0.5319445215856959
-0.5756381853745958,-0.6798468212705947,0.22424119745134455,0.22339890151865535,-0.7580521372893141
0.7624880111481254,0.10258262075076109,0.23344851987762094,-0.2769226509106949,0.24140711932511183
-0.5344736202385106,-1.9065017592870999,-1.1412960304835469,-1.0989623599601417,-1.1280113591566836
-0.11556910962257783,0.33002030243254404,0.9190020922237305,0.26505276178572584,0.7238346746676259
0.61422353670542,1.8074502695755095,0.36991484379455325,0.022858828411964294,1.2067281578821867
-1.6212194053946658,-1.5092107942916348,-1.2869991293524308,-0.4847638238856217,-0.7958892849622239
-0.15353466725074885,-0.9225995285520793,0.2094127952069161,-0.9009085688143417,-0.4880276268162657
-1.0656245655892391,-1.8624030797501863,-0.45500645303638365,-0.8897492618905266,-1.8461298737561762
0.898449449600249,0.8272580302456649,0.24713636974377168,0.7170684279299755,0.945196461245712
-2.481087596607944,-1.184197774208697,-0.9969114337227944,-1.0762679825123644,-1.0169931011716695
0.01130317301361212,-0.01687887831306527,0.2508944268303114,-0.9674225441453783,0.23007746630897788
-1.6460429293701127,-1.3636318496165407,-2.2767438993699614,-1.1420726271714345,-1.7295251006574595
-0.3807676732228152,0.45755943939561644,0.4419482512450166,0.3099098406543487,-0.0010736781323295072
-1.2465219160724081,-1.493086641543949,-0.8689502102088469,-0.988958059243633,-0.7134346557285369
0.004798545951408044,0.538224117320584,0.5344705793432893,-0.6785050106221474,-0.36007931803768317
1.1706094235676245,0.29399695344836424,-0.54914851446532,0.5394051560717009,-0.8567742755452318
-0.8250973630725751,-0.4019488926748306,0.10485011670507062,0.3646096330441498,-0.7698057975851182
2.159334058418777,1.421548503929873,0.4174476245616797,1.6848036039030077,1.4394861161846384
-1.315958500913575,-0.9580267396475112,-0.15716304025401337,-0.4936998429445051,-0.19261307178971057
-1.3959404554688064,-0.501506376032148,-1.3425955847602151,-1.5834819837580925,-1.464907656560406
1.2976058060380697,1.5541115699451238,1.124968824570818,0.3997276493362566,1.161033210528743
1.5792703764446396,1.374338797852235,1.6293177143094506,1.4941022576182132,1.8953799790508028
0.38781609229203634,1.1944255183250774,0.7291191839166212,1.2562829595099778,0.9877551224942234
-0.8592010159726731,0.09547550877604216,-0.41779318424644235,-0.09687745867639598,0.002792454773511298
-1.753231804911277,-0.38157161473629836,0.6877147308418846,0.5464897596486372,-0.37739641907161775
0.2929431996204472,0.11959065163152316,-0.23499283553224917,0.6568085247844238,-0.6039789831487818
-0.328951646159578,0.053091317955656255,-0.7444115315994059,0.2974627523307542,-0.43298544094946595
1.724214165772548,1.1006745634115145,2.5485793263080714,1.6986575690584136,1.1815872187125538
-0.13956850226716333,-1.3945915436159286,-0.872870803742033,-0.842639929830373,-1.0196044970801195
1.4980380792405075,0.9748779430813966,1.36932967545723,0.8077915953435194,0.5793929825857022
1.5317464321488443,0.4426516645625713,0.9680622568521544,0.5096249310827736,1.4901056402734059
-1.1047374232596259,-0.2765917154495442,-1.0380671573796498,-0.6089483603520934,-1.474693572839766
-0.12520467268929916,-0.3428641514982835,0.2312706156233274,0.0913118396673307,0.09719386176832508
1.056844045379408,0.5574828319162107,0.7331358616978524,-0.1694441219054729,0.8106153071751079
-1.1661828034929262,-0.7149401796940782,-1.1274559715200547,-0.4788087156927232,-0.5092963885194477
-1.110921164718245,-0.23484584355804053,-0.259050982749351,-0.043543809244994416,0.4980499368006066
-0.5573765766985788,0.5352781881518295,-1.5444292379216245,-0.06380439003426426,-0.820078227984323
-0.38364400518780484,0.011774737463867865,-1.1773537154259606,-1.6718041801968035,-0.9271892693563003
0.23685668835995255,1.4694743275340436,1.1520264220026213,1.8609572418950082,0.29491717162728104
-0.008623436685895035,1.397498039626332,0.16195270794760572,1.3092965288938248,1.9652816166801848
0.41492201639960646,-1.1747316088149582,0.017593422489383795,-0.41480455283377843,-0.6569623439543942
-0.20493280149361895,-0.28293926631578453,-0.3391578809288026,-0.5145034866725581,0.045307225345019034
1.570575400565207,1.4919882093170034,1.14975224897721,1.5040092363964719,1.2451031228982294
0.16900138308729173,-0.22161930800080856,0.02383427700540071,-0.5031011008730966,0.01149618669527791
1.0775925481519186,1.291052270117438,0.3277513686728932,1.1927399476626173,0.5022900732455361
0.08590896809817086,-0.16663153677792483,0.12544194702246117,-0.21847427190339722,-1.0300055306070957
0.3839340997205169,0.17456651454132918,1.1592335746200397,0.5162566299236069,0.10867490489949014
-0.11814269654375915,0.06999221452473949,0.2458353713095814,0.1633945357156845,-0.736472933180317
-0.949478424969325,-0.16938990428179307,1.0957707592401906,-1.6878978013769719,-0.4520069282203178
0.5360335515017265,0.81796819773218,1.5233239772762064,1.030092318059993,-0.005373996625864953
-0.24118209178516564,1.3517021524171715,-0.10173286601112017,0.41224494473759465,0.3739966252385324
-0.23045436023794397,-1.3088069550664125,0.14194383248057055,-0.8144019221934118,-1.1106080195144559
-1.1537167717117698,-1.4501933082705325,-1.5112565220432572,-0.5716382052789284,-0.635033725008409
0.6248919071925989,0.7501507457959142,0.7152791158947782,0.7153007090570312,0.188742215875017
0.6918534284240581,0.32152314373251495,0.4715434195078112,-0.19648592626797878,1.1792743862784159
-0.5992857813762311,0.47386055046547637,-0.8717456427066393,-0.37516537761858487,-1.0854283805634628
1.043908541522332,0.7451919735251337,1.8127792448210256,1.3501468316704017,0.5868935398719938
0.2464306000703867,-0.2308956194287174,0.3666172118144837,0.25153360130552216,0.4618493436980355
0.11767855633479316,0.42568159234777353,1.239436724673451,0.8822439619645547,0.8520149895731776
-1.3723912281561346,-0.4845166804205327,-0.3269419625986368,-0.03118289901906979,-0.22169204684480404
0.2966840885650262,1.3510275158454363,0.14174811012203978,0.6712468023012208,0.07305454795708831
-0.774703604294006,-0.7793090018511075,0.2733540752696617,-0.5002117453696323,-1.0688521960246113
-1.9655333933617547,-1.8471231917615019,-0.809450739057202,-0.6407493200931627,-1.6361249822995816
2.3807044081170887,2.885501413849914,0.4623100312552606,1.6621848451436845,2.462712679586648
0.26532550090648244,0.898898708397881,0.3228645055974595,0.9345635743872771,-0.48661431350127426
0.8823780303430189,0.445403067584081,0.540898424430377,0.09480818273550587,0.6743891917610256
-0.4234260539892645,-0.37070728414101795,-0.6388018316577609,-0.7001624758045624,-0.19024053378481742
1.9374687148737124,2.2400313395189486,2.0135763873080372,1.4546719017228986,0.5198642567682314
-0.6517725803310156,-0.5773265414424923,0.2425638938664488,-1.7082587716639897,-0.4603407099202859
0.7784917149088723,1.0824554423030561,0.7998435729613241,1.3858335487213258,0.575669233071229
-1.9256426342739992,-1.6259740353780912,-0.9111626231766156,-0.6045382908632861,-0.5284296724218511
-0.7221232389501122,-1.5498718690928592,-1.163335672575865,-0.9617515847249911,-0.5066503150461801
0.41326382161326664,-0.0745614138182472,-0.6841025679646998,-0.1327166360610423,0.2016837247568451
0.06446692071094458,1.0114001888492532,-0.24727721151551105,1.5372644091936176,0.14360265370631958
0.12960788089612324,-0.9961347933912297,-0.3304049343229488,0.6053629326288171,-1.644431299758884
1.7714094651654664,1.8681296156849074,1.258464219812234,1.7744873276857147,1.541022984000311
-0.2905003750742014,-0.25700662252475026,0.6251265976449072,1.1145713354762528,-0.4767598242369707
-0.6421786967870527,-0.353614135337265,0.5563477063572071,-0.651160641614156,-0.9168822068121175
0.3153750554175759,0.034575358015760026,-0.2526735681666893,0.3529706335853789,0.4054314653974273
-1.1344035070316731,-0.2917306506529868,-0.10448366286297116,-0.6206047997665146,-0.2039564592938564
-0.5720572994823445,-1.0775364169954749,-1.1787513034939292,0.0762294028079357,-1.1776808159824586
0.5479274660515219,-1.1662208321934993,-0.6077149638969642,-0.5108604337550595,-0.3047210164240237
0.42522295136531835,-0.0034527045384898825,1.205738140504538,0.5243379910712316,0.6956740717957417
0.31122988085456577,-0.42328920281864457,-0.05406791280684719,-0.28887809478465365,0.27005704346053766
1.4970190530759464,-0.022767440479403673,-0.9685786953093984,0.060103830130594706,0.5927583485957665
-0.5071963333959224,-1.2264355472637918,-1.2618120217835542,-2.1084092931024503,-1.578768603284634
-0.3386320451070683,0.4498951433559514,-0.13349488266089266,-1.0370852584896828,0.43208773564019876
-0.2587052625604542,-1.6594636163390628,-0.9872769788187021,-0.5847868156620113,-0.6774368675830788
-0.6144204850640875,-0.03841900234362039,-0.8806732641028152,0.050305014701334576,-0.048812247826530875
0.095257297175869,-0.6531739940804475,0.36756412663085564,0.12514164790363658,1.0583780757360728
-0.1007327496868136,1.0904879961816094,-0.6037918990497836,1.4475538791742404,0.056052398811538465
-0.17464692989352512,-0.8603107544898255,0.14887216502744566,1.3084675889877262,0.44297113697143903
1.1004009924294216,0.7973247616778234,0.9529241894115261,0.14925454427624293,0.9090057677093302
0.39277754342044,0.03311236974001437,-0.0680840530194983,0.03971195297080009,1.1747861453670783
-0.7927857110693807,1.1888234133354676,-0.5926233898548162,0.4724581139665899,-0.4519160656810465
1.2933034990295322,-0.2648160519317239,0.5819189436508126,-0.4637106023382564,-0.3505243552612209
0.5586096515746403,-0.09405851626072145,-1.5355066170534835,-0.1322389462248283,0.1598289820016849
-0.32938028325886254,0.023950877277365695,0.2852644980442958,-0.10199232193539237,-0.9190155010221375
-0.3304020402131948,-0.030386834137614057,0.004099000164079035,-0.569120886307866,0.6719652898736368
0.5827996345833865,-0.585124859166099,-0.6828840533053613,-0.514409607781222,-0.7070052681717165
-1.0234940062591316,-1.113105601143189,-0.4675631855454032,-0.7207959702729231,-0.5861071008531066
1.485226132618994,-0.17479845652456166,0.40796700975510597,-0.06647713620279094,1.0878756219162684
0.2289841995773515,-0.36023536392344213,-2.021244644838222,-0.7841021716889202,-0.24310890894734294
-1.650156380358513,-0.3857256280595437,-0.9034411529470892,-0.15724980165857583,-0.49111361139560483
1.092715182996544,1.0598789962304742,0.7479199830887614,1.8942502312880023,0.499548591478795
0.4882247854955363,0.2651973652064859,0.3224378951227275,0.5519285922519788,1.3677736569597736
0.5888126326736665,0.6669191818087035,-0.7017544317383017,-0.7030134547808495,0.4880728910127237
-0.3991970459484361,-0.6679557717278498,-1.5891344930244535,-1.1167790692827668,-1.163588435176302
0.49468658621275824,-0.6471217741643573,0.28892466575605563,-0.732897122596165,-0.01906337664134362
-0.20525494699810487,-0.9541763761944764,0.605776732174455,0.64551226794069,1.1729360620020213
-0.02158798420474106,-0.26506071424449396,-0.24047084282034129,-0.614072720949901,-0.17707548576134688
-0.14644326408030833,1.0264269150097858,0.7517992668321224,0.8639303041687592,1.0641554608220967
-1.4096094312929,0.37884261076990455,-1.860387208102146,-1.1764911657282133,-0.9712209845923445
-3.5735801778058573,-2.7499237118024964,-3.7301423741277566,-3.0695740098803452,-3.2628272018774793
1.4806417584970062,0.8818101761849453,1.508373584235218,2.5089565818129747,3.0425220897822505
0.38086779612470656,1.6690040665603563,0.7743610492563305,1.3568309268712624,1.1117443535025389
0.15482854218113346,1.3553239566911672,0.7783767410882346,0.462508359702737,0.1581496608384958
-1.6648257413066307,-0.19649542939379921,-0.4130787012067411,-1.0234850493895347,-1.4960365481499756
-0.9674232107305277,-0.6267050552333824,0.7137405229159399,0.8005499038564936,-0.7525545744770478
0.20176119503295123,1.5301122041938555,0.14137942970934472,0.5485130914303492,0.6099979873916419
0.16080580042083253,1.3438165908497077,0.40824835707985613,1.0305670479605433,0.6893571163579211
1.9895691582048274,0.7092142385039143,0.8950991492192533,0.6255819077727578,1.632743872221719
-0.20601478047114632,0.3241218133026934,-0.21963452856185947,0.3251276617041498,0.682481338675473
0.932169657585597,1.128104271610333,1.1423638817906538,1.3438428115722063,0.9466430664361783
1.0695035834467868,0.7563856409095218,0.961410891524334,1.6561934209054097,-0.09940703542136287
0.3586227548804298,-1.2251005771980104,-1.9190501227574486,0.011245244629976262,0.12063313180246614
0.5601217263817722,0.7047150588206811,0.29235593006408833,0.5193995351319793,0.1397989608747997
-1.0350175515254152,-0.9088583925086688,-1.0806284659743888,-0.8729986487103328,0.0861475109803663
-2.743982886486899,-3.0942694927851373,-2.249583463457598,-2.561237461106883,-2.488282975183941
-0.8867739301668989,-0.3090450882152373,-0.6924370736358622,-0.8644035725247993,-1.0710210312214987
1.9805709215766918,2.416076149229366,3.1818356178485185,2.8675802114034767,1.771884184208065
0.018387233414226344,-0.6955889550176709,-1.011837220368211,-0.6502416676432564,-1.1097088588092898
0.9628180519322963,-0.021095372654073838,1.3103507370091787,0.3064974953089761,0.23096592858633633
1.1385741614641034,1.3790073693818081,0.7778519597149328,0.7741452734005673,1.3112469379494358
-0.9759036485467639,-0.5040652723835682,0.4443274436478242,-0.07911170942667259,1.0298633048577062
0.2982902594556392,-0.016749726963654326,0.3783361982551495,-1.1096806385111864,-2.0054118161331242
0.06514659703309479,0.5536074688457806,-0.9899727881510993,-0.7545482258886964,-0.27970451048357303
0.6354329182737023,-0.0973884153830952,0.14788708085851054,-0.573005243634778,1.0949052406925757
1.6196938601986286,1.61281852621134,1.1675769190353733,-1.0022232681555574,1.035001471392594
-0.7986879028479908,-0.7129932854984328,-0.6705433903414355,-1.314288457089807,-1.2607544610797081
-0.03421557748087806,0.18601357076272707,0.40237854246948984,0.5396857230582682,-0.4510432485682286
-0.6521187525571287,-0.1737461148037198,0.25707725444290364,-1.081386437806651,0.3055743634059138
-0.13212201180174177,-0.39111940243073556,0.9193868843615611,1.166075715568944,0.7640663368862349
-1.2190636668068304,-1.1331388995578768,-1.6503486872825326,-1.2237521016546478,-0.4759915421788443
-0.17604161315600614,0.6986781714384157,0.3679798139364808,0.2340136328413857,0.8732901334268193
-0.01966313762620426,-0.0855694876897573,-0.7943058206292495,-0.5012070610526898,-0.16798089335392785
0.6123710529114829,1.0307740898063267,1.3953336166599606,0.5282062938719918,0.7100817429697702
-0.7554636451279574,-0.30248085860536045,-0.9361682717853853,-0.8258066539728365,-1.2151684458108378
0.7398969162686798,1.131932540474701,-0.36966360329433245,-0.2325243889005636,0.05535189686519087
0.5908037112069637,2.130116362227322,0.9127240591620248,1.4150391811347558,0.8745798256087663
-1.3086870478147294,-0.7619263946904985,-0.8634837685107658,-0.4919311217567982,-1.2060006036945647
-0.052405281571153005,0.14489740051412778,1.3553964981997872,0.7496004880891507,0.11793458694775004
0.16929481939088536,-0.0035721742725758864,-1.9495612031876124,0.2629930501947952,0.4143458203354623
-1.090520711874194,0.191786666045679,-0.367626422439309,-1.540053359088596,-1.3488174101833965
1.1494647186168914,1.6919370583012803,2.3272801524698625,2.4626968326903365,1.8702856629178368
0.07547795557868149,0.263014968461329,1.525834292148597,1.2127441347548105,0.6230019336692948
-2.554219647736515,-1.1433366767938753,-1.3619028621382692,-1.211347467235525,-1.4270097046280001
-1.766787909950305,-0.9274828444994772,-0.8958122021294082,-0.3574924037247949,-1.0995949655734185
1.3343765076893712,1.8015407900298837,2.0481701625528768,1.2782579838146821,2.775357390762942
-0.5314919180056547,-0.707861942519575,0.005717191341473755,-0.7507693728792655,-0.48315188634986633
-1.7076516558982031,-1.7319207918229893,-2.750607222428421,-1.680744806110082,-0.8208322529070399
0.4837529450016435,1.3813483422032813,2.365609698623832,2.3085612161597857,0.6329907318272691
0.13182803371262852,-0.003919524115845063,1.134705931099805,0.48567127304948376,0.5733632615730608
-0.9796684455638907,-0.5676282122326092,-0.7559551461645416,0.0975880557985289,-0.34371100016078615
0.4460774004354634,0.09914657523443193,1.5423362466826214,-0.3477249252616852,-0.09135656020724414
-1.077634686015399,-0.831687430850946,-1.2570086731922379,-0.7964221366586717,-1.2080048572391069
-1.5281055583455776,-0.7948953129258695,-0.9488185618247343,-0.15486150202789462,0.18499972465128436
-0.7964732612202167,-0.36803831736183185,-0.6131980366284958,-0.5453317751315326,-0.21569453765462895
0.7466687608596342,0.2439617423494282,0.18697007819133787,-0.05360325299406488,0.14223192208038327
-0.7705587419949544,0.3872158131714103,-1.3769110191979375,-1.4133864339555653,-1.0112278552152696
0.2041241901378618,0.24991703358691664,0.3775712321895995,0.34201504346241557,0.475263407026657
-2.0284406544364595,-1.9384448103502203,-2.253613364089264,-1.4805241551267745,-2.3433215268658674
-1.5734979387818102,-1.4978444785173775,-1.2589347027435192,-0.4856902944633691,-1.699692665410312
-1.7758044146748895,-1.6279466196714358,-2.702040553672672,-1.7687983732180403,-1.9956907034901046
-0.1749400052271016,-0.4602565826836777,-0.9499156445204784,0.5778101628390239,0.5185468056582615
-1.1978759731748783,-0.8390541799884703,-0.9639174714527936,-1.1608016175898188,-1.079051848029345
0.37359913751798346,0.596643263054903,0.3395408869013786,-0.1558663160440327,0.5459107417178048
0.2675524026125916,-0.2988773146657746,-0.46687042680005075,1.6970963575700098,1.4185478012062214
-0.7425806396425586,-0.17813320033755292,0.6031829071692314,0.5796244121102924,-0.962525684470355
-0.78004161801827,-0.1525272048106858,-1.2334052976890637,-0.2510299728876697,-0.26719654106831614
0.5299668060484796,0.7801551100361731,-0.23936760343147512,0.36039599634900055,0.8007698375430762
-0.0412434368939462,0.3914026137733754,-0.24673238179969403,-0.6623618637565426,-0.4695840054456583
0.405258671903695,1.4550650652355053,0.22592774437182014,1.0950075896711042,0.7895688540730664
-0.3891699382673919,-0.5764040536221469,-0.9581620662410001,1.1212475686880592,-0.26125744699257036
-0.3999822050578924,0.18588103276336593,0.7797430615725496,0.5345166940855692,-0.543926768660247
0.7860306214887808,0.922989643837547,1.6895026720919615,-0.350056738592174,1.2470578247930086
-0.5888554627487529,-0.3204242752701459,0.7225796467744832,-0.8263967640513867,-0.7216113749680613
2.5917336249417504,1.6193054339270678,1.3202236047345963,2.1891067241799917,1.9898680396833328
1.0555655909647257,0.8053377138101224,1.2511788163448851,0.44267584306286295,1.2345751485691596
-0.8746781090519054,-0.8204966124062733,-0.3822001386642862,-0.9097284789627954,-0.9127763983840266
-0.9659596437747345,-1.7447502708920166,-0.07643895473873424,-0.9234973215898216,-0.5706394775696102
-0.33735473377652336,-0.9493788158753133,-1.1257082738688022,-0.6065020353522442,-1.0881750488819806
-0.9120050132404934,-1.6533622232522704,-0.8199406879989435,-0.5050813817516497,-0.6543988412730174
1.2722938337956886,0.09291907011366865,0.5741943500094544,-0.10901550803597963,0.3986066059368181
0.41403962242419645,0.4409108636857464,0.836798399032443,-0.2756295792352213,0.6923697781200853
-0.7221101062506106,-0.21559225216282685,-0.9459252913083858,-0.1194358396348964,0.16267152519888153
-1.6016654933460026,-1.4144619956337516,-1.0649362665480004,-1.8261370548049067,-0.4569783567569885
-0.5580958800948989,0.7185130997084969,-0.7305369813535165,-0.3891217413064298,-0.5585739210774314
1.1503950307793318,-0.17126628665804,1.0621522644093597,0.8864605041116785,0.28056778785131836
-0.36075124441968603,0.2154885629785567,-0.3562254159644204,-1.0272989711391731,-0.18310984414988493
0.27219356187773197,0.5347022083407522,0.6930255746815508,0.8474844093305316,-0.7904596071002914
0.07323460455488881,-0.5659969889446759,-0.3118244539567007,-0.0395547043313743,1.0462525860045262
1.0201057814042227,1.3100171257553024,2.299870924401698,1.724410862477359,1.693179537389967
-0.024621975496047846,-1.5184124017489737,-0.27789889202789736,-0.033710892444125964,-0.5969232040198086
-0.8961529897664509,-2.2066986190168913,-0.02158350113763632,-0.1600607378411201,0.12020952550576267
-1.0251344751917262,-1.124735034874669,-1.0642518241959213,-0.19979556098846124,-0.1778805027424169
2.017957234470411,2.033934989205257,1.6588133686893183,2.768409790492269,1.1967892465271126
0.17527012772023073,-0.11670538708985886,0.09210830089744092,0.09430840680075091,-0.7649742463859883
-0.14445568602303033,0.9456748628062023,0.17314229597199252,0.2823552438928586,0.15640308841693318
-0.6223840899337326,-0.13329459677560807,0.7360289973415801,-0.1909819525025322,-0.029272795575714595
-0.5134064567879902,0.4987107574086999,0.29970385172811403,-1.2650296962159175,-0.8060548583988619
1.2014607493855063,-0.7444763268372416,0.023482026990686244,0.17666252147821976,0.04361535532018035
0.5837888019526163,-0.8507352685549726,0.7020197747272539,1.168582058704889,0.3110814949977343
0.9742055554614175,1.0374884574379433,-0.03190894764638328,0.9993331569313276,0.38526228800566514
-0.39294859655957654,-1.550774300341815,-0.5442385342948037,-1.6190631005680378,-0.6006049253435769
0.6018762973925168,0.9834059266324073,1.367036363130876,1.2882945445294558,2.129862546630947
-0.0820712716860033,-0.6645257719544904,0.9643203140029833,-0.2258694642757345,-0.21004928603200643
-1.4583610439046153,-0.78867509936285,-0.25422191278575845,-0.4279185270977115,-1.2034132345150115
-0.8515747757123667,-0.1278368008788106,-0.0768434399711077,0.40615619125820646,-0.9663577802974935
0.9450480949806341,0.43042945391155174,0.5771784470916117,1.2392020745546042,0.3849472953770197
0.3455059344926204,-0.12549656910922974,0.3750939706619297,-0.00919461204443321,-1.4446521618896975
-1.3283191042401048,-1.3591034938185418,-0.43266407371721,-0.9745966008303741,0.2507710514307171
-1.9395028083187043,-2.5933298712319233,-2.5968686938125494,-2.238736291937017,-1.3097560847948628
-0.7191297621174599,-2.3602138106922763,-1.2232025123055061,-2.0914093174470176,-3.2031132411168666
0.024532510270864668,0.3483732585637745,0.3853167176979748,0.13512883415610039,0.08251377222176885
-0.20671879697251516,-0.21133772023368483,-0.311832078361524,0.2722621097766894,-0.24966362329646746
-0.6081388450278035,0.18161428956800557,-0.07379541836444413,-0.36370736515058344,0.13185970937336192
-2.2056757565982377,-0.4793315915566997,-0.6139151312095994,-1.2190983033398344,-0.37662080496686723
-0.9089375777422044,-0.7133577436279722,-1.2880948837256578,-0.308965680067925,-1.207201104498115
-0.8239788267961179,0.15385173257078494,0.108955226597491,0.5562481021927524,1.0054177349609077
-0.4970843217261791,0.02903866751231001,-0.41254998611532406,0.2016569218917372,-0.04341089017424884
-0.0561075629760006,-0.23044679155830952,0.4249296254380856,-0.2559579616002522,0.15580888311264546
-0.4974652579418611,-0.7002644283698385,-1.0192104875849806,-0.5042317759623549,-0.5982031145122739
-0.9594305803764817,-0.8504726188892603,-1.0197576691865555,-0.6442358973324733,-0.33062503890318773
-0.69478534221833,-1.1204933517934512,-0.17853741601840928,-0.2537741178673961,-0.41094589416185956
-0.22035783662218814,-0.20073930963436096,-0.7167997407444799,0.14859820455553602,-0.39262203211780417
0.9406562099774818,1.428864837873835,1.3543897321707965,1.9212787297821357,1.3958757558402528
-1.31457119180994,-1.101924279350432,0.2089482131833417,0.15578607261536637,0.4569280020866756
0.15296439958693844,-0.868560446777538,-1.6360660486051448,-0.13139892211523724,-1.1651548198198654
0.16589780671425347,1.0661943170373829,0.6541025697722888,1.3051719943561462,1.6190587254150133
-0.19327879636211284,0.6268294564356662,-0.6045487606579836,-0.6602685054529389,-1.083505731390079
0.39086710397180907,0.11270380507144677,0.6217822800450141,-0.17568821142869523,-0.19050915124164855
-0.021193512971114152,-0.16789483767169552,-0.7329785868800994,-0.6019023612459475,-0.5631985118114606
2.7952284776449368,1.276484217791814,2.3952423133965044,2.886756740485248,3.126250968444952
-0.16292892679843873,0.8996919424052159,0.18999247550072615,-0.5714231990291495,-0.38089445740220657
-1.3616249432834029,-1.5326422687471846,-1.8499571087283462,-0.8306358738178456,-1.0731081706749965
2.0506412263237763,0.9248100315775788,1.9342348853816635,1.3283819529902574,1.9488250266772993
-0.8551406395590975,-1.6886295433121161,-1.1344528774682303,-1.4011531194384859,-0.9803980167566311
1.8094900867125312,2.551157576542197,2.5103318347383867,1.2649340874966013,2.6935685554370075
-0.9260528203077719,-0.9231822573962957,-1.6744281670030476,-1.1766065153427547,-1.618951179444076
0.3487430389239828,1.5402441771757416,2.1208789544171323,0.9390618904881296,1.1172944766671482
-1.124187352732278,-0.6413181499783938,-0.6445806313144332,-0.7570839917266127,-0.23829299679144358
0.05504710761264653,-1.6807601543281725,0.029773236427953265,-0.40378520778124033,-1.7302630014552784
1.1426866505684712,1.8138882193035661,1.3584003096324748,1.719198371814927,1.2637012878406015
-1.258667027008245,-1.8238410090595425,-2.12134645481795,-1.3787316782872487,-1.6565222453796378
-0.03154549399488755,1.1892938163670028,0.4137622601509363,0.35066692896866875,0.9593515243734404
-1.3227738440487216,-0.43571490071800567,-1.6670429248144505,-0.3042587122377891,-0.3694376502266712
0.15065801567977655,-0.7076946708624159,0.6019938811955325,-0.33486000435477864,0.04600939284172705
0.32437230718045834,-0.1931387284208532,-0.8363372812094594,0.08014077608379115,-0.06982025252056619
0.38953280937133083,-0.9964839973125503,-0.8868544998400949,0.40759118182498827,-0.6251559436474683
-0.26600891232769397,0.15599766909076185,-0.009966703831128767,-0.14644965314478547,-0.02487078747705498
-1.857801272438407,-0.3120434519001342,-0.5755937985311971,-1.2126558932015012,-0.8204007701271328
-0.991658167668467,0.9150821749113685,0.3480780198660725,0.03835952435727019,-0.07706172116800994
0.5417367453601708,0.12291692014954486,-0.28440603666668884,-0.041335435262829255,-0.20275158763538184
-0.5611739684225859,-0.6934919617897493,-0.7335336334616628,-0.2420625475223282,-0.4651955471825145
-0.750902731243866,-1.8534486002526303,-1.6753788601161077,-0.5147416734875108,-0.4808128159089334
0.1523750005787078,0.30022230786088105,1.4089116722278023,0.5094688501143472,-0.01824568975326842
1.4736844146260515,-0.3663523571811958,0.8877939527590661,0.42841569808041285,0.8316577053059764
-0.016532621343947156,0.9212852726772024,0.46158479379480355,1.129017313701758,1.5356965415165216
0.4581834057618293,-0.8461232658600922,-0.0315677749180928,-1.6272117241824053,-0.6030369276294466
-0.9977926682323945,-0.9708627666731234,-0.40766265255472184,-1.5145238903890632,-0.771326054891909
0.08362530136424445,-0.074430637233765,-0.7141582911611623,-0.2138113718157938,0.26168444108002864
-2.8467461001091072,-1.665071221781907,-2.78595808985135,-2.064823612907674,-2.751620495902888
-1.654630604963664,1.3739409748972786,-0.8398670639898667,-0.70779023456454,-1.0649153968670413
-0.6795690285474429,-0.7684332490109478,-0.47572692103248027,-0.9987456870099074,-1.278205351356963
0.24266143855440833,0.9001652855031039,1.3228396186623395,1.2559565241586457,0.8972094450114507
0.17582522789366692,0.36238871394787214,-0.10857065220050124,0.34272256083709096,-0.028258144618780172
-1.6187968447545489,-2.3550823511659944,-1.5926773965587397,-1.3270233107291236,-1.7710596054468708
-0.06598745823004755,-0.46114461984722593,0.06794398682742088,-0.4597334482821938,0.8878262096500827
-0.21549804887838242,0.36247363728450355,0.08672956188264473,0.9248665635966361,-0.4277849905895947
-0.47011714509999336,-0.82223249906966,-0.6791370820456943,-0.49704362009355296,-0.5838512964265155
-0.5787876402397728,-0.8214645206744797,-0.7550972809455135,-0.6091917398582846,-1.1886183647155772
-0.5916958053414929,-1.57729483135063,-0.30701084249202726,-1.7610816866910168,-1.8365320704215975
0.25919856665824836,-0.3953550450491206,-1.6583912257608964,0.11070788079013495,-0.46388255374425996
2.013289980044788,2.1667482989009907,0.9540285626858306,1.1955975017120637,1.4583792822160446
1.8566577649259852,1.2168097212948699,1.1839454393320197,0.42430239366815814,-0.14536926496938898
-1.2076727970229026,-0.8160113750643984,-0.8156267788151883,-0.9693626538290242,-1.3239239098320927
0.37440663328631896,1.3434855589046701,0.5589645184035438,1.0239516341297035,1.3363575042346512
-0.4313431859416782,-1.12903248239672,1.1038098882167273,-0.20991414554856744,0.7506170161914629
0.40224051224985025,-0.36709918105401396,0.31824068368455605,-0.1742814613334773,1.2754255694760617
-0.5400200209263809,0.5598852729988395,0.9783216810765819,0.42234260695580345,1.0455453494436902
1.4036680137065447,1.0877839923915402,-0.12203273416056148,0.9920710001725618,-0.4542072084492388
-0.5160342487512681,-1.983718764719141,-1.9019260194020409,-1.1361859684840032,-1.7422069779812384
0.6262537810054738,1.29824476629924,-0.07310109577434104,1.1463651384283116,0.4102902373277637
-1.0155026469894994,0.16357295944057923,0.08912049449915216,-0.03384521279885473,-0.40036268831578586
-0.9580302639282026,-1.6319388751985857,-0.4719193643802357,-0.9998049710069965,-1.2363095872742076
2.3069709435487016,1.3912301877908015,2.1401711902063574,1.7498080900082427,2.6732190733141468
-0.6545473514183122,-1.3840094643559,0.9719031264097373,-0.06985897546742662,0.3555474501672933
-0.23190018425117967,0.4214515165460521,0.9138208371676462,0.7980395951949184,0.5589858793082237
1.1160812893035,0.11606304855473412,0.3526979653870649,0.5226687939851559,0.47671132570650554
-0.5365262842545588,-0.19439379389628872,-0.771674578248783,-1.041261202734871,-1.2468165217487304
0.014248459791409325,0.37905166057342987,0.7804883988984843,-0.5707573675297876,-0.8842175727423542
0.8313931268025763,0.7701119710027793,-0.7370769465878481,-0.5278622009186129,0.6039492120487753
0.7046109604623372,0.16466111934125396,0.26043993077713906,0.03974975122562493,0.25197137129943376
0.14347057236995459,-0.7200833093590874,1.1114964851380131,-0.23669183810234326,-0.560238719962008
-0.8381614087059511,-1.3270776718488912,-0.50706976957323,-1.1604599527552724,-0.8130789728095802
1.5342310804263295,1.3726934621496507,2.3662183154494687,1.5359937842933733,1.8981559451690497
1.7075487059132064,-0.27375135523591937,1.2260892821710323,1.2550677834793063,0.6325797945666566
0.49468532722956726,-1.100079599405284,-0.6334204961834655,0.38601197835908563,0.622574757942582
-0.6672522559132644,-0.2736991321299813,1.0104994769212556,0.2484150315810692,1.0551247486006354
0.319889028815127,1.5603022177596,1.2472052810304552,1.5290503756036709,0.5368617666889323
0.5295072454344792,-0.8036945099591392,-0.9434443608662719,-0.5706055258332025,-0.6853295216675462
-1.2758702532795445,-1.0324204290026118,0.3390146191799523,-1.107607033379747,-0.45198579030069724
0.2334265717260762,0.24899586289331335,0.4658121261718158,1.2761187712248205,-0.19831524517942684
1.00611742957934,1.878171999715885,1.6148204085093114,0.6436205688409,1.1170060158460333
0.5609559533258153,0.9554660721712364,-0.10006854333137857,0.22293391869261844,0.7400369303549916
-1.0911318798560787,-1.5280717895646312,-1.52061792129949,-1.92277109071866,-2.5303055812932174
0.826497450740839,0.7635333766091418,0.23359177685136842,0.3057821667270403,1.8551983963661642
-0.09521760414304137,0.29254574318705606,0.3504029382159468,0.4069614599511577,0.254375264371211
-0.7236897605246795,-0.9686951646127507,-0.6273935895546063,-1.5700880231746954,-0.4990773480222031
-0.39526087780379876,0.18716908685123934,-0.097334558532288,-0.2063499001321174,0.3987258784955198
-0.9401961892984737,-0.6392859709775899,-0.9624789468862762,-0.8109282373833963,-0.7004122295947454
0.6951316339472721,-0.33033855802797885,-1.0602162016672996,0.16868762490954167,1.1369281921991832
1.7320444432518662,0.40913714193253325,1.124241953932417,0.6868889535911508,0.8367496404452393
-0.6410729111877688,-1.5153799520198608,-0.7845240514703171,-0.3241816441128582,-0.6060390883229814
0.11674333360717869,1.321236739145543,-0.7528148066326055,-0.2157322156996812,-0.3520195746433026
-0.38291288694459397,-0.0527933364675192,-1.246092001970284,-0.7413145016833778,-0.4856259018305885
0.5410458499944985,1.1653818843546089,0.8375265676926088,0.8726612753422139,1.0692148112307522
-1.1671124696436006,0.02585593538391332,-0.3043563681814302,-0.9766869112341673,-0.2423289928066176
0.8815385003760726,-0.608737380794539,-0.01599950413834059,0.2402511890399266,0.7924022315417788
0.571202252289074,2.1492736359440663,1.391555023693935,1.0681633763133378,2.854541528294409
0.21889373228902553,0.6316524019510115,1.2142111837631289,-0.601562182678077,-0.36617721065680964
1.1372030887171,0.680563292206044,0.5304472255045635,0.3478770916817229,0.8640318137118996
0.9987324949426216,1.7560858193342186,1.7740499348547707,2.168862638238261,-0.3599190867928913
-0.02190086242716538,0.2973914722912501,-0.27573655052174545,-1.0309306853097997,-0.5228819022186499
1.6547195638562016,0.1867020263956238,0.7739481868304086,1.1381318517510408,0.12013140692468091
0.3001367579573519,0.2153975987347796,0.555471934332588,-0.17974650208676166,-0.557587612841074
-1.1227843756520908,-1.1024483094202469,-1.8061842851504204,-1.5136330950975758,-0.5087740124491354
0.734679383425837,0.8380463568609801,1.3849014735362288,1.427194885682397,0.3362824784871937
2.0217358732238813,0.5161945113947074,1.467581507891077,0.7902397725806338,0.6843037877303217
0.4155463007069225,-0.4414241298865853,0.4992900485116738,0.7327098097593808,-0.5537789292736938
-0.8090054333794864,-0.7186869473931069,0.2953450186067433,-0.26415021531298966,-0.6976798010028553
0.5982443284336311,1.1037284701035932,0.34093461936389025,0.33477474916798955,0.38503700584578016
0.31824406904472874,-0.13184998381051374,-0.6764285028630866,-0.7388692773849617,-0.12750981101118372
-1.4263285428343673,-0.5272191625018874,-0.6170430068868659,0.6027813506179099,-1.1832890141449788
-0.010509836692881764,1.5847508928792788,0.4723090240197695,1.2777829406221937,0.906736779745737
-1.49520018571532,-1.2523663625884836,-1.5871310213492131,-1.7998270166398118,-2.0943356664092985
0.5413146507882145,0.25568536921544305,-0.03431098081171732,0.9797652799660697,-0.9477586192687818
-0.11200849560033173,0.46953926636601023,-0.0007018219859473562,-0.3006408580303619,0.13077270972474034
-0.1139338421904509,0.7579341083980081,-1.162130101091051,-0.29441992948359175,-0.8868298768306263
0.7198229206630731,-0.06345299313045806,0.059969361965764086,0.014760799131137543,0.830674319629674
1.799676070887128,0.8443138794614553,-0.24521688694268456,0.20157937650741217,0.6952377011726213
-0.10492516512306266,-0.23164660303136198,-0.049430906687697417,0.20362197878098875,0.24965164059039094
0.5823142211129702,0.4707853707630729,0.7057661351579424,0.3816248417202932,0.2779072728650782
-0.7111658390396431,-0.7535076980072356,-0.7714837880772869,0.019482668354392264,-0.4073362340538486
-1.9720510721084543,-0.4694353214328874,-1.2213975102546009,-2.3194429822307026,-0.6973207290840507
-0.03785777893732923,0.6108839239779974,-0.23595090375281938,0.9386804542005174,0.22416680938269665
1.3805835859261133,1.1406865450807484,1.6394511066311386,2.1681093168452734,0.8131069136448629
-0.8254070912338104,-0.9092541321227533,-1.3195209457673154,-1.50833537816567,-0.790437358466304
-0.968644541158351,-1.5664859687371877,-0.9528631974112792,-1.0682981242004006,-1.2317539320029662
0.24410788028752023,-0.21658115707296904,0.002410325242274209,0.13862047712234218,0.432966727710049
0.4630074559774734,0.05828237916187559,-0.11805003341423234,-0.5831731583858639,-0.043756716584632635
0.35649311341904993,0.2174104186590561,1.2277125606217685,0.6687539536773954,-0.20065793185568867
0.33929396150499624,-0.8137290478658132,-0.1698551558995787,0.2980417897575507,0.8976441057065826
-1.054057838053835,-1.4866731296180555,-0.589718033854821,-0.3129316766956688,-2.276406475410406
0.07534089733160504,0.4659667913667645,-0.03434531192937911,-0.32507631750390065,-0.9083327063169284
1.3439230616111788,-0.03003931090928899,1.1673443239266335,1.1899626987788252,0.8361510720009261
-0.12408665634296727,-0.18727774551954374,0.7777976825572787,0.02048212805550109,0.1663162287715303
0.3820474167612201,0.23421869673246284,0.7324479019584035,0.7428508865874551,-0.15197688228211462
0.21447597394037665,1.124891894019331,0.7248075009854942,1.7490582875648257,1.1927735100883818
0.43973471866164543,0.3851599805857643,0.7218768115800793,-1.0474073267294273,0.43985124255385677
-0.3311253852362536,0.20627204639125962,-0.8786218138447052,0.4717958495340122,-0.32137602816807476
-1.5344844558166206,-1.5555007590811414,-1.4981031888678704,-1.6785089529896846,-1.4499955549327013
-0.8693089331054102,-1.1229717609680354,-1.2314990889664101,0.30737468411888,-0.09440744791969373
-0.749536422209635,1.4578858189359913,0.2905119175912278,0.48138779215465993,1.4012723117048786
-0.6900462159757994,0.3263029460895826,-0.3977702328015334,0.41341243529481064,0.5098374291720256
-0.8322242480663632,0.15707112406262405,-1.2174158082096154,-0.04622144780246641,0.07437204098453888
0.08230727352829786,0.4099459523961509,0.10667220598733954,0.3287335649880761,-0.3093898269734919
-0.7406350443183305,-1.6707332784576006,-0.4461946660468243,-1.0796705066567531,-0.9581585635282527
-0.5425503583099509,-1.0459135027259727,-1.3927032729545044,-2.119953101407596,-0.8734177037373384
0.6995478405489657,0.3389558860542953,0.3449093460692447,0.8380918189031421,0.9016438279853265
-0.9569934258929796,-1.4270768102436544,-1.596377441866694,-1.3163280700029463,-0.3381084363080129
-0.8134939447306382,0.9172536989151657,-0.23905578337261718,1.054362478554734,1.781857049380923
0.620823733754124,0.4865236366448176,0.6836969962917849,0.2607028796714781,0.04154000182460966
-0.4854341112889387,-0.4044611694394169,-0.5838670543449958,-0.709917074055661,-1.241894161159084
0.4311842479607016,-0.9242562527614295,-0.29398006454724196,0.3349598224378333,-0.6980583138010721
-0.3075157688433255,-1.2861079597625789,-1.2476323966706078,-1.0561947170485362,-0.09164959367972648
-0.03912122962038406,-0.26939379401622066,-0.917527999723984,0.4939539513558027,-0.4634946753274789
-0.15785217308641145,-0.37482545847464166,-0.34276663529828166,-0.3100662812085795,-1.2477560788531645
0.6495780652359544,0.6162100129704304,0.4228982812277667,0.546102326275361,0.7017172929976294
0.5100139437896131,1.9726095940657837,0.2438413998128718,0.06162119982734778,0.3365690804624114
-1.849938779399044,-0.6215351600258983,-1.0075347824538856,-0.6153708746015482,-1.2091349162737635
-1.674852946470023,-0.728716605427291,-1.1609405701148008,-1.577472999246359,-1.50294952351516
0.4757595673977291,0.15159074081930404,-1.220739177405833,0.2599271394680111,-0.007934554653733623
0.8888136786910543,0.6122773144706739,-2.025502659446038,-0.035420859186439294,-0.8028539547209146
-0.3669420950183515,0.6439145911393435,-1.0345895757652617,-0.8070343968002562,-0.4843534539028834
-2.092902335070925,-2.8020731450247585,-2.498069561800562,-2.6416113770931005,-1.2378037778399662
1.044472576268485,0.015313425767690434,0.5053505339797594,0.4044660404710743,1.0853244280233636
0.249614150449108,-0.9003418069852951,-0.6233966870565651,-0.6031414933783974,-1.9848642884076355
0.17144911649622346,-0.6756802536183036,-0.7049986099788861,-0.7805838413923248,-1.1743866055113248
-0.8364728778672653,-1.5557366640484072,-1.8925084631609552,-0.8979610883380253,-2.0733108210131133
2.7123144347519714,1.297466207288491,2.4347296903886635,1.9364082845823387,2.5910524136416444
0.00019041704157402866,-0.29967205043017997,-0.8716020774248161,-0.10523448682955058,-0.5251417498949771
-1.3204167012552852,0.02091190514336909,0.38180493717401565,0.19577190547307213,-0.5472404538653213
1.3654591469111976,-0.07146547756085814,0.6059908931536248,1.5222272763327065,0.21489301425764076
2.815800890810908,2.975925522517536,2.806261768267636,1.7587429115428292,2.3152604087916266
2.634846104188589,2.3705948434114372,1.9467756646832235,1.6801436089556145,2.9154474274322784
0.1944633055004244,0.1852563687777117,0.5994358637729107,0.1559533933121251,-0.4683623524771727
0.339056788576731,0.9528990607639359,0.4797381280363379,0.6142610501606347,-0.0927574855902339
0.0011479131531207324,-0.3083787482530242,0.22342929429351036,1.112280886590776,-0.08816268565435939
-0.19199699561438258,0.5563829386079673,0.6582305895667622,0.26553257363256455,0.02332523558145994
-0.8694794898009952,0.34320069483589083,-0.009648545092742546,0.8041287404541848,-0.656828272881524
-1.3723845891324158,-1.2634115304289104,-0.048861833837274125,-1.2258293183556832,-0.6437102854718544
-0.2963933269368614,0.1773747585525839,-0.8659902112458416,-0.9053276370236784,-0.1902825590917741
-0.35868795043681445,1.0331577584403924,-0.6362503091844856,-1.716077373267173,-0.11007519167542028
-0.6630869155899847,-0.9048081644018732,-0.11553239907807847,-0.36770854710201434,-1.4493698880702377
0.303327760399593,0.14711902519600248,0.44022385470103437,-1.0973265670563952,0.15155438480466907
1.4713687910007407,-1.193557099381592,1.444262963037211,2.5779495857898684,0.7000796998901554
-1.5713279617190936,-1.9324503854935597,-1.6140087602493678,-0.9957407942008961,-1.0596872905926364
0.5562727694486296,0.6427916386478043,0.7716089834067879,-1.3293476568714815,-0.33625470921687173
0.02109110367869735,-0.40860613054418304,0.20624520427670984,-0.17228352524030666,-0.3231602550557418
-0.5656614627359214,-0.13454865785809403,0.09374585998406472,-0.2642825961171056,0.14999181053787505
0.6745852406849345,-0.3219389944006425,0.06513111429165608,-0.19099616691522148,-0.3678913644577914
-0.1424255683515328,1.3023512578290897,0.5524063434938091,0.2172252038191842,-0.017387092748491734
0.2943198103529194,-0.3675513522200012,0.4950092382172954,0.1494075034425169,0.7549202834508003
0.19599231020526225,-0.3027000735055484,-0.20332775628572514,-0.27500895529398367,0.17708150046670756
-0.07967628640754387,0.7581835301686743,-0.13955012966427666,-0.6011328723376171,0.9201220542442551
-0.16321080633630378,1.2244498739341454,1.3858009774465934,1.5319701230905745,1.7945224105320077
0.06191733511261689,0.6153399732818778,0.571363378883862,0.8279445879789644,0.4264590168903468
-0.2658958191145729,0.46668437517101946,0.3619752576475427,0.14165509569552565,0.5697518949636609
-0.12857607259643591,0.586896408364754,0.8715703387287543,1.23153877441667,0.29733516503706525
-0.1405208873187815,1.151926025576277,1.3670531636299321,0.900557270809939,0.29882150541196645
1.2606090084041013,0.9223705223607992,0.41428559550827954,0.28079222876296983,0.4769813202040178
1.006120609323742,-0.6214930836906081,-0.9289313048252666,-0.7430894228144294,0.4590936678703311
1.8008703046365384,1.529659091343134,1.4991038991193408,1.6760290441323014,0.3136139745492337
-0.24847271978036156,0.1907478807083577,1.3877757286488581,0.8251620018802187,0.3889393003574025
0.9756656936885341,0.2461709647395361,0.9670453374120367,0.8641305862246357,0.7712822841551906
0.21257264548845808,0.30105325984458864,1.1006045372951212,0.0384927451882525,1.5265153946454217
-0.5794837427426804,-0.10580599469819651,-0.5441832724930469,-0.0027581690785005056,-1.5462949052275086
0.3278964441229524,-0.9192623707268801,-0.8508977429946781,-1.404010536581081,-0.10516129215914428
0.4553845633629,0.8541705266016412,0.23046713392137572,-0.9882177883355835,0.49652205404624494
0.3525456938554142,0.4383927783252826,0.4359195546626569,-0.21237676666745767,-0.3739559467834368
1.0346454458541001,-0.9339464558805151,0.5985520687745388,0.38195620487372417,-0.09326755575277429
0.792634660717215,1.0251440730214074,1.5541452740200696,0.11544765452232926,1.2978095567942722
0.0767766755107267,0.2379047814169786,-0.37917746535923386,0.578946306948171,0.235476134371344
-1.6291041326931452,-1.9285713945413,-1.9128329221994687,-2.1986728999335647,-0.9887455622467263
-0.1308977748209088,-0.06425339560845404,1.0004137205303005,0.4260257100354313,0.07281055728415103
-0.46924988670485573,-0.9844820012236937,-0.4899722765911263,0.27552261559270436,0.13983337495950038
-1.9990064726777792,-1.220271391096895,-0.6299236862295018,0.2528683375722715,-1.772617678977692
-1.9564827367291737,-1.5085194763095366,-0.9731040589222475,-1.9458931527902348,-2.162090543097894
1.1052873176868914,1.4088466756880922,0.07374690757230498,1.227680023768801,0.4781671660429502
-0.19920571026525474,0.5157606427437027,-0.13926899742023036,0.6612959144276797,-0.9288458476646126
-0.5115917682898562,-0.4179623345722526,-0.2001729928254209,-0.4456296978754486,0.13101930141676826
1.4328926004745768,1.092966513107774,1.2249905808911938,1.7512897231496423,1.439723800423218
0.7762455083944291,1.6112594546467511,1.2040899172985626,2.0512510927251504,1.2561417516631421
-1.0242102011337422,-0.3615073026198545,-0.07378430609324127,-0.6065006758713851,-0.5250043346208009
-0.601811659453875,0.9230542027330119,-0.3681382090577735,-0.49403629694821194,0.3243314787572867
-1.0227190549084981,-1.3780518208791206,-0.9175508325606858,0.05912865775705292,-0.046609912480142436
-0.8192132532688161,0.7856097807768035,2.0069693002409417,0.011597859004033234,-1.3868373746313658
0.014147542529427713,-0.32548763523732155,-0.6238452492860689,0.19872253125467337,-0.577177995152804
1.460003492965411,-0.25291372613671265,1.348676992022922,0.7773534614030959,1.040152639423026
-1.3803052823835844,-1.7531447940247507,-1.0774846384407386,-0.6001818894663338,-1.5461488582761838
0.4734761700277527,0.8822056990225823,0.5530501300553005,1.2315707967581988,1.180516065893019
0.9671569859393402,0.8638133722142437,1.1420985854974348,0.7058132640545102,0.7753813743880147
0.8374626295996994,0.007210706692424649,0.29177380026732064,-0.1286378260640479,0.2631757443614678
0.2024461270549327,0.8922377592703815,0.6892850434290351,0.8866796230773323,0.023453502308409334
0.8219505706869196,0.707736449845953,0.38621979578481364,1.0435024496940752,1.6339137257271434
0.46591772846983065,0.21945817795310135,0.2663156493985066,0.5263434699207412,0.31028675516974935
1.4016398660016092,0.6914583946707752,0.8424308741679789,1.4051273609529773,0.9830455288208114
-0.9328836031099017,0.4707537829552154,0.2853399780391602,0.7966314770026652,0.8328745860235762
0.5308340571279295,0.21181078835568853,1.31057615050276,-0.2025794549218114,-0.7190660949021079
-0.8397117709200641,-0.8589667074952818,-0.6560342376013545,-0.7425422276648215,-0.9951388242932063
0.6035355832266668,-0.906817130891922,-0.3427966346383865,0.03372122364892457,-0.36897598932699766
-0.30107374708971996,-1.1542943304959252,-1.2932552390052339,-1.1439254220897594,-0.2967079301209105
-0.822787017767401,-0.6027499589353086,-2.223622094645436,-0.6994294108179888,-0.840989521990371
0.4664537032173661,0.6388094405470791,0.3244808586105466,0.15637784331631782,0.7713277780959767
0.4216019355304361,0.33413220806947314,0.7485394607252392,0.41298615539368394,0.746207914258976
0.23640893041970049,1.010517505857722,1.8144348009464746,1.1675663714217717,0.7654317004625384
-0.4407238400716122,-0.6584359188766219,-1.4498260611199734,-0.38606513450382146,-0.7293048913356341
-2.197005956801282,-0.7428936366368536,-1.776289045389458,-2.126859298322983,-1.9292935184163835
-0.7433386583569174,-0.31332200748836425,-0.8405911213895407,-1.7315719875100941,-0.8864882305890831
1.6021956158051904,0.8343068518902539,2.7967330077238883,0.967803244339023,1.1078493208989573
-0.6355394553550224,-0.03390824233687245,-0.13984806320862103,-0.015785817657015654,-0.3216869221273805
0.15228094320426488,0.5668225481164529,1.107230294001094,0.7125513856669122,0.4356026472571288
0.1435342543570572,0.3222892730459136,0.8317548590415444,0.9971125117171907,1.620812136018533
-0.5113388589679257,-1.338237428466584,-0.3812127697269067,0.4032151207519186,-0.28078116293600053
-0.034661288004654615,-0.7892841373386522,-0.6280874559540379,0.7714820098602508,0.34944524053671666
0.7627144271941655,1.148124731012165,1.7107502298112387,1.071105545792314,0.7018479717931793
0.250323392005024,0.6010868102864707,0.7198850162093013,0.2860687817544517,1.7079900703578477
2.777290624402064,3.288650500227979,2.024893098784169,2.486937276135765,1.6256823689150899
-1.415448085351254,-0.9167365118113822,-0.12130549557755066,-1.3176903975084187,-1.2293516357924494
-0.5226977925920105,-0.9638331228270249,0.08977173887565104,-2.074262605866261,-1.3936967062113368
0.19251224594593747,0.11533713537254005,-0.4245488357509758,-0.8814120317732232,-0.3875007859164892
-1.0558551347202303,0.354921293931858,-0.01840782556885114,-0.08682354188898549,-1.5023526405417647
1.442790487411551,1.5088785434668646,0.8083787800911911,0.6449558393902608,0.7019111786824754
0.7426419849139939,-0.7064910341818772,-0.003542042877664924,-0.14319491796409686,-0.13407626365182684
0.6684251631060926,0.3461697607950001,-0.3753462450122697,1.4725875358415152,0.12846575156294687
-0.6268043981928993,0.991830753478641,1.89397554977048,0.9132129806123966,1.8868362007827457
-0.3564558056536692,-0.9532670489347607,0.10135486028883457,-0.2777728328186671,-0.3558598555742113
2.0427845700500873,1.2691408831882487,1.9778554380463194,1.2243354481397875,1.0850677112466176
-0.47397223046509795,-0.487533729146129,-0.31862082653677226,-0.3052748812565373,-0.4281373582940247
0.09086454749259668,-0.29496941765036616,0.4685532645558578,-0.5058848156630533,-1.1918149427974778
0.15343933821779726,-0.4961628198861778,-0.08975412678199576,-0.4817290286061496,0.0603257655915999
-0.8326366806507907,-0.7692816133772168,-1.274700383816216,-0.4102004983651727,-0.3882092561661302
1.1969108628883656,-0.0790917988434652,1.4080175920964388,0.14983633289364695,1.2238596920794822
0.5490176741268966,0.8625734324568226,1.35036718854234,0.21950708877844438,1.9096503904047484
-0.11693788189075614,-0.19890394927109345,0.16174775709840364,-0.6425924426232029,-0.5301597952923652
1.2601148215876454,1.3716459991780874,0.5941295924062548,0.6822035945275132,1.1642066004571139
0.4271456889017653,-0.5065417615844368,0.002439508341260801,0.01777760084520066,-0.4263202037700996
-0.2699032390773267,-0.05562164818988029,-0.39189410972458993,-0.06348541957185683,-0.4623253365523165
-0.07039131797305039,1.5282484186285985,2.480418213263142,0.15776612144526084,1.1101617787762126
-0.8847621284393862,-0.9609686224729473,-1.682806667124232,-0.6934103383817335,0.07450571942195193
-0.1509097776132069,-0.11979255653309712,0.4269308806980867,-1.6027259266112757,-0.6683496766574809
-0.7147633746819607,-1.7026424999277117,0.33469704606563055,0.9028721023524149,0.11117580275808393
-0.19959250867779582,-0.28501497166145556,-0.4389665352115569,-0.4228881810297372,-0.6425783109593879
-0.4530216038523482,-0.36334564828180593,-0.4802724715752346,0.17765437796562816,-0.9282032816342924
1.350891355215516,1.0748223552006881,0.6725114581489529,1.5208488595876546,1.2136539000047117
0.005583134701895343,-0.5072904535127638,0.8593826765889433,1.1968652317189454,0.7977439714495301
0.6038616114787222,0.403237594316545,0.1997376528050361,0.9207394380088068,-1.2365072721540311
-0.11282480470193719,-0.052581661871794194,-0.4350424003712618,0.17098857655761104,0.918300804951015
0.4535080766913841,1.0233257407241916,0.9526608957157418,1.8761992229289821,2.3631894359267194
-1.081864924185832,-1.1880675785149457,-1.2648711033165627,-1.2602838750187675,-1.3271152499631076
1.6610912224839125,0.5105734517364149,-0.13676309647106866,0.21387073626427544,1.355986796086824
2.378846570383504,0.3079615980599664,1.633349013926408,0.8537765945701149,1.7726919070432225
0.8465615109661343,1.0723706777789774,0.8686453590666104,0.5541700932839577,0.7626060974692062
-0.44215190390421183,0.2634102085826961,-0.815293571230255,0.4107671470996813,-0.0726754817376778
0.4719597353504963,0.04138724001169631,-0.3064072659905246,0.05978409726197099,-0.4668593658544715
-1.524393074955258,-0.46317024281638963,-0.4933695730901895,-1.8654078042578652,-1.2329547248956891
-1.660926692143711,-0.3199051424832241,-1.006581162850809,-0.2765254649633577,0.34599914039414736
-0.747746688253484,-0.6913348963032894,-1.0826973783361125,-0.18842334678095404,-0.36094824590732133
1.6850770179620704,1.5801814019357927,0.9269961341589369,1.3122282894404933,1.967731736827423
0.09149587155458315,-0.23530679042675234,0.12083627612324438,-0.06423897934103887,0.5049979505276416
-1.0508937445868902,-0.57020153045,-1.558117610541818,-1.0903614460297921,-0.799273919738754
0.08931515179229593,0.33169760935091747,0.18768364566155957,1.1683851401603351,0.794156454998877
0.748706964928921,0.7184291327997565,0.3767007270249291,1.3036590836999176,1.3070118933755244
0.6419861849585102,-0.5874984711896216,-0.09971478194072614,-0.3694711223336588,1.0434861274419482
-2.0472428650633274,0.32624437863208394,0.2464107210246041,0.5493630012202992,0.1027561737856326
0.3466669498396254,-0.7171737874522846,0.1945125516421785,0.11185070523110852,-0.2046349583093438
-1.044346704118111,-0.8623379719824977,-0.5126152237724033,-1.614009166719706,-0.6719863199419467
-1.890512753636148,-1.0189142152709632,-1.4482534822664876,-0.33285800334953664,-0.9866884806779188
0.00572739427375622,0.11125413855600413,1.09942258049904,1.2337533731050823,-0.5538898157259723
0.24202865111221164,0.11788019831886888,-0.1639691580748692,-0.5428683983786577,-0.0990836783966338
-0.035044978409915856,-1.485114203410937,0.33453500878621545,0.2746205900355229,-0.67400961351636
0.1937892933353676,0.029975960632861134,-0.8654296888860434,-0.09556453525656862,-0.3059593036481879
3.0366403677169727,3.0053893033633705,2.5119277241495204,2.3810422505462467,2.57153761440932
0.6042830666943649,0.1507103363645586,1.4663257366886098,1.2481468564638987,0.3916228181488616
0.3513143644238568,0.3157925393983979,0.6034755311625707,0.03204533592369516,0.5035067369345094
1.175104855681279,-1.0499622034411082,-0.3841814158392625,-0.8628453184115141,-0.6648636499831837
-0.9681029769474476,-0.5928551344373323,-0.6220966007862493,-0.2225353927805287,-0.3835360634137589
-0.19413177294883924,-0.7097722034492473,1.0780749681500117,0.7791988899938055,0.4505224280011969
-0.19930440588757709,-0.2573611073392517,-1.0149494554117695,-0.8378404715968678,0.7848175648934156
0.27081789571227727,0.09292484471158152,1.4826756887352586,0.40601549207024673,0.3239437660281132
0.7735162142357732,1.6147277571757928,0.6855885422096211,0.4134907708384547,1.4686589513109611
0.09754729024638667,-1.0344163683962238,-0.8013892241852056,-1.0213255331998492,-0.7164536570735403
-1.0897904369064615,-0.8383861910783788,-1.4275994020803928,-1.0795577673246382,-0.8565522177764026
0.06081879926149898,1.460326771319915,1.6575494225381824,1.4891578505564957,1.5798165309914183
-2.356821427423563,-3.2927846868530666,-1.1716856203611448,-1.7673154114248555,-2.117333267204041
-0.2005256629953001,-0.029036877789437452,-0.895981170485599,-0.7243326165305715,-1.0996389700961655
-1.1183319615241099,-1.7815578106956302,-1.4703744998458739,0.18041833073136893,-0.5967779465817422
-0.30916362509618517,-0.5930585170499687,-0.3521079146451306,-1.0813309963716238,-0.2968765840870819
0.12860969508858497,0.021983450867275107,0.652021424800684,1.2470402656644257,2.0861403130830616
-0.6201141113819632,0.7045624455618754,-0.6471703690837031,0.17237121515173137,0.6406461246493117
-1.8559486822066926,-2.0383431594449424,-2.237953829993306,-1.2264450417761472,-2.4485105240832405
1.069390406864887,0.6492244118238174,0.5711828751195963,0.7980703373387942,0.8118665388628742
0.2760891667258073,-0.6966433181017263,-0.6263075303211865,0.38178489898598644,0.43192951798104395
-0.3564832143397837,-1.052122629626287,0.08347503657218974,0.8072597180896289,-0.9297152559369286
-0.5285233413631788,-0.21856639587940463,-0.5739261798174086,-0.8697098374424738,-1.242028380829793
0.05299980940998294,0.6758894171304012,1.194314712906041,1.0384774486816197,0.07197668417452599
-0.9899714440902849,-0.7439436344846994,-0.2223789879284891,-0.7374614469741169,-0.4262895427081226
0.1527974120671057,-0.22970004826520882,-0.2079291094775116,-0.038678502078499294,0.3196132152655397
-1.56153198941733,-0.9671015984622864,-0.18019909574687437,-1.1278371872366197,-1.2295929808810049
1.507069641025451,1.8636106272629949,1.5878674025629385,2.0421293154630984,2.211894762512441
-0.28809438812814964,0.48407309114069696,0.1522615619686088,0.3865064675407639,-0.2287631348952913
-0.08046839338580422,-1.2060730055796882,-1.2100781683392638,-0.13900711947179076,0.1815083972158538
2.097273143168494,1.5820341827917808,1.9395356097401086,1.9706005729260314,1.5801632557389758
-1.0592095989150419,-1.169969534898961,-0.5164143295205594,-0.7351662277529124,-0.6145070182705329
0.8544506882346251,-0.022514171809127063,0.1714484691054674,0.7999497273236752,-0.18046861291041233
1.0120788975953081,-1.0056386581738628,-0.10702953781323547,0.015594696646317964,0.9437666139979204
0.6250202221261015,-0.25767927685375935,0.6202586060141992,1.1641763546410144,0.5125319523115913
1.0013519823185286,0.1442748292234033,1.1556172203108463,1.392809321460447,0.3391185948557811
1.4084390871340038,1.2233121367559454,2.0142666436972974,0.08779550944016469,1.349604666007846
-2.7325911169578583,-1.9751772572942452,-2.3084069453076315,-2.164468853803972,-2.2023239631465996
-1.6062703430249545,-1.0613851580897067,-1.314501822342501,0.2619911708103482,-0.8553463122734277
0.0013231331545385198,0.8003843406578286,1.0595239242486851,1.5113713750997675,0.6296257010717474
1.0269039350152247,-0.20942815335294152,-0.20623778633505085,-0.21371709480186285,1.2286391362887663
-0.22644343023293012,-0.6106912918407512,-0.5433409652633259,0.18673816892729708,-0.11378506047819602
1.5486132059970985,0.7933771527577574,2.1616601616586832,-0.3229956289360335,0.8052448250262038
-1.7719894718525873,-2.042038693858609,-1.3894338224453568,-1.691312384900432,-2.1886292753146335
-0.5074899879852166,0.5706637919551435,-0.8701540311907496,-0.2894262391706648,0.2580830091355153
-1.0932227932295444,1.029707364562559,-0.47097829268856517,0.11870211216846949,-0.4453014997323437
-0.5412796437782086,0.20525045353907673,-0.1826590463623927,0.5716053361249251,-0.28756111708607857
1.0687883803104592,0.7792488295321367,1.2356533750200078,0.38785826297810405,0.7865259990593142
-0.9283387728036697,-0.24015963719513583,-1.052689275174673,0.10077678361411994,-0.27810950024090897
-0.2749231844922511,0.366283843126701,-0.0904437289199433,0.7165638044445043,-0.07096855072962281
0.649001278158982,-0.26660326254470046,-0.22629101161696827,-0.36317121087980503,-1.4196463159546777
1.6571112485939141,1.3616966397925392,1.2684726443926673,0.6039493572034851,1.1570506639089264
0.7234226465909246,-0.15438674384018616,0.465170636544316,1.0095913626784563,0.5208039926034798
-0.4906547833808349,-0.7067398780139349,-0.5614856838996427,-0.061537514575681594,0.2633708102560768
1.7512931642870178,1.7850548363858896,0.6355786498323754,1.9442979723422045,1.8234297684835188
0.4072486931027673,-0.6368725266029729,-0.8734563714809239,-1.4684266346800527,-0.283161390452941
-0.3792475141401969,-0.7717575571345002,0.20969563729311663,-1.8551035319738418,-1.1228496145600912
-0.7850733775803674,-0.5510685777029222,-1.288786626498344,-0.7650756041980704,-1.0431357101706236
-1.3230811771114122,-0.7825987590377382,0.10461083781969303,0.008578275602401446,-0.4148013443911885
-0.4284912233328532,-0.4058666732869162,0.1994655822670035,0.4347423484688102,0.3663834837349796
-1.011981163154735,-1.4185017436696432,-0.654509507574085,-0.07870787117659986,-0.3340781215877662
0.3192550022918674,-1.1522656069630217,-0.8800984494853286,-0.8582398940215883,-1.098773041478646
0.5855854217593383,-1.101323422835517,0.5085330690227556,1.0450925664242046,1.3344436733029832
-0.7495967268127076,0.3989044585202307,-1.0700665005570136,0.6034993435627821,0.7596436217581767
-0.385665438673028,-0.5629717396990013,0.7747099005802132,-0.2693640732493836,0.22673080655901406
-0.7253488916773828,-1.5002251544909568,-0.28498892323627156,-0.712950097693587,-1.1171939327025717
-0.5300054260944533,-0.3624762910337808,-0.49992446170688765,0.3582396459121732,0.046464295846547515
0.2109180643499586,0.48308559514124305,-0.02425711555586021,1.6004330605664843,1.3190380385037288
-0.35143948368117905,0.4086538842659489,0.4303973859467949,-0.5639415068268377,-1.01054539995622
-1.4825855133954104,-0.7441894994945025,-0.9575315550459313,-0.7970526765061486,-0.3957219197561451
-1.9897502501592936,-1.9765439416918191,-2.2748507244452583,-2.2457546015220253,-2.0420117193970593
0.24609374969498382,0.06419842068783581,0.7174444544980864,0.30980796849372294,-1.0265965874759904
-1.0854441411160645,-1.2225487524633627,-0.3577708030539021,-0.6952241409166112,-1.0784487945996701
0.800124366837594,-0.5186596402036945,1.3591102293313868,-0.3503308317117834,0.0016866797537808999
1.361379201239727,0.3341965934100118,0.11379566072671625,1.2042109022254806,-0.21488603519287272
0.16723216769559784,-0.26080895450007074,0.13045378008692213,-0.1422851288680187,-0.8300615757267761
-0.5670477323562381,-0.31771444917610636,-0.11785089496996433,-0.2846498612605749,-0.17502714768766436
-0.7779611681337341,-0.9450384385826472,-1.213209367787236,-1.5532273923212772,-1.4246870315200273
1.2078123969508188,0.8802545752047769,0.6990782622085738,0.5909675262814724,0.4096379417273843
-0.07913996561347743,0.4803590616721832,-0.4235132910345325,0.6274091038616216,-0.8772707494726375
-0.8318949606452324,-0.9299222705566594,-1.4142923873782507,-0.7284450381920526,-1.329744793763054
-2.1270192920404156,-1.3176808149122106,0.538601154128505,-0.9490831901576161,-0.6711913418214517
0.4704654370895819,0.7599638551538939,0.10267304099759467,-0.02679737866309521,-0.20791581529122968
1.6638360411259023,0.4662962815046579,1.4305738198150104,2.2436467045689095,1.8696691808289647
-0.9032887085454908,-1.1390904352316795,-1.2409546043239954,-1.069431912464074,-1.0801083162124667
-0.08250393145568054,-0.4282928664725786,-0.059700659665646146,0.8381829465194965,1.018460573377657
-0.4347980672395215,-0.705535886683487,-0.07439155513432821,-0.8674038336927833,-0.7760031756597413
-0.2825969345247946,0.7789227790641854,1.9710506488197546,0.49429825611074796,0.8179547788627712
-0.8212325933906188,-0.5442017602769241,-1.2978112993620148,-0.7238309662585192,0.24773774739599216
1.5541059792129504,0.6284875769048347,1.0793296533227634,1.6318997063048035,1.00196199004369
1.1372873178583542,1.4798238457519288,1.6156558200500888,1.5709786187305728,1.3480475509741314
0.15084233956017903,0.05327118592849089,-1.5094082820421795,-0.7511099125765036,-0.4743020123869624
-0.6688316979060157,-0.26899131292972633,0.195571231547457,-1.2628905589001125,0.06812096639151556
0.7953242198884557,0.2161397992537489,0.025766439494360825,0.7897451107108898,0.7066298074906021
0.38726106652318243,0.49927248783506323,0.4227158254381985,-0.008965671706301609,0.3673040811685349
-0.7829428822244009,-0.6572519446017303,-0.629333578778669,-0.06964349345124712,-0.46405339217674796
-1.1630773057202561,-1.148171536379773,-1.0675881683283748,-0.6814477455219794,-0.8869774630900756
-0.6241353129612021,-0.02536766076701931,0.5709296994213294,0.1147384020796241,-0.09290619519009376
-0.8818741601499133,-1.9584543875637914,-1.4239154120555875,-0.9582058057135743,-1.3606727856417764
-0.4131436152830886,-0.0834872935243045,-1.1368118570394437,-0.3711159882921521,-0.39253766813502455
-0.1637392629214528,-0.7117486101674203,-0.647407550347683,-0.16086636873430085,0.9127308352239332
-0.7788683514404452,-0.44506320287018386,-0.1695561447381058,-0.5758827273390236,-0.213873938333321
0.8458409598007757,1.9766205020735719,2.076748663996344,2.146220595598591,0.8149033013602488
-1.2761238060807996,-0.10879524049868221,-0.986594291220509,0.5817031400622669,0.08171902117967607
0.7774393404782876,0.5730372108601272,0.9015284933525963,1.0342273838103575,0.5838579766064487
-0.9120744522123823,-1.2230641288178303,-1.025132293288764,-0.678567241276389,-0.7946220533438586
0.9374766981746734,0.8103223805108176,0.016776011661425592,-0.6015991124921984,-0.9921308397395359
-0.9811446868882109,-0.1859012878893703,-0.488240632116435,-0.9058607898205703,-0.22170580124332304
1.0768663989374063,-0.7232051567946987,0.8800790744840902,0.45677337463523854,0.32796981247959855
-0.9306045680215106,-0.5656090384562084,-0.39579495633880557,-0.27518078826792436,-1.3012940095913121
0.15305346665644842,-1.3058182265978937,-0.5729704287057517,-1.0197240484916286,-0.3489877101650323
-0.382307346144564,0.761961639480988,-0.14589009991297064,0.8208736129204821,-0.156087558764132
0.5477051796406555,0.9320432319928199,-0.6973157976769304,0.9817791025474789,0.49061824156753747
-0.6081374147934703,-0.671205196175066,0.03980586410457165,0.3108860720549421,-1.6318259023608825
-0.7924640815006749,-0.7899440537671248,-0.5003677649757589,-0.8254029265601092,-0.3046315314540038
-1.1684692295099612,-1.6898396079358442,-2.809614239845775,-1.1367973835344583,-1.574212547280079
-0.17367768428903008,0.18157616824256284,0.6682373280391364,-0.6885174615686726,-0.26649992319476745
-0.6830456170207786,-0.8686691935188873,0.7635743465696325,-0.8486374779378469,0.11673800620180638
-0.30105116037897584,-1.0444040729701702,-1.5907832964936015,0.071644966649898,-0.0697496863409175
-0.9537765091662138,0.4682988117697926,-0.2159170221252475,-1.1550692422128876,-1.0953210500510318
-0.8118262516072576,-1.3032889448933458,-1.070827100016041,-0.552954693171906,-0.13054318217183725
1.5110884389747044,-0.5404094752235146,0.09816186041503235,1.3173785918667371,0.21630619123374545
0.7229867006951337,0.09559347974186157,-0.3734182639313037,0.49943460106104537,-0.48191625416960243
-0.28324280919059774,-0.38698349813010197,0.31451336628294807,0.15314202031673227,-0.19647100040786344
0.06403404605924547,-1.1831057157141498,-0.11888785358875957,-0.040390709819722544,-0.24753457817749286
-0.2060011481891648,0.42767977730665413,-1.3906645324218956,-0.19075081529706395,0.5426632341601771
0.7120542237621378,1.3098561101197466,0.3224253958283741,0.6308164085847882,1.1598904643641026
-1.677543005114084,-1.400618136124349,0.054361019640806175,-1.6080138847517695,-1.2470525249209017
1.6431893378804883,1.6435570508565158,1.9684217861914743,2.0761144028974763,1.534380061428032
-1.9787712874878065,-2.7454228976034085,-3.072463125601382,-1.6843104161279172,-1.33920646262417
1.2370105956486417,0.5445321413730322,-0.1657143153675192,0.6394489124054593,0.10587357423080274
0.02435376571837119,0.18679136883649963,-0.055902863919945735,-0.4212210060912412,1.0835752360342819
0.11121636103677973,-0.576753497438324,-1.3424991904250525,0.29288247491690367,0.04381182113073015
0.6915568489553113,0.5992494338408433,1.1576195401156575,0.5386762893215122,1.3644462000180033
2.0615833984628313,2.1917516880740964,1.8405361967941847,1.6374118133152942,1.9601250356756528
0.8048530228791256,0.9511123167819954,1.714519771086926,1.7128499877047825,2.184863363783883
-0.6294065520900552,0.37950084525911765,-0.3385164140427303,0.6214697379207121,-0.20999746544755643
0.1660484166252089,-0.009244387719771768,0.020237442999516485,1.3326380077892803,0.8767209332443796
-1.7283299749786443,-0.3969138532465122,-0.13728766982085558,-0.4835669297015023,-1.281257456193557
1.7309532314821652,1.8639643594851067,1.8053768310545464,1.9052964304303526,2.045915295516413
1.1771833700761707,1.3200643301351882,-0.05107566630122544,0.3274172870348824,0.4078538286150984
-1.065173181200168,-0.47883292286576146,-1.3428919044079743,-0.8410532074526218,-0.8258170168621219
0.07010932604203253,-0.2863997320344542,0.06525684364107372,0.3576105660585917,0.042944541899229076
-0.22650145931273738,-0.6498285625442135,0.3123104540281386,-0.5728243185651088,-0.21590502055389837
1.228708051607939,0.8944882686260318,2.10450133606126,0.5982895676604574,1.1158329934855877
0.20663897874212694,-0.3927768459305401,-1.4392766675476907,-0.8312147265589821,-0.3633365640433263
-1.2461514259224802,-1.0808798223256173,-0.04531854625385943,-0.688094458073343,-0.3934974284797584
0.11395933492594046,0.8133126288295546,-0.15313384152553047,-0.969510882754098,-0.8719746998795278
-0.8757982314818257,-0.2699361857644258,-1.88126426792884,-0.2700022266168401,-1.3658778903075186
1.2384413013747009,0.19517152281455194,0.3359524391595535,0.15867349519355858,0.247195060950155
-0.4457768536394919,-0.20858390707691965,-0.7270741664415658,0.21415886415833477,-0.7972578239062061
0.5185666337401428,1.00968653174847,-0.3970436299644342,0.12342405155555626,0.009568962214764195
1.5782711208343623,2.564141724383537,1.4805629052981484,1.381586339840698,0.7579433394325295
0.7584230841837604,-0.39864634205942895,-0.3569147597851108,0.44082790383715503,0.02869524896500713
-1.552525592521883,-0.27611415732755384,-0.40775267010670246,-0.013595424150039932,-0.8312280907717345
0.4979789486019324,0.8426305967741222,-0.4509467202191653,-1.0442110168015746,-0.26535282364117146
0.05576872797523797,-0.3259287600366074,-0.013673592057865678,-0.3370286626804416,-0.47365405008703765
1.6115369059502684,1.4053412574643667,1.5083637245957286,2.0585599863216855,2.4542441726651214
-0.17042646620823332,-0.09914856027640491,0.034085781647142786,1.2636683605936854,-0.16029854252382242
0.41195652427798846,0.8996402827994587,0.19595492513563015,-0.9868451473438646,0.2678926163551968
0.07018713362166258,-0.5265307991560401,0.7726170069412929,0.585734924393365,0.5178768532205459
0.09565955984731936,-0.17825166598091285,-0.9678024756165337,0.6842480433692847,-0.8957840986539716
-1.2457525167396866,-1.3408293035404368,-1.1515924682687262,-2.0955624936908284,-1.3110345956471592
0.08169064262976425,0.0774293083944426,0.20731633469000282,0.04545022792904771,0.15031119161249012
0.4024143459169173,1.1393593498946555,1.0673361046912535,1.2026357897784614,1.1115577969850774
1.1398262292566048,-0.30513069022383027,0.29830410863373946,-0.017039054599588998,-0.2571898416078085
1.0726462677803428,-0.4331241576855975,-0.4350818872652561,0.9225038632030569,1.158695177884868
1.4710210313300465,0.5983441028589311,1.2579883052277854,1.6021618325722398,2.8044025026140336
-0.800026033301939,-0.6769433189970151,-1.0200032073654888,-1.466112477027543,-1.3075686073115695
-1.1763529352686704,-1.5951453165123857,-1.2591480899033052,1.1893003222210168,-0.8473435652120977
-0.03611583540633742,-0.0751767022300415,-1.380178003765574,-0.5228849041042204,-0.4614452348552806
2.049183434440246,1.3414806142250637,1.7624725025964871,1.6941480793033967,1.7181186802084392
-1.114920334854175,-1.902177055262019,-0.8392269203487935,-1.9249124418119026,-1.3231703668292774
0.11496665758485415,-0.18726898050242863,-0.36430075972888054,0.37919321855351656,-1.0051845036850442
0.08590434296805488,-0.7465623388496103,0.6092393411591683,0.33546286862192964,0.006409416245307518
1.3854040518903217,-0.12080039875103003,1.0321922777301569,0.39460586130237363,0.36416178050584225
-0.23554765952945017,-0.9211491841069939,0.40973091424243085,-1.2326586725229367,-0.850897964304379
0.429196789002455,-1.0692812642344933,-0.16466943384182814,-1.9910311407344305,-0.9651799782700509
-0.7991312509934547,-0.7795920737997155,-0.8955448052461445,-0.2869758074008361,-1.2897776461238226
1.5051715425317556,0.07363229596237629,0.9438813901067968,0.5785900968267856,0.26481994691549093
2.240442381678047,2.0329402812161774,0.9715461403893597,2.5503982744116356,2.090638289124056
0.9102931660441498,2.541877084549473,2.249176518453893,1.6060379995510172,2.462210815114699
-0.2910500119133423,-0.6982743786568785,-0.0024254786917926835,0.5230987907307035,0.1583748963678727
-1.1037160272423923,-1.4300216077187817,-0.8345513698801313,-0.9512453285824004,0.6350389860261547
1.7813569868929495,0.21062752030894125,-0.16630940479940443,0.3029876939110059,-0.6291544740546269
0.32553067477729397,0.09547700112544802,-0.28799381350340114,-1.3391341730945714,-0.38180497031024857
-0.5271913695214606,-0.24521447649017578,-0.5488856763354748,0.4645243927964387,-0.749039311917951
-0.12190565734640556,-1.4085954346070337,-0.3633583032251625,-0.43502693093049405,0.10429420223161716
1.726739970848155,0.7738610262741767,0.13635339307250524,0.16813910351019193,-0.93926572354148
-0.6232596976121181,0.09317407145854667,0.013578240781495188,-0.4902975837547143,0.7827696519573268
1.0306579271482277,1.3547776793674282,1.1999770752869452,-0.6795857382460551,-0.44920208400808187
0.7139860371257412,0.28196048459915685,0.507965870435872,1.9337868586272704,1.4097877647135202
-0.9876881020788538,0.31681790629174916,0.5792111808951249,-0.2375499391648505,1.2152100751165624
-0.7169422332985204,-0.7626434498397753,-0.6116042655843414,-0.462659374279923,-0.3202197873355104
-0.8559513280055319,-1.0670812302646553,-1.4049490914463014,-1.4838341045373828,-0.5832497688836382
-0.6313101686613994,0.3591910348487528,0.222422792400514,0.2976321317641444,-0.07095916493688804
0.47119119986099434,1.1274509017137042,1.0668964134410075,0.6881644381941268,1.686086708358242
0.21578466272029384,0.16780832679529373,-0.5861787731963691,0.25602638723791704,0.7856742761032253
1.203891317178196,1.1650093420633527,1.0184975109238423,0.7610150249737101,0.807251757633212
2.5028398476857756,0.6442399163728929,1.5666591927173033,0.9884931719060851,1.389687918501579
-0.4760996675093805,-0.4134773720955741,-0.33493417890915383,0.6445961436487536,-0.2793410658751918
0.050045713489343994,-0.6642671977229697,0.5163922929546378,-0.5289006619539832,-0.9904842573396487
0.7578550123480375,0.40852950419984824,1.0996147127396274,0.0374551216113951,0.8881535754084151
0.020736863867213438,-0.6116361106633829,-0.5960436195949574,-1.262926186889803,0.597865724821612
1.7027362966238586,1.3624403093811959,-0.25924098057256834,0.3021924772591905,0.4243909443190951
1.1048851560137538,1.1973279627775681,0.6682171390635904,0.5253449868952673,0.691463515754134
1.1828700754684323,0.9422604072446853,0.9168694951995976,0.6744815755581578,-0.2823308503507845
0.16656612342199364,-0.8125029320521723,0.19753322739661577,-0.18904111400054313,-0.3369273821016221
0.8349126315198299,-0.6736089767302603,0.4192306543248821,0.1345798364679714,0.23618611158622133
-1.5255899035641223,-0.8788841695493839,-1.2128621900155057,-0.7093880379475113,-0.4400637694845831
-0.6299232093757545,-0.6166341134197042,-0.1764072960079544,-0.2519398508786065,-1.1615544158083735
-0.5738796352401682,0.06145630300216148,0.5882633110673502,0.3257529978354628,0.2292664581999246
0.20566392293720814,-0.04213657239591152,0.7498695166158286,1.011129155176737,-0.055088251941752195
-1.9178919679069477,-1.9044341544308938,-2.5694162743450266,-2.474775032902495,-1.1628765249535304
1.4861787502885058,1.0600363302785285,0.8288159554539577,1.3810338807281177,0.30754018636519825
1.6780708932293,1.2121519383713872,0.62256532601472,1.8278449686645926,0.3263538753172533
0.15946755934419232,0.14130709032491295,0.39901824467495334,0.38432555431275384,0.1819447828026622
-0.6175564141273349,-0.856625762865494,-1.2752551161181023,-1.1801128936078058,-0.7267348231136208
-0.07094222894039459,0.019034884284325405,0.15016248080836672,0.28563797260893425,0.38843634181827313
-1.4128902615062626,-1.0595284825651456,-1.0508097611381206,-1.4093424168580246,-1.171930567898102
-0.2623282049659507,0.3279693277451252,0.31082535738181477,-0.6134857770187956,-0.14275759503966587
-1.453828547910905,-1.3517128073559528,-1.0302656112932995,-0.877590729086322,-1.3390238761323683
1.4531384767444309,1.0557174778219234,0.42938041574778396,1.1220902679896017,2.0895304640974306
-0.051741654223923336,0.5787713861345573,0.760240785250821,-0.16239942868842522,0.284550200666303
-0.19119738169827635,1.2154136258863273,-0.493784425720721,0.4643440826587138,-0.13695543085087808
0.8281162082540557,1.7989470918153085,1.507075833871704,0.7108883223567002,0.948636904109053
1.1661095818783156,1.0867190829076323,1.1638768169727458,0.3257746309459963,0.06347050445925957
0.4472376614036233,0.4173424370649434,1.2135249518679398,0.4039859676470668,0.32995784971850567
0.8331125980933273,0.8910678947112456,0.8810113105990343,0.4665718092975479,-0.7100119610854017
0.4205779619512607,0.912261418096046,1.2008299685896553,1.3327260849752907,1.47122440519472
0.07501548178969042,-0.32207379949256926,-1.4018328673420808,-0.5761031542993331,-0.6801179873323229
1.1883104787452745,1.2292860565390242,0.6661095656671248,0.5217218732136526,1.6893788807245291
-1.2911654166383058,-0.8876847275937043,-0.9719800009240868,-0.9311022645611651,-1.0085517790795393
-0.5576756234459953,0.3629786400233451,-0.5765527029303714,-0.13636555491972938,-0.37602069341626004
-0.0822688790071911,-0.7288894166963806,-0.6261511266033912,-0.9243644302543101,-0.6211550519683509
0.7919570700469515,1.382166189672399,1.2634158663671455,0.4042289945404808,1.6613229733389818
1.049953593466674,0.25155924600303725,0.7423300273460796,0.9868867214831168,1.4832650266410006
0.94489650583804,0.6384163560152599,-0.07617858382870782,0.10860277117365588,1.629225356068749
0.05989945796305691,0.3755031018763888,0.40010948586021977,-1.2046719774482675,-0.1559814802737466
0.6145602561477387,-0.1701162213149547,-0.15787915370707928,-0.05522137921440054,0.9134795187175127
0.8265030852016149,0.013157768536972116,1.2953844853763838,0.5678657706270909,0.44266727492373287
0.35730545940506636,-1.0292317248010487,-1.5199933655125808,-1.2458843167592795,-0.2804823999657857
0.8210352791682968,-0.44668967202241244,0.8875405379120752,0.5435382622283222,0.5206454688766573
-0.049446323953303346,1.1617118081750133,0.5179929974520018,0.8581145238843334,1.5254530093124832
1.6602251651191204,0.7717876973701564,0.8281252590691766,0.658191558119012,0.5266716684362881
-0.02057724295534754,-0.7150068676918261,-0.03517335916723227,0.1496718526756465,-1.1289174820121415
0.043546980611974144,0.21502225140249046,0.7001723588782922,0.04650958944934522,0.378566748586956
-0.09451864648673874,-0.9833503935236318,-0.8540140724118324,-0.30788684280675205,-0.5727869036045905
-0.06472402942634806,0.44151977752009564,0.5094055155408241,-0.1419079473039091,-0.16558781549543602
-1.261625316979442,-2.23241521570073,-1.213833534948019,-1.1441284400793552,-1.1572680348045938
0.0773709924225998,-1.6176250149775786,0.41343895163461225,-0.7262938298790483,-0.547339308170054
0.3349745435112294,1.9402115787310847,0.8359302686963858,0.7846201324224661,0.8158532124600525
-0.42424359156960456,-1.1446458906024768,-0.24359830314559816,-1.129906933009134,-0.4743175836243696
0.273119016653585,0.8832497105588283,1.7034705814390059,0.9501333756216268,0.7493784430415952
-0.5630039000440271,0.4007731217104288,1.1790689287325482,0.829168832942746,-0.2602689116914356
-0.6031482124229068,0.08296497029428763,-1.0872659618261906,0.12832405019461723,-0.6850887859635885
0.1376702833874,0.2974437331387109,-0.6081703764490741,0.0626440879901574,-0.4223419127567278
-0.6138988990972182,-0.31700330459751613,0.5054877827273553,-1.7504452017851608,-0.4811279193284426
0.6533017465836485,1.2761667443033073,0.8937946957580337,0.7662419270386527,0.4390808409613464
-2.555314781136841,-1.4621014474523268,-2.5578311644854606,-1.976192672317402,-2.186423362494042
1.3504949017784604,1.5783635517991585,0.5056958689716035,1.2494432346004742,1.8499638952266502
-0.09968005210194107,0.3021906040464345,0.6420963404955872,-0.7851594849065878,-0.21046421878915164
-0.08873702152998818,-0.3503620903678574,-0.17727368403291585,-0.4799434415927973,0.6847067858335049
0.03171326018959819,-0.015852409684872424,0.2413811839028183,-0.5700430765156028,-0.2653495594948689
0.5124189636384162,-0.11448855925064302,-0.45647772096325284,-0.14571909690011547,0.6435700928146755
0.8434592206723859,-0.7692372321075849,1.014888993634863,0.41231293370331173,0.9459418639625474
1.0207583348156912,0.3419319441383654,0.13622542937649357,0.19525323019263519,-0.46111176561905964
0.9131960540904883,-0.42530542308179947,0.5812692600772785,-0.6908337000075215,0.12269516727000654
-1.5206745654860632,-0.6077208314025729,-1.221018874705597,-0.5690841419614137,-0.9972940062875268
0.5300144583597194,0.5282286531308511,0.87562792093145,0.5465481792615842,-0.7423438368413495
0.12278595371946568,0.4089692103871689,0.009151260714300733,1.0365288757860343,1.2001247196678397
0.327730315726579,0.6190334904797178,0.9356526514645044,0.3739671411936401,1.1247762627756028
-0.966114458267752,0.04078046692472616,-0.9785599039981908,-0.41373382937475656,0.1555756124341896
1.1432352123307647,0.13698499982647788,0.9213940612059922,1.1356617420259978,0.5241176297868485
-0.07883054694943153,0.8333363462647105,0.16524432136628991,0.25650744365025135,-1.0472767762627657
-0.03913277174339829,-0.29601585401473884,0.18902550437892673,-0.4825500088344862,-0.20179056232072293
-0.29630766839874334,1.1518092442488799,-0.4743013663072969,0.5925722444104017,0.7432905701992295
2.124021465845379,1.3877835386529764,0.6762999059913108,1.3281222462280267,1.0123405526789655
-1.0058596455201136,-0.15102174863130652,-0.05238722279677828,-0.1267416887604429,0.17754206877738815
1.3324403981344766,0.7248591781400954,0.16124441716116517,0.8249390401409689,0.6940665025442883
0.6832837287897487,0.8007104862121864,-0.5921864593846287,0.5619826694106226,0.9379231951478543
1.194207905439623,0.43310727097907825,-1.2975283627262262,0.7895532787209343,-0.11761594869300765
-0.8248000761748517,-0.7217788189027408,-0.09340485450966646,0.5505725655653725,-0.43864675866856445
0.48461879788783263,0.7930183750934382,1.182399279835655,-0.05953950461077874,1.041712346346544
3.5246749995802324,2.3223697500587783,2.0841651176111977,2.3554856884985247,2.022860589474358
1.1364449512375856,0.06862556102604397,0.7118795443917568,0.009742931592051831,0.9512791236301394
-0.36150183476469594,0.5539037949052084,0.1595816183934254,-0.5186313154497417,0.1738432810737761
0.7346757967107429,0.5376772411427352,1.8367987387631306,0.759424603698093,1.1587539539819185
1.1023000379773416,-0.154885143112386,1.2073106307199841,1.097778827004533,1.0201495912479999
1.0293424598579959,1.5582710611807051,1.1906591772524335,0.8693477599455243,1.3440734195089743
1.1687436019709834,1.461568328629499,2.0424841888132983,0.4521644204006889,0.9172787742362428
-0.5067114579947165,-0.9843230182465467,-1.5147785379000196,-0.5728662384526556,-1.5045918425698888
0.788395614634234,0.9542955198291956,0.16075523018612653,0.5913275189120982,1.1974476033139507
-1.2205744739185254,-0.9331002648331223,-2.301614680739707,-1.2516287727377133,-0.5861445789502724
1.466836609359605,0.953693355463773,1.87247882559967,0.34834326589212355,0.552540003273973
0.3901142296886528,0.9144804774885588,1.4523263869673622,0.35290790360943924,0.435116837555631
1.5292110334865987,0.4661631598623205,0.9444819550392399,0.7073601060288259,1.1062315840586048
-0.5639771124148423,-0.4119180957323033,-0.7773734228800818,0.09615016960262712,-0.6652010867878198
-0.3251965128353262,0.8672823110670957,0.45447889932208424,-1.473903691112305,1.1016855861368855
-1.144899358015805,-1.9639731462712406,-1.4726938514478303,-0.7732504224280361,-1.0140752381617242
-0.47311167776282403,-1.3694821977869283,-0.9406869100032283,0.30949562908948947,-0.26552769938463994
-0.8812164854506326,-0.23095650846212454,-0.4924075709200511,-0.33265762464192566,0.37682114890236074
-1.3985019357156763,-1.8300041164688072,-1.397607743816817,-1.384433881032843,-1.5977890538126271
-1.5423770176270426,-1.7383656761077044,-1.1520354329790141,-1.599924961682461,-0.7625595891223975
1.7544953144447648,2.0741665671835476,1.3065543307355358,1.5689179905473138,1.582114694290274
0.0018672492644757283,1.190760025247951,0.5795624262230987,1.1959495797204027,-0.15483300817648124
-0.7531088259255418,1.2706483548362255,-0.02422575065043489,0.12687664775810228,-0.17621826024367046
-1.3759219715007618,-0.7170946923559751,-0.8037265760448254,-0.5870459270988079,-2.2738169888402533
-1.4696218963861842,-2.076994935995846,-1.636662379556686,-0.9003678884404877,-1.930983151276576
0.6737402118803237,0.781050390191253,1.6939523349116878,0.5664921062213573,0.5788291879142153
0.9275854918415919,-0.1814970823114167,1.2611239534471739,-0.3174454499992425,1.7358878526757484
-0.7686256558814665,-0.8858294230721765,0.061755674844437954,-0.019797379874360355,-0.1891775483385363
0.5532183480149805,0.36373022433015556,0.4324538243076536,0.4867780778120727,1.1942705461401237
0.5673624050923827,-0.4642687344123069,-1.0409245231326354,0.846526374818103,-1.0385965993959188
-0.09662020795776054,-1.5615260169601446,-1.0385508610325882,-0.3030070634485188,-2.1828956670668793
-0.6022147101810192,-0.9531495159066725,-0.45364302316128935,-0.2763265558454581,-0.35171840566001994
1.939133023377757,1.0576068746409732,0.7127215650328613,1.0684420184390329,1.6677476581094628
2.256758924523349,2.2462749810723985,3.4908810400409327,1.884998404603346,1.9963033843228724
1.0758174164824346,0.5947036575979527,0.49329449438369716,0.24363661035615103,0.7123579588808392
-0.10224597319211458,-0.4420365023077082,-0.08425806989218687,-0.238200638537132,-0.011969285756591622
-0.3970356263355822,-0.26229497215692954,-1.0753202095967591,-0.7973894321469015,-0.7532513533389307
1.0386082533036654,2.0316041843647126,1.8691741373258406,-0.16129096310826826,1.1377359223451244
0.40525744124561486,0.16645266285475735,0.1279416964539779,0.6592136365285299,1.2623460443017638
0.9696495679987119,1.5851001283369393,1.3132862885905683,2.5680434257904166,1.2760777938759849
-1.5828780155103075,-2.963663658471969,-2.054478613300145,-1.7356157977993198,-1.7730726999643662
-1.0305071870042128,-0.6452225555457098,-1.6884636406351141,-0.959006627934801,-0.6344326505284742
0.04069330750607683,-0.39949892492244177,0.7259706655399141,-0.26440571778057437,0.5348401600393884
-1.157495212874027,-0.4121977011912838,-0.3758532684019639,-0.8235573833569194,-0.6843457341035257
-0.7642096496850768,-0.5479014585205682,0.7067701189233765,-0.22652037616236295,-0.1108500742348298
0.7302141714676718,0.778486594446683,0.6099913669261827,0.3248021524650353,0.9598805627212054
1.5146052228462759,0.7637936421990117,0.895640576715789,0.28288613171314814,0.33392860886236364
-0.08522244544589291,-0.5044820439091691,-1.1323124382739538,-0.709706327766052,-0.8725550447177559
0.2788230734761647,-0.24720080410009995,0.5687743583915428,1.2158923327966884,-0.03866630226623522
-0.5327438449326953,-0.31700171717977077,-0.1564897653799012,-0.695404274368285,-0.9184930022171759
-1.3729568734733462,-0.8513883451922717,-0.6692732797767875,-0.4469402107998201,-0.5317355921413885
0.8951887521751037,0.6231712835484207,0.39507795116270933,1.0645550019859178,0.3579979964557409
-0.1468402729740617,-1.2578759608156818,-0.9315412140593275,-0.3847279496902714,-0.5585888892852036
-0.3011457438352797,-1.0680183004910593,-1.7546287037760493,-1.3374084924729468,-1.9919868151599145
0.2948521346833991,0.5772356217402724,0.5590971524261398,-0.106498844372699,0.5391954817312689
-2.3594755886792074,-0.7284149425805159,-1.616355999385668,-1.3814853906030338,-1.723947892541448
0.8839059565154304,-0.07099450142508644,0.7959877411091353,0.5345497377596858,-0.32593516281166907
-1.150755845915285,0.2386769418759934,-0.7887704391358568,-0.7650910896382506,0.7646047708169887
-0.5254643777901892,-1.0212439897795094,-0.36002387844147576,-1.1811165870022915,-0.9000764843742494
0.9445917499569095,0.0769173440862153,1.166529935100562,1.5800349381461067,0.9251417263138038
-0.670381121056042,0.19967213308679607,0.5334814927996098,0.9724922744528861,-0.5796245942358735
0.008948534395634703,0.15633170371051927,-0.5952479477473482,-0.4121604193356595,0.2076741466545434
-1.438660677213289,-1.240352638676458,-0.9471894426965405,-2.348686259862998,-2.280239180029446
-0.41486237523364705,-0.31862455081918584,0.12641722875560335,-0.16201001881264532,0.6267229577084288
1.2670957270950203,1.4441449362191543,1.2252270684432984,0.3256542533496115,0.7089707659495562
0.23459058000923075,0.23303077751665624,0.592440862848415,-0.19708389304348725,-0.45704214312039654
-0.3109037973031467,-0.5537447324573685,0.0020119339412939105,-0.6302463501650843,0.2775688374679132
-0.6322638502500956,0.8735899215312036,-0.5556206583078666,-2.108630167281806,-0.06386573153023067
0.9958483214920354,-0.5571587132325841,-0.16176543218696185,1.0199327903428814,-1.1954959105070049
0.5351503216994152,0.8356353135662313,1.8273137007775444,0.31664366043176906,1.127785747451335
-1.1232467012948069,-0.26530096611140125,0.06804825751221852,-0.8835904722354128,0.10239410743943496
1.0612163496734577,1.687079179290034,0.9394451392669725,1.212988347955652,0.5102325300150586
0.11679641272076835,0.3157344709390909,0.7866235822990787,0.30215380960902394,0.639916573839623
-0.5062845788232345,-0.7678298305396363,-0.9281597317093192,-0.871072160167927,-0.7289074862957923
-0.9350960044892392,-0.26524105692827493,-0.5418677422788982,-0.9750268915993651,-0.9457505165249674
1.0236514371334735,0.2239226492258866,0.31250568830844677,-0.28497092304494603,-0.7635949004636555
-1.7618808696635992,-2.411631731046999,-1.4199168752228863,-2.9130205672833216,-2.4850935528524785
1.534833917199316,1.9449324604320766,2.3292171226283975,3.197979587991204,2.3045659080225165
0.1368464757075756,-0.2517039830206937,-0.22028137124973426,0.49908019108284263,0.9261351661691949
-1.8623767519259724,-0.9912117115261794,-0.6405021605050601,-1.2789755773068898,-1.0793374361922052
0.7748933244787398,1.3035361486009258,0.620439893785065,1.1631997685808273,0.3278669270736093
-0.10325024199352917,0.011499146511873254,-1.4502345952876403,-1.5614805046814753,-1.2713757707653301
-1.0526572332909052,-0.17863877088503877,-0.41032314723220303,0.9265076176259932,0.24990684415754114
0.566917152167887,-0.4555485622350127,-0.03805760999677687,0.8672825298073664,-0.08495638217914424
1.030463117654635,0.591264452679816,0.19891511874084358,0.34210293995440355,0.16679241104871248
-0.5786522066491354,0.33058709406079223,0.39047356977348374,1.012050391039351,0.30606833913823434
-0.3585924415857523,0.023233268707418493,0.6471224277848102,-0.05963626765326709,-0.05974725595557811
-0.4616427402905599,-0.045760832160354155,-0.13494751433695473,-0.5289166153418194,0.36501740185955933
-0.0368968065909661,-0.32516501920158436,-0.1738222562979682,-0.3724858126986472,-0.05487871618279052
-0.1474176013324555,1.685827505334574,0.5665101870872143,0.7052213960356087,-0.0329775141964179
0.15919591624778826,0.6230442891637578,1.0513301406056244,-0.2836397647737469,0.6251975738583516
0.5591317784919407,0.03575871356964507,0.5170145411091567,-0.26438202217381945,0.7674412163368992
-0.6078231765260512,-1.16459058194115,-1.8400254453021172,-1.69410663758529,-1.2716484871486324
-0.08964308365971864,0.5070374916252451,0.8216725302734161,0.3013025470860102,0.5285332443805573
0.9182334061907363,0.44499414435568396,0.39018899956197634,0.6256609244702617,0.8418727295512559
-0.8618678583673325,0.39419282813057666,-0.6543144422548605,-0.45905247733595506,0.6023382832835921
-0.10930283340863824,-0.920138376349232,-0.5078811193694543,0.26885017699190056,-0.2703157606918238
-0.3640657787145152,-1.3708178541161529,-0.8425743773898904,-1.2173288224311314,-0.6683575785613233
1.5692378230921353,0.7882560005196173,1.079365503628947,0.39066331848222974,1.226371332250167
1.3891935176498842,1.5474688281948297,1.6958483390303654,1.0161716187125158,0.6949773329494521
1.1828732915130016,0.11303291743161997,0.17131647241169495,0.02367532135382485,0.6506875824991739
-0.5659088218609569,-1.3189890970275795,-1.8419441732372839,-1.5104799009403818,-1.5470293739126177
0.6221047421555439,0.5997514986584468,0.5960852705493092,0.018900449163077954,0.17866856041608278
-0.3328915271538512,0.49220131853842597,0.39169456248067813,-1.0277093531325963,0.8696013597237513
0.2652043322083226,1.5445304154270934,1.15072996119102,0.3225965110873451,0.9402102458808546
-0.9604819411679633,0.4219327036379736,-0.34180412113611325,-0.29753819833885387,-0.5775986077637459
-0.1375806037357583,1.1495423053731293,1.5328899525523643,1.5507644885705945,0.6722583218215745
0.3692895594888725,2.2853109441830814,1.0597965891078995,1.4613554263903135,0.9304107586576554
1.5779768217638366,0.6073480009757634,1.1024483652677768,0.8609001281558928,1.199099130621326
0.6880847219041722,-0.6994382373371452,0.08669901865804824,-0.038471934919307615,-0.3829774109087556
0.5207671725795514,0.2850797999308644,1.0862662282984774,1.4213642975229253,1.2814290103289756
0.04962246969866108,-0.3300762765739394,0.15804069857289268,0.24227955667753998,-0.4166114300762594
0.6747113031328588,-1.2426127219408223,-0.4075585491879033,-0.6696812976961043,-0.18179616197422724
1.0509035620864744,1.0264430104395892,0.8868835190035956,1.2442265419419742,1.3263264278456912
-2.233600542029111,-1.3803692735735482,-0.9911394242294713,-1.3999813397332492,-2.3023651257374067
-1.4522153870809682,-0.76814694653062,-1.1394155780244715,-1.2612666114995805,-0.3335636912523971
-0.47701607562217707,0.21315958419783798,-0.19694694756234532,0.8706971399695651,0.027447251165407978
0.5834054608844964,0.9682090554634052,1.2218057398761695,1.0538281663807494,1.3236937488128149
-0.8262868192990107,-1.5334484312044192,-0.3817473168115234,-1.0079773881320906,-1.576729319762941
-0.24301343904659267,0.2046649152825767,0.6664593030095662,0.8273672099209043,-1.0289532206350278
0.08888805886265637,-0.1744765439648577,-0.02008767073674398,-0.016700154956737538,0.5153106241436024
-0.7017510942957382,-1.3893408031173062,-0.9660789861432743,-0.527623112904807,0.38710349907603286
-0.018689983615035616,-0.5421979592385268,0.25764341410154773,0.11571505190201678,-0.40221035756538576
-0.7483378796845342,0.06048032249532232,-0.8867063932129786,-0.864042074841382,-1.5528529137263813
0.537648262612065,0.3593089905057455,1.5032920441870854,0.37883890492646516,-0.28095217610881584
0.532978709331718,0.5871913832667323,1.764237232164195,-0.3928735121106737,0.9007584529394885
-0.34368430049597193,-1.0107279415079906,0.771485603648428,0.21267111159304028,0.8160929913027845
-0.5931748965042287,-0.09200538232326538,1.3625502438043058,-0.8188032011622431,-0.4370554173588781
1.5981780514207844,1.2937982622750883,0.5332296357648711,0.2575184576324317,-0.1588884550702176
-0.5268054441093952,-0.533787429831866,-0.3430185859420678,-1.4816373920751287,-1.1372501023454933
0.7007169965274556,0.3647506660128398,-0.2005854698438984,-1.1107544448588804,-0.5857070426976262
0.7271458947105105,1.6955774575381761,2.1583514988041728,2.3409306260812537,1.2103941024621079
-0.5627178107753321,-0.8225723317788439,-0.14754035033243215,1.0276614600927,-0.6661711161454348
0.4629906214905647,0.5328464135778885,0.07362894635715003,1.144983136949939,0.7687793014867428
-0.5501678541236941,-1.48283564062043,-1.4342133192449589,-1.3587472139746388,-0.628837145654595
-0.3432415122292937,0.9567810727409253,0.8563017918566349,0.4967913078566389,0.42095699829403854
-0.7638119008875327,-0.541014904035321,-0.9055193557135172,0.21291937568301983,-0.5766251044950083
-1.6295196785289434,-0.764290733611973,-0.7395374469837711,-1.115738420900096,-0.5549639164193202
1.9994772447248095,1.1140215239101565,0.9228969575646832,-0.520560529910189,0.6419302937339467
-1.8814624498175059,-1.7278338549470198,-0.862141119936384,-2.1755057171100662,-1.689898786932379
0.3152047069168765,0.07739902186730223,-0.009957327263794606,-0.13017011760560449,-0.42053819431565936
1.8762954590481358,0.6832315231185702,0.3866356655990454,1.5673807905035906,1.1826109143336407
-0.2651234107657129,0.2035106144652979,-0.6009868246040103,-0.9464979334262039,-0.725516650212052
0.4257372464065556,-0.3140940622741682,0.3174953764520078,-0.046168199073200265,0.06866238736706921
0.0027694113848414385,-1.2022264643287122,-2.119364696846489,-1.3319281557943417,-1.35757032954243
0.20523176069476454,1.0718027062516098,1.5446858442265894,1.552389964130294,0.8186910731098296
0.604681391281016,0.23031466790808863,0.900967648205319,0.7674415541237438,0.901252023538822
0.1744966941799727,1.3874830592275287,1.0661036713699683,1.186494971073257,0.4682543665026955
0.5451842006426273,0.9568321564986264,1.3602482377652498,0.23114751984906481,0.6330106542070805
-0.2829836715246022,-0.5476302149698802,-0.2962343810802768,-0.628986522390039,-0.4187835278859502
-1.0241389168329857,0.687846510245508,-0.4344764671072444,0.39709002838106006,-0.6105676228890112
0.5167393427216048,0.08531066266971848,-0.2186619577914235,0.640585772065007,-0.40438379615939596
-0.16987739192270299,-0.2932085545153919,-0.5956042154019895,-0.5732971997833795,-0.06303514423625915
-0.41324108032464923,-0.6656997734151583,0.025805872237347278,0.23703331968563326,0.9972671497780335
0.7422451919361509,0.744133365268204,1.481910068147622,1.4250460216505076,0.8197216787451298
3.0605685545377055,3.442069411167656,3.5838973602682507,3.5288762393706974,2.9463708944907228
-0.06723794164496402,1.5032065460369664,0.4749712065170583,1.278897518039175,0.9254413933155555
-0.19754289511823753,0.9241029002747104,-0.45729989384856023,-0.11997255885916266,0.8323140294398611
0.16240362144106898,-0.3641896183752303,0.4827524598516145,0.0995592170788038,0.5918128210415765
0.3196068963375572,0.7763641211356628,0.5407728189103818,-0.048018290551267544,-0.35235117614356704
-0.10699676813893187,-0.6223994364188628,0.031780446999356005,0.2844761962166756,0.03937643189010742
0.14523090284968196,0.257790377125318,-0.5887044574645169,-0.4470708573772409,-1.0482758102546674
1.1187142497280316,0.06908104009470249,1.5059223748131298,-0.5678647516909451,1.351590058008532
0.8186457673120298,-0.1863427696717507,-0.24490743756606123,-0.2313365254643757,1.1750338860559617
0.3931720291659437,0.1042015729495483,0.6847710109723391,0.6382934882656629,0.7986238897902712
0.6097934133059237,1.5121395411022347,0.903652985356738,1.18045284550691,0.9029280084639445
-2.784045361691442,-0.9178137088696681,-1.4755324633700813,-1.600647866909911,-1.3579481503028825
-0.3077053188628905,-1.0105777590523464,0.4014107002412005,0.8269901605721789,-0.12947186600027438
-0.39334140898945846,0.4344375555745695,-1.063633186851224,0.16439872600911026,-0.8033736559503462
0.5190031184692591,0.03854006127196321,0.27576834673947725,-0.7860313540684676,1.1120589855274017
2.313628785069214,1.5677735216854543,2.25530333376571,2.0359471335683037,2.1638666352637244
-0.14826573263613663,0.9779454667695767,0.17004197535383828,-0.6365385502622065,-0.4864067687009685
0.4871013437681241,-0.15900184304849252,-0.06589222046920382,-0.8331881344122689,-0.4475842750218639
-0.9241851848507673,-0.6377703158471256,-0.563632773450033,-0.2242575918341301,-0.5336391344563034
0.8362971361431899,1.4224165500256118,1.5202259647568195,0.18248582195358581,1.5276478393938027
0.5804832393825315,0.09436091928385053,2.2707600767196663,0.7774590873148782,1.252095741382195
1.1952328018010177,0.23633323693895136,0.9591075125850983,1.5301894729344268,0.7797327896718524
-0.7371272169021622,-0.7619378302645722,-1.3755522615051128,-2.187640195181441,-1.3182879713382556
-1.0987316786817865,-1.005171793870039,-1.3377160552340852,-1.2602337952477864,-1.0369778256299742
1.361541894038628,0.1457906478976936,0.7026882360371141,0.6538658970996747,0.8336725886369207
-1.9797153365469704,-2.1099848925209055,-1.7829617636296518,-0.9789068401252803,-1.0525348577763842
-0.11438835307646311,0.8103223701611052,-0.6153256866515282,0.927731931624298,1.3159480268471777
0.4092639846986183,-0.04911068485382711,0.7460383224230424,0.45465480151012266,0.939868758920898
1.467361478505352,1.4284767047389515,2.0250368066287585,-0.12477028374915837,0.6069405006608452
0.3041784814803199,0.8945123812431504,0.15119701400434185,1.033177663616415,1.68560170447003
0.2391991718543762,0.38969634812202797,0.896331989776531,-0.04706689005363233,0.4786928462612053
-1.8830369381444927,-2.1941041418112994,-2.829140544168508,-1.6996996582667976,-1.3446693042660331
0.09068747295927868,-0.6977874437972131,1.234664018365316,-0.6126859778158477,0.14166288824891968
-0.8255234069536046,-0.09941651356216444,-1.4498563438061869,-1.476157221036607,-0.21381859948980256
-2.6870733189204166,-2.4203705037945116,-2.0106645790278526,-1.9981950093514564,-2.085953538726983
0.27401089977647436,0.25480258251983845,0.7764496220089435,1.0271933063157905,0.6834178471890279
-0.3236527993786014,1.9543208484771484,0.7012946857724273,0.010210044378887768,-0.056335620092041114
0.005993489955217489,-0.6233710641938822,-0.7887454055281937,-1.4553633997936777,-1.1270986387927362
-0.619505409831211,-0.8158882361976622,-0.09087543869092862,0.03507094167888537,-0.8736697525001421
-0.47968647203712805,-1.053023994724975,0.2632130932064307,-0.6768371948587274,-0.46670964874175075
0.09709970040464636,0.9651646778162449,0.5182295837586809,0.3149288485233449,0.011694108442193594
-3.030608981659421,-1.7758821350334144,-2.156612393340425,-2.182814028486772,-2.456691578585017
-0.33667618955536915,0.09223699139048518,0.9671375838101596,-0.42984748996212013,-0.5636075993375671
-0.0071812686415737665,-1.370121729153323,-1.089696486742116,-2.1208439604768947,-0.46358166374757726
-0.4041775374857887,-0.9536580436538423,0.6458012886254992,0.6753548201892147,-0.08846603688365735
1.57491669277181,0.5938104574301865,1.7680944657413111,1.2302339981501949,1.334992388730497
1.0341998112742117,1.0986292709137073,0.5446104992215568,2.239737599880306,0.9517964818682197
-1.2857720374174044,-0.25151537531137724,-1.1070784019521864,-0.8292819770363746,-0.4517641177875118
0.7726259038439984,-0.6308447475668044,0.5238353235649744,0.3947479246285417,0.47791999873968505
0.5023928657352489,2.0823062463127537,0.4661245789698839,0.27257052508980295,0.9953192125871514
0.7604247963790391,0.23325397079611598,0.19098138375278434,0.356379753879032,0.6060522127564522
-0.25496027726451087,-0.025688792287351978,1.3027337482631087,-0.4306841870097987,0.478885001646538
-1.1098562940511612,-0.8302552567481656,-1.286520209913326,-1.2539839175320824,-0.9881012423151054
-0.05294368178407998,0.32402370646819073,1.4332541533560805,0.39931238282525394,0.0535822903269636
-0.390175565582753,0.04590800870474551,0.10635492642740223,-0.3370431619341944,0.6061360147556112
-0.962915558585646,-0.5540679607528279,-0.5823245114730172,0.4401872126290308,0.4479782351369005
0.3094973876543638,0.4674436030319998,0.7716261760536206,0.3596567718047752,-1.1357720250159817
0.1277463729973609,0.35269406711194407,0.4160644134239175,1.020798474008836,0.6663436812006991
0.5924467123029852,-0.978421287380525,0.5963026015540908,0.29631458376981085,0.8087222089154811
-1.1905766563429458,-2.2593536099968885,-1.3288744134876218,-1.928212596450237,-1.1396713260247562
0.01831807581239967,1.2183375653075743,-0.311514541135072,-0.5288606449210331,-0.5307421338894316
0.9201285431910805,0.9905054112487429,-0.6244110784804191,0.14746658275241212,1.1486491972962312
0.29585845975740727,-1.108302186848213,-0.42047719807214623,-0.056653527472785105,0.6271199061948086
1.8402097422459576,1.0905022544897471,2.3702605509364028,1.433973313489852,1.0165962564383946
0.9491974851770065,-0.40087896474216844,0.1688825240950022,0.07624294257715586,0.8406016453688157
0.003313505396976285,-0.9955186686121774,-0.29219270903004535,-0.4308725515156136,-0.02316569863545266
-1.4505490351441248,0.010994091489462106,-1.6227844024257838,-0.20685230183682796,-1.0831784808685614
-0.4758998713567955,-0.6064851852657821,-0.08123703033046295,-1.1001131568465243,-1.329501428489873
0.13256781053431121,0.44308000812017045,1.1284708385379751,0.3451954147954817,-0.46017435365508264
-0.7719771025020261,-1.793159169162199,-1.5417622538283529,-2.522813536465586,-1.6110546561422219
-1.2431140738473874,-0.42153690256342413,-0.7364306359431192,0.08565000092200405,0.4956500093212329
0.7196297421851597,1.4587004842100129,1.2971395247892803,0.5939197965975318,0.5767599554670644
0.7238362608854286,0.7508979202076298,0.37069965927756293,1.287751438049804,0.5807428592963888
1.159661286309234,-0.5539710919176679,0.5669186365374171,0.3608291039953895,0.9389430061148905
0.47886060013671317,0.0796005796487749,1.379900896317586,0.04532890780124578,0.08567740060412338
1.474249287141572,1.2865211187123737,1.38952018323002,1.8361520863656964,1.708119126039383
-1.704030991209279,-0.582086208206096,-1.5546537974366899,-0.8438171058984554,-2.470377246128139
1.3523931079669764,1.3924974381090571,1.0363612937163655,1.5118851359160526,1.4881918351545256
0.33885873953094836,-0.013493601894195595,-0.21727395301619382,-0.5238117022553731,-0.6342455280602417
0.44684911739505856,-0.729315442368601,-0.8109482189267435,-0.37808658545274865,0.40366502014388855
0.07621371017726697,-0.8492099191809417,-0.48592902725350506,-0.8642178435133723,-0.9951394406191199
-0.5486640554834445,-0.8108414077274283,-1.1588482324797584,-1.147280767021611,-0.8116305807754722
-1.082953886406091,0.09536441637378756,-0.8937291782092802,-0.3266423727067215,-1.097829675571182
1.3366532505969935,0.5286383773364498,0.13266247037407639,1.281021294765509,1.0665863590872888
0.26398919173555113,-0.3553357816532979,0.08511193765108331,0.4951357399724871,-0.1536831774160511
0.6585797638871598,0.5707815954887838,1.1698639702572529,0.07518649540663822,0.4581705804413058
1.5231314761816708,1.253148625945605,2.049336445121467,1.4487553402473914,2.366540086373276
-0.41981447091483426,-0.643107882685126,-0.9610082287472902,-0.015923515948719127,-0.32604236606578846
1.2393510512337773,1.273804735943602,1.2669425195023254,0.9117047540520572,0.778793647864605
0.4301303989196635,0.8729925161030251,1.2915353928245763,0.8207965112743433,1.3663705731421663
1.4962978108280691,1.1845428164081826,1.8665360038467025,0.4903411254245545,1.503842329019681
-0.4215829265249661,-0.8895662167228973,1.0167745813317939,-1.4625327998618867,0.40185444107416046
0.546559003279274,0.35043100358620893,1.0540714383725716,1.0466059208368244,1.2732436046670876
0.04569840929778013,-1.0035055737200231,-1.1903635729700843,-0.8975498101892244,-1.4417055895775728
-1.0073741379989491,-0.17790429476608113,-0.7135574331566326,-0.08096312919508176,-0.8762216596107029
-0.24658895180630505,-0.7256556547630616,-0.6042133782874123,-0.2758094299101867,-0.37015574291234826
0.4382384157195183,-1.181099316925065,0.1541332113929724,0.600370750383925,-0.08808680072168706
1.6319728601913752,0.9978074953977486,0.6957425431384161,0.4084482934116437,1.4730044085335419
0.40619485269011013,-0.4991057393524341,-0.2527152545850135,0.23665070622400042,-0.2077425640804175
-0.07935848710960283,0.5409342916185182,0.12914456641735197,0.689677220167645,0.12714229337307287
-0.31120854728538283,-1.2113373221071215,-0.09683124539481124,-0.3959625413717042,-0.5701640441137521
0.2195153106182998,0.2695270815113385,-0.3302644997456879,-0.05411751673607081,-0.5663678923440666
1.7002764956160572,1.0571276970897152,0.4493706743623468,0.8233455325965876,2.088920521597864
0.19659139167171638,0.09565698859425871,-0.219309530693111,0.21129978921042492,0.8514289152221479
-0.49957490280230493,-0.9088314998383222,0.6853982643615276,0.8482670842500718,0.2464830546357863
-0.22971218343773195,-0.4885225986794712,-0.9256310032329155,-0.10585405775408982,0.381111192210573
-1.2149682336099163,-0.2639375015119395,-0.5533594974828725,0.5634295245646826,-0.01802639118029225
-2.6843427374719666,-1.200825249151993,-1.3298094421761917,-1.4047814676700365,-0.815942236516461
1.5266465611385827,1.4436110523240826,1.3080270457228467,2.902704398224431,1.5387769016004442
-0.6698011602737719,-1.8417884557159376,-1.0286793237921241,-1.384429618687735,-2.071387009394958
0.11366469720760157,-0.21872082026340764,-0.1702530159772433,-0.5913944484943071,-0.952321753908835
-0.9392085101671966,0.37998268622084674,-1.1220105191700658,-0.2629714256599988,0.3528283060661673
0.3306715365714828,1.5358515034316407,0.21758833718013756,0.4514982350987129,1.481004346600783
-0.1678031215359112,-1.211870233888052,0.5761466988759165,0.5975925483066973,-0.8900843518058943
0.26923007699485096,-1.02150596869548,-0.8712967609819807,-0.9484641787344099,-0.6814873300590127
1.513913405062141,1.7805218207652376,0.7376839661389021,0.2528390580955671,0.7482895991289217
-0.41701457621600185,-0.027142426894596318,-0.47158720830417566,-0.8962101037322864,-0.6422909298231501
-0.6639430077254154,0.21426717318633862,-0.8529492798184303,0.15865476913637155,-0.4827887812515104
1.0643046569481218,-1.0802527701996107,-0.3107257318701325,0.3342510387944249,0.04792557323032413
-0.456247179793951,-0.630068341073955,-0.7678410830868746,-1.467267745417926,-0.8225397685849978
2.367019515125463,2.122194982069834,-0.1720961095941565,0.11412937170153903,0.8862134376896683
1.3872584290896324,0.6504251465244739,1.5395298643385533,1.3810600223265659,0.9928341312923542
-2.2411325858207163,-1.2982586874416613,-1.3632000082606308,-1.4839096861873873,-1.4352413563138777
-1.0799129638019864,-1.1986361138364003,-0.7124887561169726,-0.5074714171463007,-1.6897819561716958
-1.3033181875331659,-0.10618554577053431,0.6195030631090493,0.5385871504903944,-0.4775488579999183
0.22078616424888742,0.5332199559284299,-0.22217047424689865,-0.6481459201880948,0.5240774780794345
1.0289242858733512,0.17415635655189118,-0.042236605840146886,0.24974353288257875,0.46908577054088874
-0.9418577393198571,-0.5675537196775493,-0.3365307157585825,-0.9157130394935304,-0.9179619703034814
-0.5317297880624936,-0.9024379936745474,-0.5817229611072444,-0.5592199382989315,0.007956104486857156
0.47811244603073594,-1.1751298686821758,-0.8263682738013681,-0.679056245551517,-0.09746462664104798
-2.397778508257088,-1.4094441492164667,-2.0093647911293617,-1.4274074635401577,-1.8689833395141109
-0.5793332170975948,0.2745957000935843,-0.6685827666542136,-0.46243464444473903,-0.44879551587326655
1.4945244704703187,-0.75424225661784,0.9342310353930772,0.25055192109652574,0.40687941247767395
-0.9747274813204228,0.08671644706735869,-0.4002140219439976,-0.03546199611761641,-1.5256199718655612
1.0785403190847993,1.0094343623621316,-0.4941154127396183,-0.1479644054615002,0.5413679636666187
-0.6429974243111516,0.1882936875352874,-0.11534217544031596,0.2884449708854985,-0.014320066843248144
-0.40476381072829337,-0.8984448103058266,0.2036231703380751,0.5373223373974174,0.6558219842962175
0.4432790513789014,0.43398283923816766,0.01969472014999577,0.1947453053359122,0.5808657462510312
-1.0864803838122659,-1.4553606735666234,-1.4742473232352138,-1.07548237083548,-1.086627693060018
-0.23898739876056513,0.9441183625704885,0.6562411637666902,-0.38727166705468674,0.14255652768749993
-1.4379778021495315,-0.4127540580903869,-1.093131306934522,0.17821801651318067,-0.6697989817575869
0.5112461998238333,0.22870749220363196,-0.18763509747827736,-0.7357532150908858,-0.1825192586580115
-0.3133454716411757,-0.24854316162128975,-1.754029949014852,-0.01492272396840348,-0.5197377977951202
0.9182099621050929,0.9912179740362448,1.2630074519829295,0.256395550288966,0.9944734713782278
0.04885719474784061,-0.6877446531177389,0.6258689995930761,-0.4145897721536577,-0.7519150636442079
-1.7535001645196973,-2.0988688936013173,-2.104486326738089,-2.1708063721051944,-2.049927647856082
1.1552476093253152,0.7019186180478738,2.2331199842888907,1.339354808594725,2.247761324264378
1.6508078000352169,1.6694788524661137,0.9777394033754905,1.536138809005189,1.4313544659333852
-1.7012224147791086,-0.29111355802215616,-0.2149231893422774,-0.934785825905861,-0.5469362330861733
-0.4423210128192351,-0.309592292351687,-0.6523381302664325,-1.1605463573934023,-0.4104395425908902
-0.22053305160406933,-0.718374983770431,-1.657125595222445,-0.6579992627185792,-0.49051710595223685
0.37964774726350015,0.4277693718000444,0.5379496429271916,-0.11352475915361662,0.13475567913630263
-0.41906659702230553,-0.9041854381910763,-0.798926424954363,-1.5125200207229317,-0.9904084029611869
1.4242667153006492,1.5434377730248403,1.1671601834751444,1.089269184451565,1.8067564322063734
-0.009936788260035913,0.03786646367197684,0.8545533808596373,0.061992354974357,-0.6095940856571997
0.21645172297200727,-0.7806965612661136,-0.2531425746065377,0.30535645107203635,0.8853592245861623
-0.18519842253948338,-0.13852508896244645,0.4226673799067465,0.2838600627096699,-0.6558863291318939
-1.5550287089699895,-0.9022549423189987,-1.5342851515688019,-1.6418936807672355,-2.128992466730845
-0.2508655765788006,0.6327515743027583,0.40773775924596617,-0.8473243666591723,0.43119759164678767
0.24695855887088425,-1.1587713962808344,-0.5958588139689446,-0.316478785789153,-0.6405607007109306
-2.1235859487007467,-1.7412610625213345,-2.5174868577608955,-1.8169766866326083,-1.0817667458210902
-0.8639596999223956,-0.5435810144413364,-1.4186584792306347,-1.7251608448864681,-1.0535650373941408
-0.10898977678845011,-0.44314931306859784,-0.2834473616269494,-0.05183526159732708,-0.40237792212631096
0.7246180879653443,0.3408101886739134,0.4694779819071483,0.7515436994381434,0.660094925238547
0.6447219618849965,0.34062734889492696,0.008499022407104874,0.29841773991607284,0.04038895390193949
-0.12392844791343129,-0.250503923699186,0.013909574519334302,-0.30249526574103314,0.8746988747257424
0.7911114756534456,0.9919961024756417,0.9229965714569738,0.9016867227474533,-0.3963250745825681
0.21560573850050083,-0.19439027153661362,0.6975780358087904,1.62315122045524,0.6783686718541376
-1.0869919142198128,-0.2233378429414575,-0.39288543630941725,-0.45187190569056906,-0.7731003778638741
-0.5300568041990198,0.42957724260523167,-0.15382898723275262,0.5663829215310572,0.3901908532702905
-0.11061230231664401,0.42271171222433496,0.05106385140450806,0.41601104859370786,-0.10022648971833319
-0.7792305007137804,-1.9128083869642467,-2.150037868495599,-1.158644883287821,-3.2206036507564573
0.8531922457094827,0.9429141708272638,1.5435947719940937,1.1644435284741284,0.7675636397678633
0.3581046371522273,-0.3651384444175677,0.5364032242733376,0.07727956648771321,-0.4143422019362604
0.28878575642203935,0.9373125630384026,1.4942853051468021,1.2287468004387279,1.4614775570932252
-0.4973708937754889,-0.5435850366844437,-1.1877362288006543,-1.0878046525674017,-0.5013009185630837
-0.20044416789486538,-0.39990600877142457,-0.6923714783280835,-0.09264653735759949,-0.08649410749708382
0.566474830367347,1.0379814194405423,1.1528457476507785,0.6185044087053697,0.14738216551238567
-1.1647682365973466,-2.044991745009479,-1.192853401669746,-1.3017827693648722,-1.6964016107615463
1.1198559752647335,0.444611073981476,1.7936137160891055,0.7223127806656149,0.3274530503294256
-0.20097837284030728,-1.849242044763602,-0.7155633239276492,-0.5656628893400724,-0.8947910235293253
1.4287133632734998,2.495823174147419,1.1368598583679559,1.9359116342218627,2.1118953439311356
-0.8967387080482354,-0.2914988610828272,0.016100229793337275,-1.9064741970659174,-0.2603549683177002
-0.323019123055327,0.07952855604549994,-1.0969725430542425,-0.5644992674837733,-0.8253738359974506
-0.39288047486880967,0.4810426056156243,-0.23688297546966391,0.4735635069421872,-0.30370839514379877
-2.8324580564695294,-3.242263943487621,-2.3713580776854166,-2.7181704938537212,-2.020613642297465
-1.239380103674549,-0.9598031390836845,-0.6158197451729315,-1.4846936003014488,-0.8554871827317615
1.1999794688289995,0.5902762044941292,1.8666693933617093,0.9821843745935992,1.7789982525927188
-2.1659827963432834,-2.16459579945321,-1.6352377551046873,-1.6704178387029542,-1.1973767731791134
0.9494568013511209,1.0311112191798304,1.9029407717912221,0.9752189359093767,0.5323253849128547
-0.9391368613257963,-0.17160571785377213,-0.6074274559108456,0.002707418318611752,-1.0281561148246101
-0.4510045880376477,1.6868402723857234,0.6997351665616088,0.09107246557077006,-0.4166601413781595
-0.9959395388331534,-0.2410411428527665,-0.47536901147037514,-0.9684277668724472,-0.9950349021223515
0.5691301746837102,-1.2171620641853378,-0.3264732024425698,-0.5904542419620452,-0.5558403529179606
0.6621327469622401,1.022749805973517,0.5909581649508164,0.2377653153381797,1.1601342371754173
1.094657743114779,1.1318926417220256,1.7723376958378065,0.6937886264460676,2.3672797905037126
0.3520106665358579,0.046959411105153274,0.5831798671600698,0.8439862916485549,0.8314919820035195
0.7182445095836588,0.182830281077914,0.8722489566658178,-0.8305361385509201,-0.37737545223249247
0.43250997205873026,0.9743595864814972,-0.35933445342607334,-0.0706892934529156,0.40019250320035693
-0.563716963680997,-0.06360702408726016,-0.5132479485357182,-0.8983682653986665,-0.3101066067138437
-1.0568404811787122,-1.2123816642197756,-0.1836163711394598,-0.8324219032792518,-0.5934429862117961
-0.8943714103092371,-1.9097314022739005,-1.2846978941039608,0.3776759036041606,-1.1490739559456686
-0.02960186566060973,-0.541280538992253,-0.2125371613090612,0.05620827188887026,-1.4241766578349573
0.7548073253373905,1.2742782158208954,0.5424382197213269,0.10144479716702999,0.03699949672082022
-0.6983400551070076,-1.0281761009967147,-0.7306348593205603,-1.0248897394969112,-0.20949280192428923
0.30284380658020055,0.18421342682877706,1.0501456374371585,0.9120145019573539,1.112855761223221
1.2308608973067632,1.2307609622511286,-0.05306668769589828,0.31617650870612446,1.627426091369309
-0.5227799530181305,-0.6528197127091862,-0.3589398276305136,0.44061303537528823,0.3067806001721767
-0.7987326924730173,-1.9746121321775036,-1.3833936752955989,-1.431288978644983,-0.25978759652047756
0.5759625168054753,0.8869493698336218,1.55897279932903,-0.15660846553382127,1.422438886679391
-0.5646870295807604,-0.19076179555132491,-0.40988828198184524,-0.4480614057695743,-0.8335999554865159
-0.39427906817072983,-0.13936227810322552,-1.065702575224243,-0.2274223366121853,0.01854991223087386
-0.09220627723826008,0.23625769709149877,-0.48533669958764897,-0.8895183329134853,-0.27927183963415947
0.24362562712481778,0.3769950048933446,-0.5833305674993567,-0.0527112589687433,0.09258510280967226
1.3261416287866634,-1.1006438636670908,0.23534511608594327,0.28864345646700346,1.0525920229769945
-1.2526818511113886,0.21433666230169532,-0.6522581840032385,-0.01219760998051362,-1.271210338429855
0.6073165663223254,0.6851426661417697,0.48186191010868107,1.0058815307303643,1.2864715021773219
0.0286833067181329,0.07300385585355022,0.16867746940058495,0.382445925354475,-0.6837604072192334
0.639012740710041,1.1632018378437237,-0.05104957018713626,-1.2297196972856843,-1.0747057165078455
-0.1594929655018722,-0.19572326609071583,-0.9206202778751209,0.0815054464976729,-0.18030514533720954
-0.6710484562371891,-0.03372387430690189,-0.5447181990402781,-0.4410543380661277,-0.19678170394004166
-0.6403003862156265,-0.6098891258085554,-0.34142901189807173,-0.884210491564662,-0.5521104031718276
0.9174277536081243,1.6300989066403682,0.15464690895909078,2.0561776540956154,1.358744694205782
-0.13394682894008156,0.02175422082874678,-0.8220911169360929,0.1368735441611123,0.7050471528638687
-0.2235122955347595,-0.07750571388208814,-0.7921386038638233,0.18309292517431244,-0.9748507050956428
0.8389189549290038,0.004380702374625208,-0.07710018265379164,0.6827596595690187,-0.35742933944059385
1.5690140132007329,1.106423216491834,0.40064002211545996,0.46754997248458435,1.5254533483458714
1.7946977384611384,0.3992599030816957,0.8823751304569964,0.48841688702308794,0.8855024416274431
-0.28298135304283467,0.02865882405772065,0.8937173410453966,0.4413715949754991,0.41316937252390534
-1.3711651453596418,-0.580187678972927,-1.3459955653402351,-0.993153425710149,-1.332687308866462
-0.5193479820609146,-0.2974476545550902,-0.4225836313306251,-0.721381583951375,0.41401315886074574
-0.5992150277664317,0.10540791618580901,-0.4627145887762796,0.9311456842682795,0.18269821734819724
-1.9386716810325266,-1.7342924049671764,-1.62937722121551,-2.277436712525406,-2.202039929834377
-0.49818865069869755,-0.21472089977460687,-0.49122694465209255,-1.511088460507117,-0.4092457872119445
0.12435463804065085,0.45017480618430855,-0.8084380301015228,0.426043331432675,-0.8578489613136642
-0.8573833414368072,-0.2399476705426089,-1.2196287196022466,0.19844900415436725,-0.6676825648947684
-1.3313578070276397,0.19037462548302855,-0.7874110665633267,-0.5975348842244006,-1.2285294215473004
0.8503397062510806,1.116623923872925,2.0608118666039177,0.5857038269340739,1.4143513631444686
-1.2394141113117254,-1.5509209508095623,-0.8690429494129335,-1.8101187762254756,-1.1163587859779587
1.4208644927233913,0.5273057245949785,1.0091354193377138,0.26568136554827826,0.717619750176452
0.2376734534754699,-0.10755005804621129,-1.1693904306507807,0.025297691319283663,-0.4177414803124493
1.3845890159080936,1.3976791618747306,1.1018789067266008,2.0315059028440037,0.9563197075393175
0.759622388043956,-0.1866685057980404,-0.6541536718333223,-0.034859197830461375,-0.26560527226303443
-0.04688964163641072,-0.08520325673161552,-0.3371134241391777,-0.3905325930757316,0.3345878746254975
1.2486347590507347,-0.26687711052699675,-0.7945913913585193,0.04060405309461174,-1.2283638096274907
0.8258773800424869,-0.15770493787346332,0.21407921549764627,-0.37188944959756354,0.10450700699564638
-0.15759190674051107,0.033343624877963295,0.9775789874334286,0.34654609289895405,0.6599354826971738
-1.08324367597391,-0.25478437061896425,-0.7053689725035794,0.47088736199256354,0.4685317040304052
0.6847880219928211,-0.9116027110344999,0.19353872734230945,0.1915969210863215,1.1902682639393747
0.058157437027471434,-1.093786835617634,-0.3253364411434278,-0.8053220220683404,-0.5192205319945756
-1.0834038722924217,-1.8323883923583737,-0.37621426132036684,0.20307652302717924,-1.0126384369758903
0.21274128948368723,0.16214177381581601,-0.3540653199479435,-0.4144179995323574,-0.009780244256851
0.4177881533572854,0.6648659164358911,0.053979685154349116,0.383509005949902,-0.28013010593798054
0.11585186798410341,0.3588515108413323,1.0132000613550376,0.5420651657032912,1.05766949796129
0.5270621699652399,-0.12294800497454635,0.12108086447174256,0.24343011129879857,0.867841929786205
1.3335438760961287,0.5085310835936347,0.21808284935810318,0.09933585274638224,0.3485076188431347
-0.38943950291268004,0.5389541482928103,1.1530454249146662,-0.6170670873004894,-0.9615404005129567
0.3359592014182624,-0.3580423237557694,1.2578174143711496,0.6420337987226483,0.3930719915328571
1.2338770681786924,0.32656416979487163,-0.9122414503069471,0.7305457771634397,1.03618011339886
-1.200819867243273,-1.547720274964041,-1.2041948784203347,-1.7482351551152508,-1.245966050047058
0.9877488305412893,0.33627944827459527,0.5513113073042974,0.8233683030418586,1.5412260307845995
-0.14234760869390162,0.7095278588556461,0.6840700460990351,1.5810163327124063,0.01825826095264874
1.6113897259455907,0.7586751548584996,1.015882682782741,0.8008359347691869,1.2584634992387032
-0.7737227418990648,-0.7454116355992539,-0.1921887719186858,-0.5654893711016692,-0.6237902800859955
-0.358743675212161,0.9516400838721322,1.0461982804013064,-0.06921698522455236,2.0553529612580057
1.0048250219079844,0.39895385502114783,0.4521928542934552,0.5886786524830655,0.22514465188487237
-1.0348387904370402,-1.2659881469661223,-2.0534492211230067,-1.3259201714029796,-0.5573845826341686
0.2821322142863269,1.6548176193951614,0.25381231573287216,1.2668035435478995,0.23980410874400412
0.1806419069201546,0.3896072665799732,0.27904208798641306,0.015478845018417625,0.13995733080381406
-0.6561842636122266,-0.8384545326015784,-1.1952020607275105,-1.5960245484746087,-0.6479329484386833
-1.4326121564859953,-0.7143825253874692,0.3353219971720626,-0.6042743380272613,-1.0788867414054604
-0.0026959373148830257,-0.7676488080219223,0.13233249877810893,-0.16749600388143898,-0.08924642045053438
0.5652486783519604,-1.9488168402599109,0.12486059635726894,-0.20058907328345782,-0.43115210278093435
0.06458645577538356,1.5667441868984784,0.28424270322953693,0.54503047337098,1.6508794847884247
-0.03086818091700483,0.9827579423213053,-0.2047057938791239,-0.4812046783794577,0.8974579449415068
0.5733542528015929,-0.9812602305205576,0.06253729635268619,0.2620233965371298,-0.316446992258888
1.1669971223287672,0.5272327059085982,1.3517339772221766,0.637774370649084,0.2366928904499051
-0.06446767720166904,-0.3670284887471307,-0.6086430924432294,-0.4847050738321591,0.06777312509330725
-0.4896500564375987,-0.16215673389052418,0.28633372956467107,-0.4498308383649349,-0.2598482676895103
0.5037911033868853,0.8267915492520455,0.25890407330438725,0.4357404842173444,0.8044320543386141
-0.47560186803695464,-0.3796997372003057,-1.4763058061988392,-0.9861930300073438,-0.9846690379223264
-1.092455516840417,-1.0814350832528268,-0.5653271271150306,-1.1044630306600172,-0.8243572375424262
-0.44421771684079664,0.2490828399389304,-0.8650956607095819,0.2155291404528344,-0.595649998771891
0.02872496019676883,0.7218425573258406,1.2699601525885775,1.1393340259473295,-0.034081981761756336
1.3307763597376479,0.005208634963470244,1.8718268050182172,1.3316738739873135,0.46367368540745907
2.100557342323008,0.5358262005540622,1.3423541083677832,1.1994452780057536,1.2880035479874778
-1.0328845038525176,-0.5421466670524292,-0.5676874876483372,-1.1877750591406273,-0.7394929199912457
1.8458111723218829,0.5680783679750022,1.3394878885093808,0.20836188620926427,0.7090615469575595
0.35483991119359765,-0.08664458509438584,0.8234502856459165,-0.5873111782339863,-0.41943205510195986
0.5123093306122913,-0.22174984045007298,0.6460017857327913,1.1952468284673372,2.077929256684346
-0.543942899796213,-0.7194369883590991,-1.2874999938415304,-0.4803771716772205,-0.9626327005803421
-1.2075205740687867,-0.8299824138984708,-2.0966812237578485,-1.291118584600095,-1.3211552192165645
0.9450205679495598,0.29783011147690525,0.3088247744672011,1.3458793959610957,-0.034501034037098796
1.0977589635880833,1.4838259807421834,0.7401334133580568,1.392904839809068,1.0106507139356915
-0.12141544588348402,0.3732951871719157,-0.10693740697542353,0.5263578046953762,-0.1528608505256829
0.3954263482033873,0.11438108597068299,0.751795853697815,-0.3107502831002599,0.08536699646973918
1.0657414215556744,0.887513905358101,1.6107851271693816,1.3269686959445965,2.7698245703034794
-0.27679724525502475,-1.4341964410581984,-0.9693055860858674,-1.54479159410007,0.40893652575919454
0.07712525732036266,0.16838939879829248,0.0704753652732102,-0.15397899214400812,0.3291835100413407
1.109774923326967,0.01842336303993968,0.2654794236937094,1.3858639276917177,0.2692729002981879
-0.16709330703179598,0.8329486711995259,-0.1875098842657871,0.2838112667462113,-0.3813751171715778
-1.4763899956020285,-1.6453903324735872,-0.11016890658803832,-0.8261567003148031,-1.5673429106382124
0.5469005859737647,-0.5154027316607337,0.06775190616382322,-0.6186275853242784,-0.5727467912797359
0.5759639828334947,0.47500092074531675,-0.8727753405080841,1.0242851365777799,-0.8032576986868852
0.7315194357581019,-0.260773551991865,-0.8378506068807544,-0.46431972481840306,-0.7192828102989357
-0.8828960245783994,-1.6817990291221745,-0.9422356258442277,-1.0963284792848438,-0.8080159149831891
-1.4554872757529005,-2.2305836887031547,-0.9705059181563748,-0.42606719784253944,-1.8436397371051758
0.9325857283714761,0.18289722335714304,-0.07729376950923632,0.22179218278171858,0.8020043272437379
-1.5058694275647246,-0.9125458051327862,-0.5009779226457852,-1.501908047355416,-1.687296116647819
-2.4294025478253443,-1.7577143561779,-1.4045906201456337,-1.580234219011556,-2.166718176913972
-0.5186213793864497,-0.6849522378267893,0.3963122912908703,0.012726933787971227,0.12252190171059996
-1.4762383755013457,0.39410199705292703,-0.184049023438111,0.006444248800197316,-0.4031031859547902
0.2633114470485734,-0.6065624299580495,0.026745674422152657,0.9462162735018812,0.6470708817009256
-0.7821469234040441,-0.7938941086767479,-0.6542625066091253,-0.6324182957095342,-0.501904335259031
-0.9389002922952088,-0.2393578681214744,-0.6366373579917457,-2.242578734799529,-0.41434660445620747
-0.09424650043275407,-0.410511056864052,-0.5586084316815954,0.23305935967276628,0.005398642770360036
2.3482242804409776,1.6809323534325613,2.604876188454094,1.6708691682476926,1.4549635227316275
-0.035317397300393204,0.09214038630000754,-0.274169416654897,-1.0412084033584528,-1.0834626839500812
-1.5757028094325467,-0.36851774577512003,-0.7285238067399006,-1.6180117792250657,-1.9893706543055951
1.1080839623863208,1.2447196781594927,2.042485602583889,2.598279372042085,2.203550535675172
-0.3430077642464143,-0.136891967305977,0.4530104703678328,-1.1959674115360026,0.16112945804724285
0.8687492893041913,0.5247761426671209,1.3093773015549721,1.280876513587138,0.06322894400962205
-0.9772968539333692,-0.8919323353135211,-1.6788428778807338,-1.5293457864933566,-0.9533041341906204
-0.04083249126613963,-0.6941931739302138,-1.810887767862565,-0.9864662284347905,-0.8288895717749583
-0.26434764087120494,0.7764822872273165,0.03470381533965072,0.44858058780717547,0.10167599638297674
0.9989022618761726,-0.0866950390562696,0.7708013231739564,0.7453676343133032,0.31756052191440104
0.9838852446594081,-1.371646188718343,-0.9986492663294683,-0.8390030496560189,-1.2727658598543916
-0.21031943573301567,-0.5094735858385542,0.01848034349743493,-0.5297354253995584,0.3476578417003744
-1.6012463190815345,-0.7181655484815801,-1.230638410674245,0.2370064910613334,-0.17018533063558974
-0.8995260823473049,-0.4757388764096179,0.7193410167142424,-0.4085886998921323,-0.031969009151776875
0.22457625731166958,0.7789244178859496,0.3688033192178285,0.5615923623462514,0.3637754026924053
1.0049729747253875,0.06300801737310405,0.10940428677481617,0.8607468157282765,0.11893246896589116
-1.5932732141224568,-1.2447715068113532,-1.2548516148963285,-1.4053857871069417,-1.986217635857703
-1.7445500016244728,-0.6758165079791933,-0.8140400515226441,-0.9004170897527979,-1.575762853296245
-0.8849565803586079,0.3226140153620736,0.49446734708461315,-0.09778365701469156,0.20013363065693068
1.2194950477800168,1.0339905459337224,0.15497348343765793,1.5096242726145053,1.756177132282141
0.8538525765573446,1.9674894945955326,0.9152390172276674,1.0370640490252658,1.0992706300308979
-0.38104372106549456,-0.41539888936433467,0.5114904357069929,0.27272934449274533,0.9850457706994482
0.1686680658288811,-0.7917070516383213,0.4930934618039236,-0.2783533219996249,-0.49428573897447187
-0.16078857396272606,-0.35044232679372506,-0.3027463929633839,-0.10049496914291278,-0.2791332992869048
0.8868496427374922,1.729434079073983,1.8810697902232763,0.5563317101469092,0.9528257810018695
0.8079109333117429,0.7112796249291877,0.31953620499898744,-0.961865049206955,-0.1707365649607064
0.16209313115608312,0.3024785173271915,-0.4743124096097337,0.5741009453800547,-0.008456375316868242
-0.6171039346301813,-1.6912746504166547,-1.4686270126535872,-2.8471260978322563,-2.076880331634864
1.6311322591359145,1.8999960058879777,2.0956002843578334,0.5513909272485951,0.8336954370449974
1.0655656427286653,0.7555335416992869,0.8773195348099864,0.9210014315964268,-0.2587805198577909
0.35918196884337866,0.5408460939115105,1.7312807883520205,0.24497529434536255,1.3949644072822696
0.3580405831201411,0.6406830865591637,0.9181498514440704,0.6831878294840408,0.3789378759968831
0.18080497091649922,-0.5587266382955373,-0.996980336310659,-0.018033206366934392,-0.044838158239538406
0.37659701699162007,1.0946420083679598,0.20666561704061628,0.41848452902012323,0.8872679461164649
-0.15674488713154108,-0.22254439089668687,-0.4522877899549292,-0.30525737349180293,-0.2868000152323461
-1.5404747390984206,-1.2372107635084237,-0.5860663067398314,-0.8141747962682521,-2.1912872130093133
0.12096168080164248,0.0971044693292792,0.07948372710790994,0.37138545884366225,-0.560234256698158
2.068801808241625,1.2742340609451972,1.3487200245039992,2.1344247586664546,2.152950286030882
0.7427445963102777,0.46736681742313047,0.0962846529950975,0.1586217758179395,0.7823906903223763
-1.4089454425862193,-0.8332170675965299,-1.525065741075567,-1.9303434724300423,-0.7879152146405695
-0.3417648776827354,-0.461834798742104,-0.10405285523037419,0.39677821974564303,-0.02928549809582322
1.5431465735927754,1.6674244161680916,1.1519116359628092,1.606601589173145,1.1954596085788392
-0.6087699602087357,-0.7018477446426307,0.10366575385551897,0.20709621797677166,0.45267813974903093
-1.2521987765621434,0.1172737112415044,-1.5199626355191347,0.40895875578656277,0.21127714547847318
1.3048400379971066,0.6231178575673666,0.9890180320496149,0.5493738657726531,-0.3002316059992885
-0.38735987066676114,-2.5051957783673635,-0.5108350178233169,-0.9281367881097302,-1.2913382212859612
-0.2636744716306188,0.02290264395523065,-0.07061003786694971,-0.21986224736780596,-1.3198040077778608
0.6810788036342024,0.20444530992791274,0.034516164227019766,-0.2726239700509988,0.7023943997338989
-2.663928343007324,-3.539536035490677,-2.3533225231629253,-2.143590467653958,-2.348687680867913
0.10234351593852269,-0.530864558941047,-1.261650680557516,-0.26334041652274776,-0.43603780797075353
-1.5989532153403645,-0.67108825786133,-1.075977387457272,-0.6051754321545411,-1.9400037787355744
0.6840214802466046,0.4893312382252597,0.2537921532594984,-0.04514994824315318,0.02817528045806693
-0.6241302183032668,0.14500521085384996,-0.788647998840215,-0.30552347107867617,-0.5084967163141255
-0.644773027151122,-0.5381111052482219,-0.6984194857928606,-0.5965268364434396,-1.3411412260889146
-1.5264001153994122,-1.2127251117459334,-1.6919518181779007,-1.5234533740463845,-1.021669583193097
-1.010678879305542,-0.9474420074231396,-0.4181545401180573,-0.21647489346871016,-0.3261162840015328
-0.44861370157299774,-0.5081319864143459,-1.377740242787177,-0.2927073283450006,-0.5453879881038383
-0.05133213262388328,0.37398415845704025,1.0206985744388406,-0.3739148463674944,-0.31355108690251376
-0.08219728199357652,-0.8492397301231939,-0.11856374422164094,-1.416329145972034,-0.4768625044553419
-0.13762123091448308,-0.7502015481324907,-0.7752155938324877,0.004461707728442434,0.027711745732686296
-1.383601747806825,-0.9538793115259193,-0.5446359972736764,-0.17997199088232915,-1.300127533863278
-0.18281836324811324,2.122331183929868,0.9869797778073973,0.7432907873006778,2.0152398441768584
0.6715412864620474,0.3271447677582308,0.2601319622315706,0.6331842512239533,0.11800302015579202
1.2755730481514693,0.8114054647670882,0.5812675847225544,0.12588396600379748,-0.7557311266766128
0.8827163511044511,1.7611355939523996,1.8982863547783229,1.4711997915329091,1.392879369193644
-1.0289840430305583,-0.05292919856453941,-1.2810937327420497,-1.3687442824648763,-0.7542419147952231
-1.0063717176472247,-0.30705461256414895,-0.29968490902038053,-0.29867653822854767,-0.7239838646426136
0.07339586933460167,0.8249842700993315,0.6698330685079622,0.5607676192472572,1.172762009224101
0.4659374651101912,-0.5783046088931955,0.7295195627864587,-0.1176796423587991,0.1577813087609453
1.3434893558277472,2.0842765856318564,1.3131649792459064,0.6364613901585802,2.6469471689671136
-0.5884553866760402,-1.719648151218833,-1.2955535227653794,-1.5668676244247297,-0.6311727007529383
0.6869275744305837,1.3119297320529684,1.153032288733842,1.7789042588137252,0.9359732637313033
0.46447546465806894,1.1102665779196021,0.6704547706197828,1.1999930742443279,-0.007156740116005817
0.22998196369439178,-0.16115541888744428,0.3262675709828157,0.023446649505890222,0.24625420203471884
-1.1020767172519672,-1.4575819130845014,-1.7051480084913875,-0.845072946600632,-1.4896786815024938
-1.0487154223068345,-0.6143202343572776,-1.479011166390095,-1.8735690593135623,-1.4180418073923016
1.0757416329496732,-0.07186743507885508,0.6603678973822737,0.7321624314419035,1.3824005924964293
0.8739047255006203,0.646171122241883,-0.1405301510450268,-0.4893656371148387,0.6845082434194361
-1.7411181836475536,-1.6373861534571288,-1.0547296062277198,-2.256206587147236,-0.6566129406784712
-0.11726988932353541,0.913222703439158,-0.6206622896978036,0.19051571200461379,0.8692896475992168
0.8273708232176791,0.4878835104021547,1.246938194073641,0.3186383592112776,-0.588355174030512
-0.023176547472403324,-0.18035255944946313,-0.2804475427797552,0.5498582571328062,-0.29005778265425386
-0.9650289752740089,-0.9091945071943434,-1.3056552395972625,-1.0061365481956068,-1.1616205650935005
-0.1863260900206268,-0.017970112254958155,-1.3964041425856208,0.3037044735936402,-0.1694832817354027
0.7938011993374232,0.8614122289152509,0.11322897550711675,0.3968611182255313,-0.05040364158484523
0.35032296939117796,0.5175722750420753,-1.3224671805112393,-0.22180503302115895,-0.1578669095173637
-0.5322724707304025,-0.8446945570216323,0.034347243117111015,0.5051476413423871,1.0274853562487982
0.2833712289305243,1.5737047625716705,0.27149420086211323,0.789573610562585,-0.41622710661235807
0.16188479804606937,0.3277719845127082,0.5097362259862722,0.2847582394509615,0.6652460867748177
-0.7170720133970909,-0.6861982346397082,-1.5308644616738545,-0.6080652941092335,-1.645688405607659
0.6677637888528907,0.6056218089750174,1.155058129286002,1.0820794271214214,0.5575298681576465
-0.20738507578098403,-0.3626786277706143,-0.5657198075682423,-1.522630006226691,-0.23197288533223506
-1.1366521420241895,-0.062168472338651054,-0.634198154062209,-0.3080037242533259,-0.43197323230950724
0.14498934807662492,0.5856298772884645,-0.23798206040258096,-1.056164974235433,1.4489843887745741
-0.10256452645280816,1.3182580843456766,-0.1990870595976466,-0.08455191481046408,0.6542902912358468
-0.310204391462312,-0.47621144540133314,-1.746804049135301,0.7923501357364864,1.640029475967039
-1.1132846360325943,-1.1939252211754825,-1.7555740308774594,-0.7395930777580437,-1.4503507775176565
0.42919282378702606,1.9792087435596148,0.9067542119445944,0.6682338036042381,1.7110331605586984
-0.8647639778821133,-0.7181665797216008,-0.8374260081739782,-0.0767214144410036,-0.6940272723496099
-1.799919741378269,-1.5537436966272444,-1.187973214661959,-2.193979899580093,-1.181832229616241
-0.21671306085984252,0.30037383069237517,0.12702524318604044,0.5469751582525755,0.6998565259835772
0.45772835002667106,-0.5190211355484609,0.11907014159003769,0.5192515264894261,-1.1318310525861734
0.6337809707013922,0.30520129802721047,-0.03281965662569612,-0.07296682650787395,0.36010778809418653
0.31739614470495736,0.013366491674981336,-0.37476151074695085,-1.0641826947636865,-0.9296612619481245
0.4021592652216806,0.7307677177624791,0.08088683011755786,-0.032412674935952415,0.5233586555078611
-0.2613316109158718,0.15307813518237728,-0.6407140056957787,-0.11425241133580097,-0.4529257915294702
1.2088451157496705,2.2193392056213646,0.7207691740949295,0.6586053480726016,0.558093112768142
-0.5718450644354482,-0.4288575920733934,-0.3551447546711166,-1.4071165391212888,-0.14085761494028945
-0.7722469883307342,-1.3573804217845669,-0.06730157316523279,-0.7180445148161928,-0.6292249432793563
2.133861347754142,0.5676298423589706,1.2322274025066347,1.6321891048337878,2.0988292968350284
0.4358373928060831,-0.7722517260831372,0.6025061304878442,0.2586467243516774,0.6125596032113908
0.4954998264385478,0.2538435219752676,0.3386458704881616,-0.5947128397437866,0.09037883666052579
0.9066262582285428,0.5914229946825093,-0.660098475367792,0.14557739248384552,0.1398229333933804
-0.16595214685148807,0.6789910072781008,-0.5603541608981816,-0.007702190416743472,-0.30987401455532987
-0.3753513055792197,-1.6624521675409463,-0.13065733382892827,-0.3599160476927561,0.1413267154399911
-1.3244052987669375,-0.05529305004856292,-0.28055767846268054,-0.3268941921156092,0.31071220569120656
-1.322019580051004,-1.5795239690561578,0.1872887871419942,-1.3428867951667793,-0.3835110058694112
0.5770406137564629,0.10497188536210159,-0.3669992704777537,0.3783094500683066,1.066230808990462
-1.8201425345443627,-1.93316548922439,-0.4429263865214446,-0.4306721814384585,-1.556277324002113
0.8511122120763533,1.5584033640853328,-0.26773198625583927,0.7973556825273169,-0.48204709115870426
-1.0665804566076873,-0.2479832900982692,-0.5084178049716211,-1.2800601005274737,-1.274432772660145
1.0194661468434854,1.2512448497161623,0.8946298356465471,0.42024232529054856,0.9736057496527553
-0.6078497620941292,-1.1238492063861947,-1.2238612185901225,-0.8782599548222281,-0.923116135388272
0.8986374500393026,-0.05766008928991264,1.446315362195912,0.6974918561706436,0.3577387060335681
-0.47654349332273926,-0.9479332487960055,-1.027373617229872,-0.8664574884462978,-0.9298280732467102
-1.2742033649610263,-0.6432079920774936,-0.41357403807737714,-1.4648811319830939,-0.6935808032813233
-0.565058917829357,-0.8298348689247782,-1.4702403664957062,-0.5957203989352657,-0.42806994341079135
1.4585940184157962,2.051772524000177,1.5195667955719039,0.6368711032392855,0.19836026207054236
-0.533789507612913,-0.554511678504808,-0.6671127470198327,-0.4205316022817997,-0.29230493956112497
0.7591383626279541,0.3552364433989803,0.2593703013614728,1.2331928902647202,0.6922170950406683
-1.4638683945584183,-1.745560240806548,-0.8015916532296415,-2.3242477997803905,-0.6337181820788298
0.16501331953718165,0.6171936476290104,-0.5032028610821483,-0.4527908877277161,1.1391463650114568
0.9893051761004773,0.46192337844940845,0.40085288095220284,-0.48769434941623835,0.6076259536419594
-0.4016953477532917,0.13316649976214529,0.5499284785792528,0.5186913946641694,-0.39167364702948904
-1.3753928192071145,-2.8501646848611033,-2.3240824895880094,-1.7004450755843497,-1.9562770104475637
1.7917273292702385,0.2956746819641815,0.6592528597243914,0.31565225264605085,0.8912722387767323
-1.7617004173273654,-1.6496169602644286,-2.031088803639495,-2.122441508345724,-1.9528887021367982
-0.36719128313378374,-1.7304565791822242,-0.5021106459729712,-0.4147317752046371,-1.4255662700847258
-0.5372716375458333,-0.022634265886008326,-0.8318611706150166,-0.9698396900139845,-1.1232451545053748
-0.11888783513918855,0.6210259044218494,0.751773189414955,0.146245531118886,0.7050857773263948
-1.0031684531286733,-1.5449450493833239,-1.4490120624126417,-1.4565371205984976,-1.1604113093530841
0.08952887326252416,0.5555658423330225,0.690472055827041,0.5726981736978074,1.3345826141799149
0.2865902108320069,0.00021075433311240431,0.11815909088050208,-0.3257357034049701,0.7130184299429156
-0.1751239879198208,0.3820893325189672,0.4154987270471855,-0.4413470824420274,-0.5972295526403362
-0.16943150687322844,1.1981558703153985,0.6288318279733589,0.09296704099525126,1.1897089050446195
-0.791018922297401,-1.3154940427443012,-0.8104359072989838,-1.586945554401531,-0.5359084040429247
0.7564738571754424,0.3455937900172993,0.19242853640663413,-0.4086145276306658,-0.014572384369117631
0.7949280935446509,0.7198560489741498,-0.1667738623715704,-0.1496510798333505,0.9086754788797206
0.353528371879763,0.6989499188395666,0.45437485924508,1.2344430376091886,0.38678741896215324
-0.4708843948753332,-0.3356453532709666,-1.6176719795833074,-1.4758822473136664,-0.06297018105312231
1.5732696454621322,-0.7458817523060021,0.10178806454332819,1.6397247626279512,-0.2956409590346771
0.3516123614320417,0.4790057688337409,-0.297061913884406,0.11490419611754484,0.3564395820737209
1.1815649968743664,1.4626676094876587,0.9941631336548239,1.0653845458354856,0.7398089192071213
0.40689805302882476,0.7261182334049623,0.7141690515734123,1.1485488511900797,0.9947235130698635
-1.3581146264421993,-1.2219289393565302,-2.266038012635627,-0.8403862129298957,-0.7944191008372982
0.021272429221939247,-0.6934227624855483,0.1055301081418168,-0.01197800104847902,0.5105148191332713
0.7280632362039747,0.14744919234448042,0.70649060986566,-0.404787101301716,0.8936757054635319
1.0612408922149856,1.4716772581387694,1.7039918378706211,1.3967543789413364,-0.13295177703646066
1.4347270382993713,1.1610902413970712,1.8967091401194809,1.5209104856990765,1.551205851457502
0.24765812289742592,0.03165818976523634,1.2594598598099565,0.9267943373715698,0.7547345804324098
-0.9062325115472456,-1.2526180068103738,-1.5047016353355467,-1.0559575984148442,-0.7483366858516552
-1.0945789384478886,-0.5334775098454735,-1.0181865173493656,-0.05656639620577384,-0.8942228672337235
1.0426162778037007,0.3961392911031555,0.521953835950271,0.15748790421499115,-0.40183304085740423
-0.5027242846866896,0.17468649768342248,1.5352519862911167,1.0496513638435587,0.36888623920472724
0.46864845906209,0.5916256619104766,0.5739077199183802,0.5367067817426809,-0.1919980684226922
-1.565756339385688,0.3122803268876819,0.4570941291051985,-0.2328529256214015,-0.3311973692623947
-0.7533367668152369,-1.6363289863211368,-0.8911922987323815,-0.25127810938064465,-0.767241877100978
-0.6982603092436772,-0.7378116171110709,-0.7245640498695962,-0.8735743702372155,-0.8809288055751016
0.0833279192652974,0.5025067500882666,0.026677825818113305,0.44259436699507543,-0.0005089202298167439
-0.8793391606546762,-0.011454894929990616,-0.5896915014686102,-0.5982915260612909,-0.26592970510853536
-0.24209894014009486,-0.23536574240492336,0.33121497256828525,0.15343920685980647,-0.8268044642144008
-0.01350940230171003,0.7089125113475393,0.6656316390316369,1.4387294395979444,1.022192057740175
-1.521429181121041,-2.240432081795117,-1.6787550304842114,-1.3857458644290024,-2.134193597958787
-1.2994358239872879,-0.17300771486344024,-0.46826483290605686,-0.3486471430537847,-0.4787746885011159
-1.4872885550372692,-2.221466809247383,-1.8885209283618207,-1.551905291067891,-2.0372005232486523
0.02361917411202303,-1.5337426402957257,-0.28415299344082773,-1.1332585075745125,-0.7270334803559271
-0.35744093700913854,0.26685827899899456,0.26845125385972074,-0.2334935416233026,0.4621931260731415
-0.1140148221485359,-0.4688861115668149,-0.6183937054084896,-0.3995255236784668,0.1242238289410969
0.6882090065553829,1.6734028836699977,0.8179750779904653,1.8842238079750475,0.6068809486910445
1.2425970792327607,1.131833280430317,0.42559095770893474,1.0799544485955905,0.7826544980371536
0.4437608438298481,1.4289837381080264,0.2616770767116862,1.1851534456508472,-0.0004438571952501786
-1.9627015591185641,-1.5669475374789443,-0.27981410445508303,-1.8883574599423878,-1.120773101968413
0.6867343287708889,-0.08428724254232867,-0.10586492251899764,-0.31796509102218296,0.5884747018998226
0.9017655303808397,0.8992654367406006,1.0620105916510394,-0.31158533429246105,0.550480827309769
-0.5173254237514934,0.1754780792304814,0.14809678440690074,1.4617634310918572,0.6930338286600427
0.8323198455215829,1.6796317588984,1.0337281135029737,0.4823919342771626,1.1251238014029052
-0.3740509062812638,-0.4559953665155725,-0.4059805004624136,-0.31131349591221263,0.11572272404798144
-0.9887239217182561,-1.3593779263337418,-0.8269308742563708,-1.5444496142674315,-1.6115459682738533
0.2897326148232279,-0.841813050522464,-0.5409065902205018,-1.202097565350947,-0.6813732514633932
0.6688940795365672,0.8985466492165314,-0.005670809562536902,-0.054948639442651354,-0.9301290902894847
-0.17476863836715228,-0.7008726416156903,-0.35735870942772013,-1.3482369417920321,0.01030500531938348
-1.3478352478393856,-0.22901876116954908,-0.8112926530650657,-0.6736351597147986,-1.5250416268443268
-0.10410613243254975,-0.8673219289004869,0.691806560379487,-0.5747637212118376,-1.0838982138305082
0.6314629521626383,1.8750255503668551,1.9828360966695582,1.1297178061653093,1.101245693888768
-0.44571816676766585,0.6568614648431434,-1.778200892756218,-0.2750776853887466,1.1328850656107508
-1.1925371644165257,-1.157128445398475,-0.30714617856522625,-1.1014004865899159,-0.9255210336184111
0.15898561469232522,0.6773680607884685,-0.001940794841767136,0.49286025742417494,-0.6793345608920285
-0.19396514291802658,-1.5592343757995404,-1.1526256144868268,-1.7412055655204408,-0.9360945163009103
0.7616585273215558,0.561727102882714,0.7015861020626681,1.2900906968719874,-0.2938065815308522
-1.2327940043320922,-1.2516717420308725,-2.5194645244585367,-1.3460736823719701,-1.7557490046893314
-1.3402339493978535,-0.4083652757188717,-0.9174402659547292,-0.26354237613836345,-0.4367806433753002
0.6727938552804079,1.024571718604909,0.7066098437804159,1.2404921036770973,0.4689390990660061
1.0455456705125155,1.1278702049695317,0.23487499041483895,0.27883026300428704,2.018466432722336
0.46157213903281974,0.421022842461505,0.3213633470316407,0.5172012945081984,0.7805573121773054
1.9809902298494475,2.265247923429113,1.4462497173599829,2.3028623168632003,1.0356428984894843
0.024026832529659377,-0.9737905501055213,-0.25425726639383583,0.32593513624887666,-0.8688788744758456
-0.5600067665055607,0.5081356507591988,1.7226918888269673,1.1904956248507914,0.7924237087561018
1.080421414129069,0.5315571468318563,0.38012381878943996,0.10111993592137551,1.7828936933710575
-1.238924422665156,-0.4939221975762998,-1.1867723730268152,-1.1293314314243161,-1.0312385720403061
-0.8304050211983772,0.06180881032514926,-0.23300098109414916,-0.9217006274580153,-0.8217856815331083
-2.1731688425347646,-1.2876201128245484,-1.431729251105053,-1.3205155132795026,-2.0820530739887406
-1.4349061811836195,-1.3938886181946997,-0.5465510320306985,-1.4474081976571154,-0.22705288151359834
0.3040532584599498,-0.4632104875123016,-0.7278429730489123,-0.2713316177630383,-0.5554880098118776
0.9671914440474715,-0.2337995686635094,0.3524762388710257,0.5197827262363109,0.5171490628684269
-1.8879961120962006,-0.7462019775052353,-0.20345842665881425,-1.8691549979080544,-0.30244639370801113
-1.8253429398588161,-1.6615872906663252,-0.5496958480952183,-2.274108239182499,-1.2029370998822306
-0.40676976242295604,0.03772549677687244,-0.058347788698869286,-0.43591208496240885,0.09301611052218352
-0.461326239074954,-0.714142413534256,0.3087500516177423,0.32780744639253584,0.44732377404472673
0.01632308418741745,0.14186861546251237,-0.41735587713266314,0.07314436021579628,-0.24014663841009573
0.9062888398524478,1.0722427570754869,0.5987222013951828,1.4123325875222648,1.0901187780536554
1.112540453546065,0.7612579943551813,0.4250258800298854,0.9587575654487364,-0.13519316389622596
-1.7118591076491156,-1.235982960036079,0.13749934824018623,-1.6231707752628923,-1.4799523378147572
-0.3517738576179233,-0.9915648989973821,-1.1638643515611786,-0.03230607288973141,-0.7842512152692553
-1.0254017620133906,-0.11274814107302089,-0.09626740881819917,0.3273780136339257,-1.0793642212540309
-0.14060086692984708,-0.7091543308102732,-0.6483365354621833,-0.6618736006484819,-1.1875553629038056
1.9807709583796005,1.300181353735195,2.401688730341528,1.5941606143599771,1.7965002080975943
-0.4535734265068138,-0.4518692873233524,-0.9281145909761142,0.17166260300649563,-0.030406675395572662
0.053562951379082735,0.0023692853051303364,-0.7868878447637155,-1.0130760974754147,-0.5491927553092644
1.3991869314441825,0.9928905020260571,0.9769896604239562,0.13575897764905098,1.1239686540095217
-1.4646795778961066,-1.8722686982860732,-2.031411077651457,-2.0665236115637944,-1.670126279229143
-1.093594697221927,0.5958870353970652,-0.05704252107943596,-0.2196842391895765,-0.6854950500359785
-0.28432616359677754,-0.2491579977618005,-0.6452634478057294,-0.487404656105295,-1.490376423313211
-1.0776472471425322,0.23408804885278742,0.23161875506826354,0.2857849969146402,1.0254410656777144
0.5970365957901511,0.9117380399990095,0.9336796825277608,0.9719564251132387,0.11641399557412299
1.719339637155839,1.984895396011955,2.163170192716435,1.5203451704060462,2.128909095538413
-0.13088883864777856,0.3319993079716557,0.8682892744758818,-0.33591246945113235,-0.43879342469345156
0.8381316486541592,0.5517842292496374,0.17059898055860936,0.3952841775388053,-0.5370004488152609
0.32550150043246007,0.02605677953364701,1.4112835829148895,0.019540276092761495,1.9452104306011804
0.5766001099937517,0.4373436686930821,-0.4375427182867596,-0.307284031962287,-0.7246322730040828
0.9754564331772049,0.09680707895747927,0.4079218324038107,0.757809647044654,-0.5725358751249031
0.30009567522611796,-0.6259546331904144,0.06958771090566301,-0.03368022930082766,0.6470230770630504
0.5428157886559345,0.42797773319796584,-0.23452075024376134,-0.8391794976610865,-0.6936238295213868
1.0535984776947556,-0.23452535369502508,0.2726158873965139,0.18469690736073371,0.41982585748482404
0.4241179677409722,-0.30435720461065613,-0.2181111426884218,-0.13412330182907925,-0.27655555625585526
1.238198296303791,1.4836705729603645,1.3179172561584982,-0.6484455606511849,1.105382427678999
-0.6642848618067739,1.0860569029171465,0.8678428248590365,-1.0754044780879735,0.17237618529850388
0.8170988504979299,0.2818122526761617,-0.3661809607611667,0.10216884171470045,-1.2018847217520678
0.3729450402775752,-0.5555479816602017,0.06770856921398206,0.47415531575131714,1.346970435962442
-0.45688010432447496,-0.7588373194046911,-0.9126204686892492,-1.2168804757033744,-2.3198019391812554
-0.04423168824900269,0.9485771929305904,0.7885975860661611,0.2140423899318719,0.21437902239875734
0.7008715924952413,0.58669033704334,-0.3503657780770553,0.7633830997250951,0.019303472065553214
-0.4314900062233696,-0.13898629483681443,-1.0727625812628572,-0.6576423914579062,-1.0627339700542144
0.3958927991667789,-0.20098480247142647,0.25182822843682773,0.7544781893783034,-0.6023486818409656
-0.5576082793090809,0.5945652487392314,0.022044771750322528,0.14393067978801488,-0.6205294377709244
-2.2728435618853355,-2.5394332191815985,-1.463126799806904,-2.0035476129402605,-1.0097556646160002
0.3773929301445378,0.23379869077848925,0.802257590702285,-0.7512753617855358,0.619200033005926
-0.03019888675214965,-1.1538503499507216,-1.4654416575295566,-0.06524433880329238,-0.8384319921653169
2.732663829821215,1.0621321320225379,1.0017588753803452,2.0472599708142165,1.7503209374670536
0.5987756986242365,1.1726697034975921,0.5765122077395339,0.35578755486663205,0.19204234564619288
2.270840021586914,1.061540040684262,0.7607870233191879,1.764139214187437,1.9974451124173938
0.5079212671893828,-0.35743915570079066,-0.89274652511479,0.08008251943007173,0.7395967991694179
1.1587168069047766,1.0738836960254219,1.5325773638279718,0.19680032461810934,1.4329825742836533
0.8008734590577532,-0.2945807308044128,0.3792374124593799,0.6625794156466448,-0.3563731572611861
-2.465506345604435,-1.3384994418245082,-3.0664764861208043,-3.2627272497583415,-3.061186677938481
-0.678969929459782,-0.490946888860564,0.09562463924888519,-0.3327289692522139,-0.31208304331340414
0.6542464841989697,-0.03314041128040207,0.40459930015056467,-0.023123018371753668,-0.1716792864881589
-0.032210584400154375,-1.8467175769378577,-1.3935820143957245,-2.556585903461091,-2.3766009758398856
0.17662082200370982,0.8855542348434166,0.8798474092236569,0.7051253596230139,0.4709435493820632
-0.04025107331411044,-0.17088466972510116,0.2479981004387535,0.19817759253389947,-0.6037602178860157
-1.1074389232646458,0.04665134336023237,-0.21679514755981003,-0.31485826276406886,-0.16896864256455654
-1.6299311834124384,-1.4496188817095932,-2.1706295305819605,-2.1991153641617958,-1.1996853302660826
2.7762765535110945,0.8296933450427265,2.040720525284774,2.335977637081864,1.8571608489002187
-2.255432556662075,-0.9600656164536193,-1.2400678313804803,-1.1988591764785366,-1.6558983715255244
1.3489818125373418,0.7918388927022322,0.5589367749260402,0.763435596574332,1.051496101364551
1.0490993395912256,0.4888719565470872,0.40488396962548084,0.5338951173037187,0.4135929697559016
1.8755665703179893,1.1820068938661483,1.0331925861279405,0.8304142705794052,0.7710875397381962
-0.07842954094253513,-0.9253854498708329,-0.21227565672445797,-1.0500193794798383,-0.39315307027505475
0.7176118938783304,-0.31728686279825336,0.3454389333623321,-0.6827618490674107,0.3576484731408156
1.0235663627748355,-0.24845678372151606,0.29390923631377347,-0.5074438977379081,0.3599085414293713
0.041759789789629374,-0.31844559226012537,0.22741891054183513,1.0487904191229043,0.8020152743040384
-0.7133629630432616,1.0387607035405324,0.4879322840244761,0.9170965575230597,0.3710647765466174
-1.4215975357297097,-1.239550436065867,-2.272715219644339,-0.7805039584139573,-1.6680874148361469
-0.598057207549419,-0.4823765488738928,-0.0910293925025733,-1.050062310067264,-0.6625600912187752
0.5428846545221419,1.5034006521244399,1.9595311412312735,2.1362223722771168,1.3767379324700122
0.7699167388758352,0.34531545834066857,1.1834285524678145,1.8180689438632525,1.8707609522241373
-0.14913070444367046,-0.7435365973837661,-0.8358791920043845,-0.9959505582317448,-1.7645888542304706
-0.03228469245069319,-0.5085741209257181,-1.3564669136157546,-0.12457420407014731,-0.7364260543209079
-0.44374897340063413,-0.0522099110724972,0.5314027757949664,-0.14984511019661426,-0.14360011245078336
0.7191124932171113,0.9632417245796632,0.8154993037774477,1.684401054308565,-0.15862098829080393
1.7737479319283336,0.8825052413868048,0.8356587063135227,0.5492383708052451,0.7550004256765782
0.25820174143676294,0.2374574166586859,-0.03766320363305644,-0.2706519413677849,-0.024710435690265372
-0.03700253320852302,-0.2080305505505673,-0.25982908018631345,0.7582561182854162,0.0016938109660112875
0.013604360216282524,-0.5751377666069459,-0.37951461148291166,-0.5774759870490058,-0.7367757731478615
-1.1483962697889476,-0.5984852736257413,-0.9147125407157009,-1.5701504444309462,-1.2018098535181292
0.3331048790809318,0.17680989534347122,1.2843095049993682,0.8581798944097492,0.35702180479277085
2.501014411722221,1.4538711600038505,1.6386525650085872,1.921222881325682,1.2434299861592932
0.010066940451172544,0.9052228009079469,0.6451007902410528,1.4059810676490336,-0.10277598136599188
0.6713749744383691,0.9132282093953011,0.8681715841034948,0.508655178456368,0.19520673211242662
2.0028366869943883,0.9870321757369163,1.628769805228615,2.0704834348526404,0.5923782658932893
1.2092684156038656,0.9011074483970373,-0.10718545281432504,0.5754481949631132,0.4235679528462295
-0.410112153629291,-0.6945991698451506,-0.539102322017041,-0.33111992771041543,-0.29061168963705053
0.3313609722303052,0.6506339965399841,0.8393918393171336,1.4354751806126302,-0.2378621727611661
-0.5628417729953562,-1.107778053581397,-0.523825375703036,-1.5842119830837198,-1.1603208708508217
0.810156271182083,-0.20895883992000733,0.22336245434965118,-0.7920143901928777,-0.7160902900897529
-1.1885555213831644,0.11792143978177112,-0.2232331131412978,0.11025398646221364,1.2491695578205817
-0.021454400407123885,1.2048393605650212,1.3235523319286602,0.2850103883378694,1.6330999943365452
-0.549546996353264,-0.28082801490620984,0.5681435977708817,0.33882533182129376,0.18629904491457286
0.25452419837884854,1.3892840771423325,-0.4155379439972128,0.9771174246472287,0.6736330197236667
-0.3686376293662627,-0.9747655200599962,-0.258993871947915,-0.37640887644169824,0.5592295688604386
0.30320847646867205,-0.3525180708608304,1.0283473829794743,0.9378379668233742,0.12549535029263362
-1.0742425274144394,-2.32458001075874,-1.541334737383512,-2.045716502894928,-0.5166507882984792
0.8545835442432914,0.3594882878855173,-0.0999277751488047,-0.2885395765317035,-1.1022560090568703
1.1435817881034656,0.8612752416018314,1.5770152779869557,1.7185845597432439,0.9534302682813969
-0.9158529065802211,-1.7539757649485597,-2.3874569314812515,-1.769948386858579,-0.4279495852229416
0.8476642028678962,0.30220169551707343,0.8089323650305577,0.014390331312584619,1.3528366122508062
-0.984984774202287,0.5288175136656493,-0.18649167533626565,0.2127936668511546,-0.7009494798812806
-1.1445581131347364,0.16956970870952065,-1.080746397068989,-0.054436447887152996,-0.9453672233610829
0.28118261469843664,-0.4392234482475986,-1.186869404487848,-1.502011543001853,0.23616010829766396
0.9330275336230682,0.22422749703657888,-0.05977213037260255,0.9708278578372707,0.7683069269545582
-0.14553677151522737,-0.27673286566034394,0.25451476055401717,-0.5955300210860128,0.06409976609346436
0.49914396890221613,-0.4794665130518249,0.6198568443762276,0.6805313577614708,0.4785527175385689
-0.5304496160035671,-0.328897859550954,-0.23507564761518185,-0.5180188651455154,-0.7068944813467913
-1.1562092833520383,-0.2956370958088219,-1.1371569562137729,-1.3685301782123611,-1.7251412660354744
0.45606862709128476,0.7901958123977461,0.11967625003002758,0.7087996274106871,0.1393449201525671
0.7606941798615261,0.9998872688763867,-0.14202708008799178,-0.5876484870153241,0.10134447473319316
-1.3805094390861807,-2.004593555345195,-1.5164106895227054,-1.6089713939111678,-1.6110935894932952
-0.6156674742232158,0.2722269184285049,-0.5762553596490524,-0.4898049396508444,0.02409636123705069
-0.6586713909080023,0.9119720837741355,-1.1299700953543144,-0.8762545339094014,-1.202407790963747
-0.29926693525945736,-0.22454885975662117,-0.818695445416608,0.4583615519114706,-0.4175910142192532
-1.2021131931620634,-0.9506489822555205,-1.2495650687630244,-0.23746740120102117,-1.0494262921803459
-0.08499071577549454,-1.203628430762062,0.03400118153543036,-0.5456798275899634,-1.3894544061086302
-1.1681712296623101,-1.2861222295028822,-1.9908696371528178,-0.9824586466066595,-0.9902813277204187
0.1820880842078183,0.26716897890646135,1.4259315262025625,0.33430395545326097,1.0933183067668377
0.30175783063915607,1.3112207476430295,-0.5361964588875361,0.7555665882212234,1.4764161219791898
1.1604403675694166,-0.9783252665913187,0.17004771002421767,0.5077442816783945,1.382258960227586
1.6066635207172966,1.9386093595019975,0.7980124819140503,0.8202105087771627,1.5351486246628636
1.2990609139381435,0.7397414230763899,1.1135479120749314,0.7591916341686455,-0.08792230071166915
0.4784825354592231,-0.2867358931328884,0.03177517183364516,1.148233991892359,0.7706738069385005
-0.37081389033243,-0.8650504584159834,0.7314880574093743,-0.5091384008840925,-0.054612578190406984
0.8455754830385919,2.2749624751718533,2.552640012290902,2.5572450507286772,1.609988515056227
0.22412885845144565,-0.01262751566091279,-0.7812703828680788,0.004708797462867729,-0.3750990901599508
0.7874055947319458,2.3610907579581704,1.263834884200233,1.5751977649805664,0.9987657161283187
-0.31002307562803555,-0.15165707512323165,-1.2916560406720872,-0.339117188036485,0.35151304984535764
0.017746386835831393,1.310585335499863,-0.7437860257149268,1.0387150462546115,0.5474301221473546
1.227035073483271,1.9980575679175188,1.1177678794125994,1.2975918761602072,1.3418129872502664
0.3359760389142316,0.7961495708715256,0.1671523433874481,1.1584877544239494,0.10978352993972368
0.06605092758719396,-0.183105823048687,0.36066123785060983,0.6678911285844243,-0.05025654378083923
1.721989053786648,0.9415882545433827,0.8360803349581774,0.9241439332922101,0.4494213348919784
-1.8518314729978556,-1.770088715310856,-1.1016471651662911,-1.7267163656408147,-1.4008520835152294
0.6523316125673406,1.2066222731854745,1.0661492938562545,1.4438602734523411,0.0318985285453538
1.497226910582639,0.5304879903625858,1.0186540752582134,1.1813677381116077,0.6819444923216379
1.7992085921155039,2.626128014738313,1.6751980073484725,1.6047404062595563,1.753169891589181
1.0272651775502801,1.4135185676255781,0.40505974082550533,1.3245146828503103,1.3511539856704444
-0.5416153747004566,0.2461165417684544,0.6956099681719413,0.3517561235898498,0.052513718133160345
-0.665273020145819,-0.7906546145099193,0.8451851134159153,0.8375165952086242,-0.2045901837235277
0.04085744309707055,-0.148819220519997,1.0842185006552287,-0.28282126237889343,0.20708395864605408
0.44806927995977364,0.7748075230615425,0.4349357951370388,-1.392819645037081,0.6403714130516153
-0.015050437447077701,1.1358088160266149,0.5552869952473212,0.7381813587468059,0.27516330672852257
0.3278070644953016,0.8433455386700307,0.1296929556630407,0.7400597753371936,0.6063925957715852
0.18786268829395714,-0.1937304910768192,-0.04895635484752313,0.6790642629241416,-0.946281832154437
0.41964313084682964,-0.7352763602667173,-0.5098617563393428,-0.656429395096377,-0.1852360740448307
-0.4775672002815625,-0.39752460466100914,-0.5768490263484808,-0.4562631031808177,-0.6720476849003191
0.3874123312163166,0.424675914935359,0.6137671236398475,0.3475500144951779,0.8912294346804273
0.05754746236302374,-0.32335505823311284,-0.04487601470213741,0.02853622355797397,-0.2809695066096746
0.8844051771586184,2.1373320359287744,0.8419025654842495,0.9299383852476274,0.539983133396463
0.7612789240119442,0.9011214993517357,1.3090692266334076,0.6007833670827342,1.1964976708036803
0.7508977003354333,0.5104296646678035,0.7815761518373628,-0.1646760719491545,-0.26005972541452244
-0.19131606520251684,0.17548023196434465,-1.2048057620847163,-1.012165760686321,-0.6884438667717515
0.10434548949342579,-1.6289710208587351,-1.0159015464709589,-0.33944301150144934,-0.01716652794747494
-1.1078687456749998,-3.0466919050712544,-1.975488192388757,-2.3613515391112503,-2.299836931669795
0.23071373146769983,0.0380373964407861,-1.1745977823453577,0.31492617677344076,0.25103681941647493
0.34212598210151335,-0.09980749636629524,-0.49717670305131983,0.9024226370519587,1.2597662343085234
0.01183561088384301,0.4992755596461786,0.4985016141585939,0.5162536082909297,0.9328818435916442
0.6397221206205324,-0.13957708707486266,-0.17812375510141376,1.2745309690077935,-0.020192029921376992
2.499546875961079,3.2381970544989804,2.439434130488194,1.9922735391313364,1.9014879719230655
-0.7979522782612415,1.1891540016706954,0.48178570649621266,0.7362874344772165,-0.1272615326248932
-1.5505920728948448,-2.2139318649452844,-0.594447331812573,-1.8837072556386567,-1.680374147328828
0.06983676619155475,-0.7123237139893794,-0.2440553682817007,-0.01643881578340418,-0.37178082707358656
-1.042006968145894,-0.46922280905182734,-0.16793638257412558,0.4352955199720971,0.4173343239022447
0.7748056952559169,0.7721226416964453,0.08288722938131002,0.42678129926160163,-0.5175124643170699
-0.5067141077133985,0.02913032206803492,-0.3725021329951081,-0.5822108477337092,0.6979157663148592
0.8373928252858407,0.23143752142762855,0.5721540289812187,1.3467058450790332,1.3816908223620599
0.25772350557949614,0.4868729377100095,-0.48325633220005737,-0.7887614735389363,-0.6142190988954014
-0.2467845229724189,0.2895554137599327,0.1575842250573147,-0.3166690827152413,0.33231178685475415
-0.6521267905548579,0.6353761280984408,0.41857049015121117,-0.07459190488310274,-0.11863054173860405
-0.6234615368162261,-0.7180870424192095,-0.11172504842061402,0.8233497815942029,-0.47715313453449604
1.6361087189257477,1.6309150166819248,0.8156300314955917,1.376752970325824,1.2399831655995033
-1.1278540827775627,-1.0103318067566873,-0.18485116968168602,-1.5027747586486018,-0.6468319403580396
0.06990321963675451,0.28712695233884733,-0.1737561908908252,-0.5893604762223805,0.8558065701975588
0.4134063442603889,0.5278287391163873,-0.16607208146468014,-1.0105524772431098,0.2886210153117988
0.108922060547077,0.4017603455716108,-0.4950496237591754,0.6265781558514528,-0.10321287025082443
-0.023300316979164265,0.3893648348282022,0.9462743129216936,2.6509035180622544,0.676441363500412
-1.4913296516383154,-0.14817425424677727,-0.4392346411759739,-1.2409657518740869,-0.7465260226298064
0.057176240776687245,-0.7611918019806219,0.4571347113887013,0.6849185290411702,0.6067325742006329
-1.142634670906068,-0.11146173298030809,-0.6203462301310431,-1.2569319856583192,-1.3758693645063087
0.8236971270055954,0.41532526860384017,0.6029010233620334,-0.15361500610434536,0.3811351478034041
-1.562820358044635,-1.7291903457820519,-1.662681627507332,-1.4832703245675902,-0.946851316515795
-0.0604750151058075,-0.5319234977946359,0.31665141797015084,1.2854507968448754,0.5894628007328423
1.3349992658330185,1.2899910337663287,0.47098548207972196,1.5446843763254956,1.1867680318771787
-0.10079657520633231,1.6447649610780162,0.4284490391953673,0.018319529445509596,-0.09695705537887336
0.3087305515021667,0.8197778834898235,0.6862587069830319,0.866242409467958,0.8125309767991448
0.2786606362033649,-0.2253596740926513,0.19533331573670548,0.9549216403670185,0.4420053195197342
0.6804968986079708,0.7549136828371557,0.7569447574339327,0.9443915898121249,0.03979462015639094
0.05093792532527252,-0.7289014776315627,1.1504183190967647,-0.5342124549901288,0.35414991174220206
0.5647674813506843,1.2684231067291585,1.447967241832409,0.9700687502089305,0.8091493821197896
2.2334545226832794,2.6767915579790817,1.6856039990362313,1.8654644606473667,1.8455169651702086
-0.5102918826763885,-0.9784567865047294,-1.127059484045149,-0.7400280122381017,-0.6477415811820106
0.7150818760575488,0.9748602920094525,-0.09849312945362078,0.7625193452192114,0.49940168679702723
-0.7112005967748055,-0.9008635971496466,-1.0164090502155902,-1.2515193211222118,-0.3948985601961976
0.3362760830808669,0.3044220215815508,-0.794906675968773,-0.3407166427089135,0.8285023024619653
-0.6899828937324549,-0.5741649073253794,0.12247180277589449,-0.36749534094244596,-0.6416217628761623
-0.8568081758463887,-1.3289050236241087,-1.0201023966370764,-1.8931996637186805,-1.5222628195532257
0.7721316264092527,0.1160154316292547,0.33643563288237255,-0.4908503585642916,0.19300710174752567
-1.092364329797944,-0.11914280934118615,-0.18784679517920255,-0.6160744307912916,-1.1190122251014458
-0.5678220170906998,-1.154119871721883,-0.5184027880693287,-0.16377200637979994,-0.5512838456164045
2.782020886461272,1.2531953673675278,2.074259635694852,1.235980361094583,2.23272493694894
-0.4416582845321392,-0.9558483833095603,-0.6915026841385379,-0.09687500956859142,-0.5078793349698053
-0.9017831052331776,0.36233688596548574,0.05549447463086429,0.795483171908401,-0.8428925724984491
0.0032101860835020736,-1.052284692207414,0.5314605338092098,0.14217060697951817,-0.6122511893428859
1.040514958031521,1.5196256020045773,0.9322827285459703,1.0313413228788728,0.11137269307777953
-0.02734636375395495,1.086227515436498,-0.027878322217286807,1.0668466412234852,0.49509478819039954
-0.7950325909588798,-2.4810556896753977,-1.568928237676534,-1.7301185691674057,-0.019897818602773204
0.5751531741942404,-0.059658348900233714,-0.3143204233830677,-1.09176346790555,0.3054551881918649
-0.9772109869180245,-1.1462610419967079,-0.9160955728501469,-0.5768265585783394,-1.1413918459290375
0.1203267991258543,-0.7860058157101897,-0.9672328887341243,-0.33146380824170574,-0.5551696436466301
-1.195555129018008,-0.3068568301876368,-0.5433269944827287,-0.12740321196397203,-0.027967182472924467
-1.5484267162431766,-0.020473367984670494,0.42576550273281094,-0.47458300016989297,0.05163809702093384
-0.0039694227565231265,0.4854583135590259,-0.14852920042840254,-0.1754382929489993,-0.15349020966242372
-0.503308245665705,-1.1697008129874915,-0.39412779960165933,-1.401121357700288,-0.007787481614506498
-0.445997440553575,-0.5446244022188187,-1.4883603066070001,-1.8368834474131333,-0.7023276209214061
0.5137353410540588,-0.7922108255482443,0.024799838134974706,0.05593296987345668,-0.2176159363820419
-0.35232443870234376,0.045695315769890665,-0.7592605537314453,-0.21285724318240085,0.36273034184248776
0.4070459145776499,-1.270525489674678,-1.0567353892345643,-0.6835381251835722,-1.5350761075984045
0.863564194438003,0.6545092560903738,0.2770732066904108,1.5197749299758847,1.2547232696163138
0.396091239915044,0.8256557662187989,-0.2769300766427155,-0.44626095830608753,1.2412267582912424
0.3611080522916591,-0.8289619252946393,-0.3188657668361158,-1.0196976285260422,-1.6539129514036877
1.005432190901271,0.9999338045176399,0.8416969625394989,0.8739149863502321,1.2519230595431017
-0.45274588432175183,-0.6689892832936982,0.026483119228583357,-1.289045930588732,-2.137242992775941
-0.5076058766664775,-0.28104080943073084,-0.4873097603501162,-0.2387870364489268,-0.3801329678195296
0.16123169335568516,-0.829008697605969,-1.196565788045926,-0.6037869040924827,-0.26147433053606545
1.1732775779561246,-0.1532088387091289,-0.14532764845835464,-0.7948122154781138,-0.7777594399368735
0.06879782496121095,1.1862081571474885,0.5824445746950492,0.025900653276987665,1.936098181240055
0.16975198528556001,0.21662355715081477,1.6936851667635189,0.8259510675532464,-0.1620411564295519
0.277758533236939,-0.4856873300136325,-0.2687806794608812,0.05817423880001247,-0.30106226393475377
-1.1081207815318248,-1.10822647359833,-1.242944490953701,-0.1710382376551647,0.07601055948572343
0.2625062800938898,-1.165348280112245,-0.5103078677753095,-1.1829471435976502,-0.5822933988047065
-0.12054591260657997,-0.8408319980237785,-0.1616021741808354,0.7070757562999181,0.8451601605588244
-1.2566352674151713,-1.41704308806282,-2.3719359644624567,-1.9161206487346207,-1.2777324970925246
-0.43232843697993373,0.6943042240810186,0.7081304881669868,0.6645162238477732,-0.05562535956809087
0.11367475387757725,-0.415193771067478,-0.32854807336200326,-0.5895536737000316,-0.7166377137459805
-0.5195277365917358,-0.4103628092455207,-0.6361002909564283,-0.008487507233347392,-0.739440204753584
0.5387763692095544,0.021175149285888237,-0.6164224410901368,-0.20885406534825493,0.283210521612232
0.10061889401138141,0.8095032048151095,1.910871448860445,1.804362174606498,0.8984824224716724
0.1856792856106687,0.27274400943328975,0.5739201355848756,0.3891276365918454,0.8872712101888203
-2.6477792881525732,-1.6661831373411837,-2.2229606990299935,-1.1616278883799422,-1.542816634981652
1.505511405674635,0.5660696771816087,0.8240090931713072,0.19406874204164912,2.2950546389381015
2.4088467333938697,1.0305459840124016,2.3648412684372793,3.04168386518264,2.603076459059535
-1.2949393594074983,-1.4296255370872504,-0.6992707402966228,-1.4368892681803325,-2.364060792188814
1.3501921423006686,0.7685722491522783,0.6669908316483291,1.341375126190579,0.7784658307525542
0.8702639065796413,1.3009330687061402,0.7912491944119128,0.46781221013110125,1.132996839493376
2.220435923001443,1.3090855016223981,2.093009657655011,0.04311188491250781,0.9418277257578919
-1.3378006843236407,-1.7859514231970233,-1.5471476781688998,-1.6199828516444033,-0.9691766680302017
0.6013011117770667,1.9940584290015633,2.093640791325735,0.9791796559496976,2.2700420389843834
0.713934604042895,0.6218372892822205,-0.6116531803203731,1.207189511286729,0.8191498852725655
1.301161855053037,0.2409227134267496,1.125941297374805,0.6639386701652015,-0.43636961795481893
-1.4221214841147027,-1.8680530077157287,-0.08948652098953021,-0.38784101712393393,-1.1400980397583182
0.06824535355039972,0.36876105739824167,-0.40866541196795997,-0.6963465930346133,-0.24025321339308964
1.2145568540802376,0.5015920589689637,0.33516112021428524,-1.2359024301743249,0.9419780103082317
-0.19687423748498956,-0.1840837013412653,-0.1379408612991778,-0.1365259591790867,-0.4079279672933722
-0.6325673884151815,-1.0815562025507763,-0.6969745982069627,-0.8250597396300128,0.1451810048663378
-0.12194509036494702,-0.07510165524522647,0.4396009227787527,0.9772084899502178,0.2370930290156971
-0.030177925769344683,-0.22502189343940382,-0.08915412823790748,0.4539451554796316,-0.15556966736395356
-0.9143259972688166,-1.1750098444106445,-1.9392650072023423,-0.7112663118237439,-0.7038863952232535
-0.331142957700815,0.4812102701154842,0.04679486605141417,-1.0083558954713838,-1.004161630752178
-0.04531785311607069,-0.38098453338127747,0.4288576995155277,-0.8410372575652312,0.011247111531670627
-0.08718434652752681,-0.01766484210189981,-0.5961364578218713,0.05369343491268069,0.06349137671993624
-1.0780526206473726,0.09245509716070671,-1.3920894276877818,-0.22723931483322068,0.048775265092838735
2.2113009379945185,1.2731569694401563,0.6832100260350142,2.0149948513827676,1.058360927265669
-1.473244834794786,-0.8778510174142449,-0.3834079516746529,-1.341550381756023,-0.7651540324709839
1.2468821353739967,0.7300739983210166,0.7284133049133686,1.8069024490527124,1.3730117808312783
-0.8013109462062801,-0.19472457760921622,-0.0352853712188848,-0.35848470384573183,-1.0979333706582974
0.23505828990762986,0.6472940938780889,-0.030571015861367457,-0.31999768833493647,0.05883621098867554
0.6512091895686416,0.7470763445348481,0.2942411185868286,1.9325725869943107,1.6933045457963396
-0.4040114792959988,0.6814105682879444,0.9691719375158231,-0.11252458007306806,-0.3177017984452757
-0.33758739410516037,-0.609387622083245,0.31125792308625544,-0.1407587423720165,-0.4242393354187773
-0.6684191330287608,0.45776840884574777,-0.19141864820777113,0.2536823505621438,-0.7686456986369868
-1.091118232238705,-0.8390848514943717,0.41343630558480765,-0.4934200150946692,0.022137411863109097
-0.35928794085076593,0.5318060853790229,1.708447681256046,0.5612532632848656,0.42340466629186746
-0.6332776556259501,-1.5758085825547816,-0.9378198918789086,0.5686113947211691,-1.0916045903181208
-1.1292882294204998,-0.8943421484723008,0.0890345210518884,0.6526744332889008,-0.9113280782764669
-0.2337255210544387,-1.5454976249055017,-0.7817403346111529,-1.456170601317186,-1.3936617306526622
0.5003975723999309,0.5500000643015236,0.8908827146006946,0.7961449257903426,0.7820443310918932
-0.9742481517561296,-1.262137684195939,-0.10765987498443405,-1.1723767397930278,-0.9082815939877422
0.14082235603552962,0.21888451428398725,-0.3600170353863956,-1.6641292332712967,-0.43857125942514064
0.8171870633773708,1.619109193781501,1.2249118546996376,1.0055669245621282,1.1425177817542447
2.3432337615002483,1.5858759797677922,1.9193478543466982,0.9218873272546366,1.2128103845396403
-1.337026720785349,-0.7419942403051373,-1.0086302229095947,-0.8151076540096659,-1.294364248925711
-0.036030925963570735,-0.15104627175731647,1.3865920315636406,0.6904200068786854,1.0756759114909793
0.30083648311658345,0.6409171732938794,0.8418418993448921,-1.46850873886679,-0.6591470609969986
-0.3435638405080066,0.12392592624630014,0.9673677506359554,0.6848388969986682,-0.18777632086370144
-0.044413282445754085,-0.2132465709552039,-1.0484079925478877,-0.5500195209055665,-0.5419765380055038
0.2843097458155432,-0.18586904432925638,1.0756640366445391,-0.8924412295682658,0.23472022692293149
-0.9090868461138966,0.009976328744366275,-1.721902696444057,-0.6060183899175277,-0.5131809241095632
-0.7873968196208074,-1.1738934812456885,-0.15068386656029625,0.6271736293183108,0.43208343551205597
-1.0209477609709525,-0.5098079057043602,0.11254870832562937,-1.8267635600553267,0.1419810188711636
1.2165833791214786,1.0145731558270992,1.801183536218116,0.4652064111201211,1.6171290125792175
1.5584459182402706,0.9226512483323503,0.6137024578289235,0.334278509756979,1.1411191082519025
-1.2213546647906157,1.0231368394273719,-0.7396822336049579,-0.4396969815285055,-0.8714568324334543
1.0374526302402653,1.527487311290565,1.191288812444971,1.1578837284317098,0.6579440228804423
-0.2426466273040533,-0.27801899790388085,-0.8816205011981577,-0.3208548668142261,-0.5237830326280551
1.1521556192050701,1.1623318612162479,1.796004259526266,1.9470720176192016,1.8953210114529826
0.4121023258121922,0.4921414590290539,-0.5198913327886199,-0.2850477050175583,0.0778813812567145
0.21526764580626645,-0.4528293165794261,0.7505875378167212,1.4648040092832881,0.11677497950716771
1.5197020199186602,2.0171203748544024,1.2997487277232393,1.0445265788031297,0.8530452733153366
-0.3848256081241389,1.4733955328793367,1.1766851654578645,1.7301800516248766,1.1359290150495316
0.19414554363920625,-0.29951465602674293,-0.26081508977699447,0.31686093848775476,0.05115832807409547
-0.3446048546945971,0.47269148306948516,0.2586600380823364,-0.2296522903950647,0.7289492003783267
-2.386908470805575,-1.246679039621432,-1.4822204376624601,-1.5594430528464431,-1.8641084538494
0.6699581270870059,-0.5328181822599859,-1.577985527773966,-0.12932141116857543,-0.4290060984351774
1.2507285498098788,0.7104285485531326,0.32826145159582926,0.23812737171994974,1.4519986193591612
-0.26540485177778567,0.7726175212348215,0.5556385579138295,0.6032105882895658,1.3699131752185758
-0.9795755747151831,-1.8994882060954104,-2.012958915253831,-2.595946946635386,-1.2444483248570877
-1.3079944470048828,-0.2515115193313342,-1.5905484432354113,-1.5297993937917,-0.7270166894898188
-0.6527946616177543,-0.023101098229045124,-0.7181711811341823,0.13309153177370198,-0.4611221541823879
-1.2807556946587322,-2.2852224342206977,-1.4330566757234042,-1.691012982057716,-0.6666203239805918
1.0707314810661284,-0.1811550659603312,0.12608179373503434,0.608127697308638,-0.10432978178035024
1.6658221167481673,0.3596431027512672,0.344879005061585,0.7768977108348661,0.48778105450667886
-0.7132013562881767,0.6645759951890355,0.5232294646000886,0.5469948762782091,-0.16776625306752393
-1.425890158455572,0.2020258300493372,-0.8310799575478603,-0.14535300616806573,-1.531831555583343
-1.0227561191032293,-1.4916616505676938,-1.0036843949557734,-1.908624470055107,-0.7914614519550086
-0.531654295414989,1.71317226481228,1.0472847684229734,-1.3452593574279301,-0.2685658985608368
1.1633741685647492,1.478048252605563,1.1055321224860049,0.7965524132611245,2.0564092935121185
1.8667040212581771,1.3401973896688213,0.22810381558326337,1.4204864596286946,1.0586872897108446
0.966130291107742,0.47605900632732046,0.6837911382758297,-0.3319689302581956,0.23471477410418573
-1.592043782903793,-0.8152480109797026,-1.7725876305760901,-1.363651897484035,-1.0718234004254565
0.9658969838596001,0.9876301063986983,0.2592568766322993,0.2417307225624921,-0.4866242481634712
1.425991652736296,0.5219195265281515,0.45160750819798656,1.1137892918716195,1.3462482797028292
-2.3009042057215607,-1.7645418471191385,-1.3097895346779749,-1.7349486523647446,-0.4314572746555192
-0.5614944188515226,-0.9976387412418184,-0.2652359127530332,-0.7831501735569996,-0.42935907561144393
0.3796380253409028,0.38725406328326506,0.5394237876247507,0.1331084864295377,0.7316068941174573
0.19725946375462247,-2.505658178342531,-1.6046598399084293,-0.9114547277237258,-0.3959385604774376
-0.7817979777539272,-0.5134789280712314,-0.0417852978559465,-0.5243963364570611,1.0001225562276457
-0.8088797426447678,-1.7378400529328901,-1.028566510323238,-2.051744782235779,-0.7806580162803142
0.4891513193414859,-0.04468255367741019,-0.5327782779264751,0.748132753420933,-0.33798940646018494
0.6633499504952315,0.8111883032927114,1.2014223844810394,0.5542277597051736,0.4551756464287236
-0.31620674065722476,0.384429042856741,-0.09827190676398082,-0.00512855478750661,-0.2733814882175851
-0.0678859412871481,-1.5781415972606232,-1.148137259433827,0.004888955021566254,-0.3402217299144873
2.293189755769714,1.0190599294670235,2.834299419895884,2.1195958429126645,2.092078446257089
-1.4080529560621848,0.25687954307177613,-1.0648099198460672,-1.1935560774602696,-0.6317686922351493
-0.040393070962711115,-0.4817991459226309,0.045780145099797595,0.6124651820289153,-1.1489745890018868
-0.5180368434492442,-0.7442015363813953,-0.5277090142411609,-0.41135735530182843,-1.133010448148536
0.16569417545808948,-0.8049321413024604,-1.608291227620105,-1.546689781981405,-0.8157734882533193
0.10048880247536285,0.37521666269150117,0.5082437357695947,-0.2582296856813617,0.29241121741237475
0.7382953019031117,-0.5336727450413056,0.14396741976487973,0.14224748064669238,0.27878886606561315
-0.26582315143462837,-1.507153183812776,-1.1424985986997576,-1.0640699398995876,-1.1780589403918629
-0.2555993172021584,-0.277611130167572,0.605469036662379,-0.09792713658830274,0.5955492599252913
0.9566858895217873,1.0546638245824522,0.9401924219146598,0.8577434460530894,-0.023491528121408464
-0.3456465237192479,-1.5544785865674653,-0.41843271286060796,-0.9974170815560108,-0.9668908694138107
0.11052633391360532,-0.04808293682901479,-0.18823152319630465,0.25467934626953115,0.02451727036883884
-1.4998410314681672,-0.503061144309915,-0.1262573239797737,-0.5591244791863378,-1.0451183871169551
-0.10799577654742482,-1.3542162585089248,0.4416101553551753,-1.2220989930492885,1.0925321440076596
-0.925240634208353,0.1505723878669125,0.007158053824116722,0.2989029860901117,-0.2626436885221863
-0.4204045340769358,-0.34450852769336504,-0.6222957169589491,-1.2364141356024942,-0.7543931850667303
1.4179132551752256,0.8313239295207909,0.8013545516319002,0.24343081372262582,0.9235190015075257
-0.6028234985080969,-0.48591156742026254,-0.3578896158467164,0.25492179051429503,0.0971109338485709
1.9871429986736717,1.4036723520138064,1.5690803380902991,3.0499259625302093,0.7213407363694971
-0.221309716112381,-0.20932344975578213,-0.6599827461662544,-0.5652224643826611,-0.3464584764328744
-1.0749239728413902,-0.3316973818132787,-1.2340896527307008,-0.7481113373871715,-1.474162541017903
-1.12081617768313,-1.2919256117886107,-2.2235389370219325,-0.3405685220555071,-1.5559473444605239
-0.31485014820020263,0.8109087768234657,1.0079532764399173,0.7688396864605065,0.47147834057604027
-0.43677623935128057,-1.064591531722291,0.5125136178277524,-0.16195006123490868,0.29179956855815514
1.3262008451761083,0.9444315112052031,-0.017734643133939108,0.3017958790363442,1.6357968052262113
-0.2293333976174597,0.4223313319002571,-0.6751612291802334,0.47020342558016864,-0.23083241561191026
-0.39920911927031666,0.258032032868582,0.518767351230954,1.0035909951725224,0.14441386797207148
-1.5849541758466767,-1.5027383708701751,-1.806506696948801,-1.5571009153940463,-1.687327901680751
1.3674575384360468,0.06377738392903574,0.0739069582541823,-0.33250254110636984,1.0514989048957026
-0.4985408017851855,1.16940867310523,0.5245979059764834,-0.24999738208015876,0.9458323734592021
-0.5725176322865371,-1.4645600936017582,-0.3994742949967234,-0.4354593702158368,-0.27192518643686314
-0.39975885409146866,-0.26323001401533924,-0.3433616231041403,-0.1845307802548571,0.13229886955386977
1.313547102461881,0.5577978191692375,1.8523021082839413,0.16931379999883145,1.3475213112886903
0.5084934598117025,-0.42954975884456037,0.22982115897470093,-0.8035826866866311,-0.18672634449934164
-0.6579157153482312,-0.731766911851923,-0.10980055552099308,-0.3325522937974616,0.4002382774294331
-0.06641005456278776,0.8111914646749997,1.414178030717978,0.4526287738424042,-0.15961173438922654
-1.0989335447490247,-0.2096884305485363,-0.9420590596661497,-1.210172673121543,-0.6816267162319432
0.9850955508159527,0.6143572984340727,1.4931088637346392,1.6220890973184114,1.2370930959962607
0.5345321958663226,1.3467925680150603,0.323281333582354,1.1741684094877842,1.4451156422096596
-0.11730673524007343,0.05993980952613556,-0.35503863054393103,0.1640323387909845,-0.2564924467080319
1.2134686404303856,0.6513865488067995,0.33635586721394295,-0.3936664201743373,0.2655732237707437
-0.7415753918952084,-0.18149496023813197,1.395250752988646,-0.7311208522630757,0.9767015020550571
-0.5621437129932807,0.5733439694542889,-0.8440564371800976,0.1481530412569259,-1.0053429589534812
0.6036631251808101,2.098381172459193,0.7673480789053664,0.8776837909285985,0.49554203969845023
1.5807015522058652,-0.6452211218937639,0.9954779512343471,1.7027900212173457,0.7783713013995657
0.2728369072860761,-0.4313648163968119,-0.19055758171325163,0.43667036709251583,0.33173124542953875
-0.25908308812656333,-0.13005474868167707,-0.39387146715546983,-1.5434168246625104,-0.6577369589207576
-1.460675410075241,-1.9588226453145365,-1.3393356748308656,-1.1750946285157013,-1.2682455243128938
-0.8043833617821002,-0.6322846200017623,-0.7929078837542644,-1.2364237854414895,-0.4436601375467853
0.07511050285640543,0.4353656097132047,0.17954784293664158,-0.029991508838903138,0.03404560282111759
-1.4556242227653025,-0.5390176176901627,-0.5786666775814686,-1.2337275721591863,-1.9647165433062308
1.1537198103481834,0.5237248367348156,1.5765210135104646,0.3878974159091405,-0.15257455714880555
-0.04657106194802081,0.23884487904060597,0.331889499781248,0.46024859351073905,0.7649943715195323
-1.9717007204642591,-0.4587951757255534,-1.574803001420936,-0.25531696408747706,-0.9736753116503853
2.53243633094982,2.6286806461992716,3.1223428186507447,2.1446151714850608,2.7670420184822406
1.5996823221409024,-0.3687462509819117,0.34569348001439587,0.9825259530962576,0.7623185207066334
0.13001025019868517,1.1572453582707447,0.6432163464656142,0.4308718737625124,-0.028567772689451005
0.9503825720207572,0.4542859688434877,0.336795355785984,0.3885504633318937,0.08230869316045006
-0.21914559941195488,-0.5588843654468229,0.13920904240853207,-0.7137911723318558,0.4350110210825295
-1.0270554734384352,-2.1091115209013527,-1.4005286292108703,-1.8392044929713884,-2.338485146528661
-2.6466244036805713,-1.443905355493301,-2.5307521498144716,-2.6897924942337257,-2.339660407861791
0.03665127405707841,0.41386530745094235,0.7384321148734142,0.49680313552346844,1.0527781274475159
0.26255716755270053,-0.7243071024025838,-0.5125012699303003,-0.0595730776848342,-1.4006738650993857
1.0694031536447672,1.1144051008782352,0.3973108490228619,1.896021183628203,1.234781343784831
0.5168217104797777,-0.6796296492067699,0.6602173329594918,0.26880882401571055,-0.4444361340943152
-1.0661111106395158,-1.459423582160079,-0.7346069655707361,0.03250469198894963,-0.23779519321601422
-0.6927880325737338,0.45843597939774466,-0.898303446521829,-0.8683790682375717,-0.4832187437112777
-0.17683106998688472,-0.2417206154041439,0.7854382265186299,-0.04004606779752299,0.25053890396330936
0.06754071104971793,0.04229251897818636,0.04240802913880168,0.037796933840597007,0.9132478294654137
-1.6582850705192809,-0.8771365699375783,-0.5980582927729525,-1.5964655032272916,-1.1589735452270555
1.9688277350425103,3.1371050151559445,2.175576826262253,1.473158659892075,2.5053521417164983
-0.6881661771890824,-0.9527830639298451,-1.3088089630907134,-0.2795069830423087,-0.07552295098648835
0.11979816854644472,0.350983856324277,0.9470221233148949,-0.5530113369835686,0.794837679051442
0.16607993646229358,-0.3599076018031716,-0.8194862823382233,0.9165657180336886,-0.04464980440888032
-0.8121223274163604,-0.597108459883661,0.5813700084612206,0.5660146374126434,0.48506143985642897
1.0652279191306906,1.0690959285058397,0.6565612001229153,1.5757235773037468,1.6770619455707523
0.5959880793470688,-0.9850986915776117,0.44298119540326125,0.0005562446951862362,0.196582994438118
0.6043976782932784,1.185101642185422,1.137423415046341,2.350753294064299,0.832008219955633
0.010640972551314009,-0.21863272555281243,0.931512239632303,0.30088799725092547,0.17232482243683717
-0.34022313009096444,-0.5859559149857133,1.2963749469226438,0.1052122281031678,0.4302661373704467
0.9144221194624433,0.5653949125193934,1.2678888998616018,0.26207228430390433,1.4311978432208
1.868837289079804,0.9866983020989251,0.9284582863357129,1.454880726486793,1.9030230443880911
-0.6932035183121441,0.595526872653225,0.1471967082970167,0.9234566959554713,0.04359997723980129
0.963259324794884,1.609430747246695,0.3437141315848768,0.9639599369286695,1.6201159891456183
-1.3091944274666856,-3.1443264193318803,-1.6924090745053448,-2.6662262448859195,-1.7471633608716626
1.3966854095168484,0.3512974221565491,-0.09093881714363351,0.4989039910129304,0.36085756881965897
0.2767801406859748,0.8690525572072553,1.5128581893417337,0.6572257251063889,1.4000827703393288
-0.18451428055172725,-0.015427229363716643,-0.007998735270821948,0.16457325724365748,-0.8663059552854226
-0.31535742785337806,-0.9664410792549877,-0.5984847247875974,-1.4529704771264575,-1.3000208770277109
0.6899303938409085,1.5613871371830321,1.025009748726803,2.2458306885259613,1.909203831367689
-1.6302456201507491,-1.905058846923837,-1.7086704483548953,-2.207435309154266,-1.6649638951958825
-0.9866508962941386,0.33435611374299545,-0.21973868499912874,0.571747662194971,0.4122317323927013
-1.1726693518527886,-0.12732287894102845,-0.1617576114035007,-0.7095189859161787,0.16528103719195672
-0.5062771090190238,-0.4163264097357456,0.846169585794623,-0.5772114719317714,-0.2357360869833432
-0.03953916992475248,-0.5654751269327415,-0.22428301677727483,-0.3569714729545705,-0.759057441216181
1.0414228643501688,0.5134218074273982,1.1760050686482066,0.8635345880283992,0.36627499442757283
-0.46528150922090605,-0.2280154167066679,-1.239350155886894,-0.5789006649665267,0.2932548571264142
0.14160630416537393,0.3005790387143303,-0.43371249534754547,0.4655996822516609,0.20540358112312984
-0.7017617177931573,-0.02338602841605047,-0.3580467578148398,0.4353846019165013,-1.299320525338014
-0.41954122385406206,0.25543307032083995,0.39829322963115543,-0.017009221305192355,0.8007800129035418
-0.32494717679876434,-0.19219151330261378,-0.8375372965284287,-0.03066448622388037,0.31020651696105395
-1.4629894659066995,-1.7990664687721882,-1.422441992604661,-1.4726980759429833,-2.3910536220862673
-0.5352092276411827,-0.21278287876589652,0.4863742871532637,0.3514859823663726,0.7851105806741495
0.7275208703696067,0.11899937875958569,-0.45023744844517516,-0.32787241624392394,0.2121732534931671
1.0452009501408677,-0.26246395887518154,-0.780521891538318,0.49784762059383836,0.4075876153645013
-0.5963332412766866,-0.7123493795398138,-1.4399272302857047,-1.228539609722842,-1.361411780287368
-0.7937853614079675,-1.2619948211736551,-1.863248442436828,-1.9197775820946854,-0.6248065730274055
-0.9006144087657466,-0.7737783737894309,-1.2870782972336203,-1.7483359123789428,-1.378624479487281
0.10594266768722606,-0.2868988128183881,-0.525735997731362,-0.4059124818040874,-0.10215114817433779
-1.8255941796836435,-1.358809052792928,-1.2351178845197772,-0.7209886361956118,-1.3078462702136704
0.4300999344913815,1.6503428952975614,0.9602493572099278,0.47868778996738814,0.027193775167546307
-1.877736961446591,-2.045246747321279,-1.3574850184544325,-1.1508072385131298,-2.5302407439396752
-0.8933267935597907,-0.36652161025467617,1.1482650382818311,0.31104724744738377,-0.026149510372303075
0.3587297445180146,1.0413083332111077,0.22003342698939027,-0.08708295361674045,0.27958014522061714
0.44741975615387863,0.7422768623139971,-0.36897968147616866,0.732163539371859,-0.34516383733075856
-0.7535373356800068,-0.010799036653771568,-0.3781640239750918,0.7338772504801871,0.5358948897820613
0.6021118011800476,0.11468280457357799,0.9458198441726381,0.7527897293631917,1.111396359169646
-0.5244767210012081,0.5236752480610841,-1.2096873894220355,0.08108232085284603,-0.9725209036812121
-0.24614988304059757,-0.3229560923102818,-0.46836314694708764,-1.370731414176027,-1.5177138062455875
0.7640838173978635,2.1851542683768734,2.053046800525012,1.9246585907704434,2.4414410412531646
0.9555346450795291,0.7146163326837192,0.892092562414329,1.5714538048520106,1.1307001816756777
-0.19968299150535357,-0.48284747608419987,-0.5532744536088434,-0.39795492346535777,0.8340013657105836
0.0510319967626079,-0.2563403969594889,0.5738954479124061,-0.09667151980673026,0.7761386208390648
-0.06773359033124292,0.8599780236611813,-0.9154894340339739,-0.03958460015286522,-0.15627322309794567
-1.1723914838033629,-0.16565606456026008,0.5265581457300441,-1.0733812537105878,-1.080775081080112
0.8047557315965708,0.38413478802166573,0.629512245492123,0.5791882222364098,0.4932811317203347
-0.013702319374018106,0.7442269842561703,-0.11139130956140278,0.895438038339353,1.4300489899517188
0.17276199628938227,0.7133975245103104,1.4227661744219438,0.9132215434861315,0.7905729993630813
0.6462221329048049,0.8831786148586795,1.6460829659161362,0.7492202197333002,1.4535424880517223
0.16598415027696692,-0.8050828433284448,-0.4998581431395241,0.6425052925228659,-0.1425581542536733
1.5334697870262421,2.2533815589503208,2.1818450239361016,2.3002996359825443,1.7445580647688372
1.385837822336823,-0.48786920972189257,0.9579205886555975,0.22608439376718364,-0.15609755205646142
-0.5953895957881843,-1.1822262588357129,-0.8272863480608038,-0.27163929635655426,0.06285997693946657
0.5335492162403512,-0.27772961440232175,0.7438626718343965,0.6763471039995494,0.08664030583091922
-1.1705038494791706,0.7839174041053587,0.3754180875466131,0.048776033178529195,-0.6621888100052948
0.6109977909561457,0.9315440869012928,-0.16720168361726728,-0.5947867355853353,-1.2416736885645907
-0.4447522164506881,-0.925098307625917,-1.656491179349013,-0.9234312619537521,-0.13490979109389872
-0.44949282075018876,-0.45691649607334056,-0.22581267046183043,-0.9709399374386135,-0.7924751903475195
0.5827803384320998,0.025128296592442496,0.3633861905137396,-0.08970440443482583,1.3184914221877848
0.040889484794423475,0.6303737083812416,1.3116487763812408,-0.038981406375754445,-0.3409712696010754
-1.0135778476579376,0.38927368194451434,-1.2449720124087673,-1.0177180162905937,-0.32437305859555815
1.4665036435963241,1.6706078369382444,1.2264958917879194,1.9769096177389154,1.9731146265199826
0.48539104502279107,0.9906093394540092,0.8651142168799596,0.7828505961746824,0.7918668355643611
0.7688292173032373,0.23659575497247315,0.04996243675703963,-0.4604724008889013,-0.1781031816003377
-0.7584358863761593,-1.322716574408243,-0.6785651158176091,-1.1259207716197763,-1.2694848868166269
-0.5666897199434632,-0.5965611951781068,-0.524615261394591,0.10236905234432199,-1.2275682024390984
0.2774121031549343,2.220235689918802,1.4711096219963888,1.5219085690558234,1.140435897387247
-0.14048973796336217,-0.8806467566884042,-1.3316899961214286,-1.2344302184835017,-1.2887264958523135
-0.9549343800169714,-1.0135996506158729,-0.36722693658931094,-0.6692181342722164,-0.6027867837054818
-0.23421595063662323,0.6439723610286243,1.8622697568636037,1.1505705030263202,1.0512222258174213
-1.5495488779659643,-2.0657892114996073,-1.5178587869826394,-1.1519060650466673,-1.0872140969525852
0.23564778708971204,-0.42123072927184413,-0.2417700546329072,0.006428099098569617,-0.0017841121189526299
-1.9912571543916766,-0.33421665466530986,-0.7588857348155905,-1.2310266540670203,-0.3103932278976064
0.39463840364641056,0.5141830421971444,-1.1461668149413393,1.1021476304517688,-0.6844192981238351
-0.7782498249853947,0.02951619680722362,0.7554305104938281,1.4878126679819117,0.7617074567855932
1.3275048699019496,1.2819650132446452,0.6794900356634603,0.2543146838625138,0.6086077612115353
1.2895721762280397,1.0002142335084219,1.4003993300101685,0.9498758012980053,1.7473974098317357
0.20220243524676418,0.5133003050047114,0.04232175385264105,-0.23816584121597711,0.07471620322169172
0.3639930706421192,2.007129833790741,0.6916384908570629,0.8817594931357964,0.7238737965062192
-1.8235489221889587,-1.5195758333097222,-0.4514122608531808,-1.3058320808716442,-0.7092568351644489
0.3065717191069411,0.593581336813993,0.38240188137600795,0.01240688286349769,-0.035742543458825056
-0.931412410158882,-1.3113575438865093,-1.7006607260859528,-0.9039070375129775,-1.1219184765401298
-0.9805176107640563,-1.0070578135738166,-1.0684514132607494,-0.4357872386574685,-1.2607994753452512
-0.8014558140331757,-1.4022155920994785,-1.5812092197815695,-0.15227594545947687,-1.4431886308455677
-0.24211016779698621,-1.2814851170111716,-0.09653037302411159,-0.15993404589126417,0.25413464322315543
0.591282501599929,0.36207012782080134,0.46853436040605423,-0.1824569659643489,0.15635455628134923
0.2875928882236573,0.2093970294095174,0.4037615432745295,-1.120442546375251,-0.6499186790098146
0.24936597289808496,1.3899217933695636,-0.054129455431191416,0.14788873061980426,0.466185613526854
-0.9151668037210181,-0.0002168018825292884,-0.4276360468377256,-0.9123763449704798,-1.1573163840304403
1.1597922424457696,1.6398075453521086,1.8311950372507504,1.7551588242307559,1.13186104907447
0.9569480583637396,1.145172201281905,1.0419343266528822,0.9970957238189834,-0.99496186944584
1.6247437992298879,-0.2711060110618241,0.26073321930866666,-0.2164192770377706,-0.017266302713270437
1.678952764616656,1.7978802558109086,2.0622431173935163,1.931915115453832,2.5261735681942463
0.3790501403074349,-0.23582361957937253,0.7413967447633374,0.5631696565155364,0.020919082555959513
0.1650046348523069,-0.009691657374471483,1.6240857996257618,1.3778109503608975,1.1133867808333489
-0.026901537860470785,1.011884250566548,0.7180761414367315,0.4323230891640911,0.390374214193402
0.645524588508402,0.6160813626616594,1.1175640551329056,0.5100004216022332,0.9158308847076612
-1.0894006472348832,-0.4905713251480659,-0.10158178793147286,0.03644068233883816,-0.13622141796096832
1.6268215044183882,1.7245300257816312,1.239421463561368,2.1049558374394874,0.8850231526302963
2.143288157439003,2.6023123554227494,1.894815513586693,2.10872380099635,0.8626140879300398
-0.555146402470197,-1.007373987675511,0.5179468683505011,-1.00554719281656,0.4759466017505209
-0.277095205094635,-1.259869854445142,-1.095699036749037,-0.9471313447729293,-0.5331342004947954
0.33000239675506576,1.109230857343611,0.3807377943404294,0.07281207862204672,0.8514130087172058
-0.2808759557946484,-0.2869677699278372,0.4554454426936342,0.20321420899934126,-0.6004469374061424
0.9696395546547071,1.5327907238853533,1.1202682056966078,1.426994221878596,1.175559355482557
1.5109004040824443,0.8250634123966674,1.6492436374963597,1.0192265177487376,1.7992427218094416
0.41441394280813426,-1.0872201211763703,0.27650405729824445,-0.3038754855530034,-0.36946625799798566
-0.6259819641740503,0.1041805810209763,0.12633156788624963,-0.627166358409984,-0.03943358042204193
1.4609333875954098,1.406235987587557,0.8602596449310826,1.923289193156396,2.1829780782048758
0.06667793879505376,0.31873496728048123,1.2091487863915704,0.08917449473453921,-0.09214555474899014
-0.49521499952582493,-0.13813659639434248,-0.41231455259152644,-0.3400508381013447,0.056815666621849226
1.1171541185207796,0.5418006463517172,0.7209838153917844,0.13785967809274105,0.13610420101169265
-0.3432106231736559,0.28916890666328326,-0.33263031722040176,-0.38863760161305677,0.8334187574056051
-0.4342747735917622,-0.7486783201114459,-0.9709346180335159,-0.453663273885065,-0.12666680287175855
0.43611307789176096,0.40986332579835427,1.1963269964007868,1.4412670225975825,1.184162117795322
0.6708674051492018,-0.12907137004279892,0.7341835088487486,0.16369889488849826,0.5497056664770739
-0.6851146723573857,0.10564773983343097,0.05820986297254839,-0.5728216560140014,-0.4015710078353922
-0.7648021643370737,-0.3417259275017251,0.09876939590100473,0.6151649646780465,0.24808832789775856
3.2177061802802287,2.07297746238651,1.3815582151785397,1.474560393981523,1.6077729894711763
0.01547831779695152,1.4836385984861877,1.2354369482741536,0.8817214631542165,1.8763587447524475
0.22241114824748598,-0.25577154955101494,-0.6803635158596686,-0.42290335138501917,0.4355614671200004
0.2843675540197595,0.5802242653585356,-0.38506673045550616,-0.05764121615056395,0.5948716508579792
-1.20021160149463,-1.2922608976203944,-0.2742033750341593,-1.6791619787553411,-1.0016436605526737
1.1048361566499065,-0.4572732042612478,0.06502284214598003,0.21153790529768512,0.10189888865656788
-1.5534879589316741,-0.6709559282928065,-1.8365204492560674,-0.7503481660444764,-1.8499830116810314
-0.23910274502399895,0.7520743203795455,0.7674097352978232,0.4457842014255326,0.7066411928604056
1.33814570588367,0.08622400067691045,-0.5333106535641684,0.9306284238425453,0.8035973623203367
0.15781400577848598,0.561700166225311,0.4362779193206869,-0.14753760539134084,-0.1452854436027534
2.026902697593604,0.7093553860530895,1.6545999479311113,0.08826652661534294,1.2276547080493392
0.5571829935093053,0.6434145754000831,0.6169558547797472,0.36106967106670673,0.39296470428962715
0.5139432332707865,0.1735296727205581,0.8490376723501217,0.7579266754611593,1.2657876016232747
0.5173623580888617,0.2303493102901595,0.30368854172475046,0.6133212490744895,0.7188553275052293
0.8958393613797256,0.4378031121997776,0.9868291915825672,0.3897256816184839,0.06581496392772818
-1.4885169819644477,-1.311821193961893,-0.42682788378279884,-0.7318228027221234,-1.023098154189063
1.0626008820576582,2.01637489408258,2.096211698022547,2.265930822516039,2.7387380122974525
-1.6888766519525917,-0.6772809897685076,-1.6034179675605404,-0.13423082117170884,-1.8175775980035944
0.7579388523031707,-0.06529626967380063,0.9898962583244099,1.1791953344500261,0.10943712926123186
0.26147059721052235,0.09517128814287326,0.2111172954596785,1.0957251532302694,0.03655336915711391
0.18259963370777443,0.3796274954047593,0.061623839980293825,-0.15399014972399497,0.035031005521531704
-0.21082228332565314,0.44415533225926984,0.7193006578369127,0.32593097167981966,0.620676638690494
0.24221895446808864,-0.6292351839735789,-0.45183734032860645,-0.6833142341897308,-0.6380004828525957
0.22727380095152336,-0.6787180333268512,0.20265362425486266,0.5479392141389821,-0.82997776903224
1.0545184940593875,-1.338341247689365,-1.7792473857968556,-0.6803053204283591,-0.04844786844031227
1.755734982244703,1.510111976034388,1.0426259045794692,1.1103553631049448,0.7683971105895485
-0.6041331184215752,-0.14438083667699922,-1.267711258160666,0.5688568797236013,-0.5814261437669773
0.9776165700265856,1.0444543000898945,1.192205461461537,0.6761824911687828,1.7868573717427338
0.8431139539533602,-0.07972925911747764,0.5128973647713319,0.9793550535409272,0.8101858968710391
0.9487253028552566,1.159160311146138,1.094218096474307,0.814667376003089,0.7137662419748984
0.5596942675731988,0.07290568379092276,0.09342900528504512,0.3184040904104471,-0.930979104372207
-0.6681905629000089,-0.42445212137746996,-0.6083943143891749,-0.3650530032843517,-0.11467166972761438
0.4722845352049121,-0.4535793249128398,0.5529596586916609,-0.13379177268531176,-0.4909524777654261
-0.6195704371355806,0.8226034161055097,-0.037918218198366126,0.31622419972118054,-0.618911187335953
0.6568400635723776,0.3265092750686778,0.33722157381916656,0.10233929990672352,0.8076503089499709
-0.9581348459735729,-1.5969389196308816,-1.1109315862702611,-1.2086391454970744,-1.5149122522168617
-0.9578189145268844,-1.041099634702423,-0.35400929550192883,-0.1779268012011158,-1.1808785069934251
1.5339488167824662,-0.3314867972273079,0.030282660104181815,0.5614154737693672,0.5800519269777124
1.088528457091148,0.9334069093618722,0.6879943775728578,0.5006022607741903,0.016471930774393774
0.36804223408350434,0.9912615289612691,-0.07860162965486275,0.1080309819622007,1.1063535426870892
-0.3195923788156276,-0.06765455173056127,-0.8044493173928344,0.5185258806428547,-0.7620556865472822
0.12919937107236346,0.26375944829682396,-0.30876048607198203,-6.796870593158212e-05,0.4864841080961208
-1.4080411895702407,-1.8602128882865874,-1.251550857415803,-2.7135733023819433,-1.884186707808697
-0.2922375907704078,-1.0773728797271576,-0.5058800737827853,-1.3452648732379753,0.18325517591579146
1.7508704449137735,1.0124023812281133,0.7830002847207796,1.692888831614248,-0.2684259869142954
0.08042854857799919,2.24242614709506,0.6274138360241558,1.404524023730907,1.6874968180308503
-0.6037817893106269,0.14251848699242256,-0.08643542887795407,-0.3923662113874943,-0.4463007838435207
0.9283311395282924,-0.5624922479895405,0.4534011772482748,0.756400377477847,0.04102200413154755
-0.965350157849939,0.25235504807371545,1.0001820134827868,0.012751551344819352,-0.4554011739504737
2.691323666011824,2.937585076171667,2.646364940023016,1.593725675615715,0.6857501542979211
-1.1196697525734567,-0.7148926262788508,0.0835969156786745,0.13203645664549915,-0.6052508447255287
-0.4487170736555936,-1.135552128659609,-0.46308217806726154,-0.3647830810905719,-1.4754201428459446
-0.9735575523453177,-0.47488113070638127,-0.6602265450720959,-0.4713570952211079,-0.3298272872903345
0.1635089642262967,0.3396238105240348,0.6768368781096493,0.737298253713036,0.7232942362673139
-0.8888238589209485,-1.82054036454084,-0.1252403004214255,-0.743599817727605,-0.9595229011402184
-0.6164915039283084,-1.403171223256401,-0.6924009644523194,-0.46310228523221586,-1.2213065787415558
-1.9922852869609682,-1.7357432209209387,-1.3982792929661945,-1.5211886531759498,-0.843097072433479
-2.0391169915544527,-0.10058732220100332,-0.14067944474214916,-1.0403508284672096,-1.1498317587835198
0.5946635740637214,0.009795482396654728,0.6601512954431392,1.1902629755100766,1.4713502698206886
-0.12745569767315465,-0.230986597838584,-0.259410327733743,-1.1904385714103725,-0.8387480781973066
0.3477872169115743,1.2256361582356796,0.6170599546047656,0.6015536646959311,0.7731728273298899
0.49815952746779935,1.4049342289691813,1.4269075610701085,1.2109799805611212,1.15903417251113
-0.6109036515546391,-1.3526383632988739,-0.23802052585753136,-0.7416357194207183,-0.8628505977208186
0.8298174729493298,1.298294061543438,0.15323997864076283,-0.44310431392039,-0.12811271371665967
2.2485534514872367,1.294435260052462,1.8757870649595643,1.1173395709393255,1.9299297836983245
0.7712090277438133,0.1891039288260996,0.13249562475366367,0.7376454515643189,0.2963917019024127
-1.3974240924664874,-1.8464295805866422,-0.44408846087333675,-0.17482861248695694,-0.8532893916990668
0.22075821825329742,0.6113787626842283,-0.0037397464944744375,0.26598697053300635,-0.399967714286947
-0.3403033593103282,-0.3040917974170716,-0.6526270844119518,0.37060627833888193,0.41717769020345524
-0.06203944178136453,-0.41160902929548243,0.08386228323930515,-0.04451180737870478,-0.28728314571579305
-0.2339026457934356,-0.8185477911920338,-0.3106088896803573,0.09399939937484185,-0.2561856844402406
-0.59416676554459,0.1892805628304878,0.5490229052146847,0.36814839874839944,-1.0153418809104555
1.1170883830522,0.10227050785871455,0.05915593192289412,1.2112529010807032,0.6222888277265384
-1.3119362162482964,-1.975300199170394,-1.435413214451684,-0.8339231375868552,-0.4778220529691947
0.5012931158733239,-0.5378904102306107,0.9641041672330297,0.5990838808495663,0.029342061397813205
0.42867292994154765,1.0420437538547838,0.7585703139701153,0.7569235087985623,-0.31088962342542437
-0.07443160262608671,-0.8708204756799518,0.5994867477875093,-0.28842346588328505,0.06318816854814167
-0.7822265162159225,-0.5725500381390594,-0.7907024908550462,-1.1017001926549643,-1.0194686542553362
-1.0204413419130576,0.4125453955831327,-0.6657000052742893,-0.9703782575115837,0.442135442153122
1.701897635417268,2.1924102909878966,1.2043937494891117,1.8419390443441586,2.2643680762161673
-0.5706287152924172,-1.1262043097262304,-0.8860658073883638,-0.7382232670183975,-0.7140586363354429
2.7703931685514207,1.3543646499650757,0.26290746779542773,0.9712537599119364,1.1033616467641267
-0.14374433024154568,0.920273273619802,1.227220135490996,1.226292720106925,-0.023963753919402492
-1.2103466763312034,-1.1263184396930321,-0.7174050163226102,0.6930901889832148,-1.7654192232741932
0.5466509200347108,0.5649232444177792,0.7310507480541489,0.2530339281700992,0.26450614821491236
-0.15087451162004697,1.6216563506376154,-0.5906967418844784,0.15439579751855556,0.3275096115939963
-0.02767335036047974,1.1543233063032359,0.36684799794534145,0.26987984032415097,-0.6590613820539482
-1.3660719282017302,-0.7928109256616994,-1.2741798783236251,-1.4314769206452322,-0.1404910413798199
-1.0177226123797811,-0.957135978530947,-0.7529057284230315,-0.7322336210942537,-1.7394963582897207
-0.5584939449772245,-1.5555677026177122,-0.9729282585211085,-1.2167515340461341,-0.8098711069664861
0.044868844104626195,-0.1843062011275096,-0.01817441614623006,1.1381112705766836,0.7834275697364786
0.2036780714945947,0.45966275518408073,-0.1268060918357791,0.2480980840652841,0.14594628017734712
0.2194640005706127,2.0629780518238534,0.4653438854986247,1.1318390894163353,0.992102577296767
-0.5150492924408373,-1.1773653586845032,-0.2589331203047044,-0.7943330831274952,-1.1201450842148548
0.5004518311206547,0.15786510701916961,0.12004301367374148,0.7653966294722627,0.36961603880543026
0.9206192052543579,0.23727224388299417,0.3277545959294919,0.36222734150518027,1.6354941715526965
-1.2226557834143392,-1.5009936709244138,-1.107142667337792,-0.5236987835468535,-1.4787187431674687
-0.7320587055728153,-0.3296805370916335,-0.7208306007576731,-0.3896061474334485,-1.370628837806528
-0.3107534322941262,-1.3148046678511307,-1.0486121410559972,-1.227578826795456,-0.8634289653005768
-0.5191352176629971,-0.026539620454652857,-1.3828501928417225,-0.31308260327581694,0.32181997652600386
1.8937049704014801,0.16947283229389207,1.9506942319891925,0.7095745971426782,0.9602655263333553
-0.9386692556565928,-0.11400082450962086,-1.6179982817047045,0.24542787735703928,0.22686189409843524
-0.18820712076631102,1.2238793167862563,1.3021665205632524,1.9547391462160948,1.9792078092953331
-0.9595484193814916,-1.2103698025397538,-1.2745035595238488,-0.3578562474455205,-1.3156067473672892
0.6696111548285976,0.17451031197137545,0.5606296135639622,0.12588310423030036,0.7343750359029639
-0.13326167973073147,-0.7577921265043165,-0.09168336384922328,-0.29426895496280797,0.2711344369093532
1.0866048543678772,0.43935597867049353,1.5263842912100627,0.5857565301457124,0.8176970658552671
-1.1556971585340887,-0.6227647665601167,-0.15059190502778624,-1.5877410233333118,0.5555790203573495
0.9050838993220235,-0.09279581934598811,0.08328843816758927,0.44825752832702465,0.671842092550653
0.42660588475164296,0.6820905870747347,0.01571337409508532,1.5656698191407827,0.5476902449535456
-1.8467865953266795,-0.4594562452933331,-1.1101630328497945,-1.400811580154688,-1.9624306817715662
-0.529949777374766,0.8272926045067599,-0.8046326230505778,-0.018651927173241125,-0.015817591555257245
0.44914699937803804,0.18692005057801486,-0.463489159948179,-0.5647217434949903,-0.7359701394356974
1.2948722772462797,-0.23739697895686607,0.013734252229900424,0.32432205922263985,0.6954460496431082
0.767921843012424,0.5856632829490405,1.4106580059476823,0.4108429395256918,-0.3713540445259492
0.4131178097613771,-0.6197382586375887,-0.418208075000596,-0.4864228681363334,0.005597385507315271
-0.30560208347030676,-0.42784907345033574,-0.6411995435846061,0.27985081367298476,-1.3601326411209627
-0.3175968968329628,0.11896178448284364,-0.18268897856191402,0.004168060232831924,-0.310987898840597
-0.273192157837767,-0.3311356667690734,-0.04945759452130704,0.0802268377711192,-0.18317141202324094
-0.09534515808217117,1.3923022454949183,0.1874703922154478,0.3300166090160016,0.1906720892277161
-2.0135224305850725,0.04965992431250427,0.765057206221841,-0.4463789459926897,0.05848293197598725
-0.46027330293805246,-0.9708660805658194,-1.3170321477445726,-1.0007868050968431,-0.737379519049339
-0.17614368015388876,0.2765954660556066,0.08535175578016609,-0.3726421705057027,-0.45936174930535434
-0.49477216421741776,0.1587451712403908,-0.6064664548707999,1.0138020878281941,-1.0674519970356076
0.7232503702842751,-0.7730006509198285,-0.33390510884250557,-1.5575208452096365,-0.39763975111789684
-0.987656218399065,-0.5711637734196228,-1.709272879471795,-0.9116333057511685,-0.25837354136424984
-1.8441345537563385,-1.1707294755391218,-2.0916844037710884,-2.199238112061387,-1.5916170428927616
0.06483349124416402,0.18744166084624547,0.08299585273687608,-0.6479319611323574,0.012749858208042857
0.8430511036805212,0.8288429449342988,1.1881771110793469,1.1482291855347784,0.641570916759117
1.1846235455457945,0.7710168517344521,1.1362198318060661,0.8115966511014626,0.5185562232776543
-0.7256698953322684,-0.1728207542956754,-0.3728958537254713,-0.7890633051787745,-1.3043502552408628
1.7551247742569605,1.9168968206494483,0.3696012099579722,0.7801426514324344,1.4186802989361595
0.3584916842912536,0.7199995785150647,0.14099742319071992,0.39741026311447514,1.0538178201042046
1.4997091359897265,0.02674250111196966,-0.3453534356568572,0.6213820790620614,0.6584231806507546
-0.12821695028704316,0.700712250187652,0.0025465588877871394,1.199489782942264,0.700519777279888
-0.7857104823767739,0.6526590107495834,0.18717191831977026,-1.0422172083604115,-0.4020333029972306
0.8160312442260831,0.6983103104456108,1.2233701795196512,0.3561872893268997,0.365267700235932
1.1885050478838606,1.034196768314356,1.1128605231146087,0.7303091608803677,-0.0918585274408433
0.7559851849056508,0.009294443997261608,-0.4695461842387403,-0.29891463207270064,-0.054106829119206265
0.44881919364447165,0.29429511768668853,-0.06877268105252368,-0.08077104456059059,0.2711211620145744
-1.018890112217569,-1.6595277155817962,-0.0008854458239548207,-0.203401560179582,-0.4131872968094692
-0.910721429166672,-0.9228994720658191,-0.32027626492438055,-0.6530319841121189,0.3119177080068722
-0.7991126096049967,0.1369060749399692,-0.36135594473278954,-0.25145387346285575,0.7917750534026735
0.5711732092108257,0.7207273812657692,-0.5627792794619456,-0.5336444057177572,0.9710322821764875
0.7188966596961671,1.4690868235322962,1.1953543255752213,2.2436551583557174,0.42489540048085206
-1.113915304137773,-1.3106484854391554,-0.5349149212062919,-1.407012286069311,-0.7378004470098996
-0.363945138500025,-0.8741036247418318,-0.7237492211659551,-0.4247484780397644,0.8607023706355825
0.03535559824133292,-0.3011274189719629,-0.5815159907355307,-0.010140981380115712,-0.0889722535005254
-1.8958789700503336,-0.9610436832213081,-0.5536226798493155,-1.8005643257303903,-0.6710820172132579
0.6423021591500165,-0.21809693394080457,1.1400836163708141,0.6266344383649143,0.43367203643621305
-0.31716119807111554,-0.45715750311408476,-0.17946724354610524,0.6609556272201678,-0.6106447820029929
1.1323485010981853,1.2506030854242354,1.21737603203711,1.8034875169743283,1.1706673287353935
-1.9046149727622652,-0.6896463240157344,0.03423069258371649,-0.7266628230839168,-0.41510167382402313
0.7541821594810569,1.4592921764262996,1.7990019111163484,0.4596043961219115,0.5206611230543068
-0.6063242669088932,-0.6691046884166004,-0.34195953157276926,0.13411761308611023,-0.04771681607966084
-0.16286888823044682,-0.36770696441259676,-0.4475533407271588,-0.5265418226134373,-0.5081991128834761
-0.7288379193944045,-0.4281657208770275,-0.5326224880313977,-1.6273631581981058,-1.4730097722877342
-0.7307277365627781,-1.2691506640194514,-0.7315922372330124,-1.2734314731683736,-0.942879468375861
0.17831608558959008,0.7330075792791716,0.35562904446969,1.8050716959305697,0.9486033865163982
0.6307335739483058,0.423981727595727,0.34391023244347657,-0.7722920279779656,0.9107763446882209
-0.4691918063959548,0.6608533598595482,0.23596957795991333,-0.08784606831552697,0.6499425644312038
0.04095973736411409,1.0865475237700188,0.18636283242770058,-0.7811132507324252,-0.08778371091180653
0.08898591784107361,0.07394222310254697,-0.15011994304088672,-0.7133367023259766,0.05865243772022797
-1.1213069040591752,-1.6039504186794449,-1.8488301913237077,-1.360020174541637,-1.1183389010065643
-0.023740278180795122,-0.7977897743615978,-0.8325462526840592,-0.5690990871115461,-0.5031532066419203
-1.2934061456823547,-2.005463198991783,-0.46511926649533075,-0.7692104070161784,-0.5742736155281248
0.7176485535320514,-0.6843825269080029,-0.31904941857027447,-1.312180484724247,-0.9124585804009643
-0.9232630307147378,-3.145066322622747,-2.588678016026143,-1.8475807801043451,-1.2151528003096976
-0.9181383926739705,-0.1459720076694368,-0.38988003098439417,-0.6456040948840372,-0.8062274290441018
0.06633878316533826,-0.5363234743985079,-0.1539491148871851,-0.8680195791991426,-0.7458276919534437
0.18309149195704683,0.4235166811262926,0.7472907435930737,-0.27957902334865664,1.4006918689642465
-0.3499832722205808,0.2834951541374452,0.34148343248445445,-1.2855992371824223,1.0401815847529825
1.0245828936433954,1.1386626251094945,1.7636987948794356,1.0443136345759798,1.350820237990284
0.08862417949446727,0.49706588793772394,0.7468951309648767,0.08517210993334341,-0.8672455545006315
-0.051274141070935926,-1.7556437035607806,-0.9869797021391395,-1.6944819923195595,-0.9502118809604346
0.4549723878610801,0.6792207541768651,0.3582806042078364,0.5674468250428767,0.1617554855609915
-1.0548915281253914,-0.9687146461252617,-0.7308679000069253,-1.1888712028053656,-1.3272754269895466
-0.30174798809492165,-0.9835660052432986,-0.08348181406441887,-1.0709422091113796,-0.3242558796644873
-0.9464814685566546,-0.875750740759518,-0.884467533468052,-0.9216991209649655,-1.3285115764217907
-1.5558065987484793,-1.705064610278158,-1.1514079929413061,-1.7475739770972742,-0.7537434899628019
0.5067601258550218,-0.18098315769072423,-0.3384454011125288,-0.2518157213005542,-0.7224783725406305
0.7012630135559856,0.3497076752834764,0.4637980951638002,0.7147676248579096,0.6139762615109383
0.6766322952274328,-0.05049288204281335,0.03908903767847484,-0.678839406348699,0.41505896504857637
-0.3820509406260224,0.23148300831531757,0.384174831093744,-0.8446578222881386,-0.018995963981330268
1.0448846498158693,0.1437086473249726,-0.2610625338142402,0.27368567917373293,0.3117764008248857
2.374831570321745,2.0338998309417957,3.849220231984319,2.3604608603239874,1.7794371770865707
1.0665731853089535,0.8938727356735777,1.7788058679263037,0.6768609794070187,1.1413242692382815
-0.8096417265301976,-0.740533710064446,-1.1877886807633697,-0.6589646717942125,-1.7096891307101159
-0.04857088827347833,-0.00045037489401308965,-1.0626596413922127,-1.337161949135504,-0.5954600287909086
-1.00623203213172,-0.42623449055080825,-1.0437308019910196,-0.4153656734286205,-2.017072270212879
0.18313972033511663,-0.46373552210815755,-0.04220851078803426,0.9073306232405126,0.7787248422232671
0.4858594879306354,1.2856511138801934,0.4759932533912817,-0.11216401260991522,0.526745097625406
2.3829646497543404,1.1959573933297574,1.0771551445763639,2.088991273375269,0.9128455456561307
-0.3263508369723277,-0.05496027802102733,0.24517138227018737,-0.8342617855594,-0.059267178510071704
0.19876191191567738,0.3675765636338118,-0.07688371690556091,-0.09402865989615973,0.43884222690886693
1.0645527552292129,1.1339252558757271,0.5638753365380976,1.0229436487327082,1.6485377627867535
3.1190881654486615,3.354242291349645,2.276950483875146,3.48713753124702,3.1136836192581208
-0.47954951243883304,-0.25812367605239167,0.36609378847510415,0.5846327213313778,-0.4717524961096158
-0.3536233904855315,0.1559347659859246,-1.0644810904286959,-1.6693215711260458,-0.7142941270765351
-0.3248019957672262,-0.282457694265949,0.9907500549661548,0.04457272713457923,1.2356209794476958
0.9674965558274495,0.3824423393146658,-0.3260110853887574,-0.4464121144456091,0.5525872341072902
-1.34076090276883,-0.038904557752841976,-0.05749667580590541,-0.0817988701785168,-0.8832191556049509
0.2901940837396114,1.229537421230032,0.8813748353068863,0.32694461961624033,1.0375211944920244
0.705990655481035,0.4393143088346128,-0.28793134238607215,0.8840570849919389,0.5814958850495332
-0.49652576787555125,-1.0301631002961515,-0.3351039712513872,-0.8735561991741788,-0.7993784877376083
-0.07265087733567456,-1.533224804632235,-0.24149749499985482,-0.9611261089242337,-0.5783258495635535
1.4487144762356767,1.3622732143065772,1.6563051058982543,1.4462403870080542,1.310928007788552
0.6131409242357476,-0.11899487191348786,0.01259140737777863,2.0513457838605933,-0.1182621505786413
-0.5701124659006493,-0.5450276405386736,-0.42930659673621363,0.9996065341381155,-0.6689446932948323
-1.016610861134699,-0.9883595040297335,-0.599854636822354,-1.4794636918350772,-1.929844755258873
-1.8158065736743079,-0.9885812970682101,-1.3178690355874418,-0.4585538103152041,-1.2671982105479334
-0.0601566888741009,-0.4705810093090313,-0.2717825978470231,-0.7008534070550223,-0.07439210036804536
0.5916857374533838,0.9781647313048538,1.1600422604847738,-0.019407736281622363,0.8477223911297116
3.0557419503803858,2.107390165466016,1.6028299268873385,0.8483365225292048,0.9242668079914707
-1.017193113467328,-1.318895572781704,-0.9008155454815909,-1.3356689291063693,-2.0734879238769137
-2.120958537572348,-0.3015250885703667,-1.6024631273328722,-1.015326282249883,-1.8888435498973892
0.237226315681381,0.5385338357845304,1.5262735979245026,0.08441554657088322,0.09777496259270435
2.4758493340889145,0.9945389821901345,1.1667170488948062,2.073121307373227,2.834446679161237
1.099631771435827,0.6310499208507031,0.6610972633557795,0.13106749682376878,0.34749889859662303
-0.9508816905145616,0.15955975586763946,-0.8801859985703716,-0.16347380209526366,-1.1805552554454297
-2.148744425784254,-0.408429361980606,-0.4974878360302222,-1.3891079087458917,-0.25264647133517326
0.42825377740168596,-0.21157066107008635,-0.7244705593841435,-0.7561711146762216,-0.011768183307960266
1.1607135885788797,0.38477242847006915,-0.9874522235969359,1.1574436455462838,-0.03740082906277784
0.3636627435715605,0.4920297419690169,1.3389440130547996,0.6625453389401862,0.5956622806691055
-0.9282025905090171,-2.2337906404587953,-0.8571766057946308,-2.025964178424904,-0.9649290915985647
1.2486687891959498,0.8311441879217881,-0.04219195218612677,0.6474809154817335,0.28494485332016967
-0.025577555320118506,0.5040404595436934,-0.489996836479027,0.2914697276932502,-0.671613363087613
1.3392328250536107,0.6429511482383328,1.63158616653661,2.4388188885528552,0.939240970736409
-0.1523226889615761,0.47183056067522616,0.32914595660222495,0.6846136799362073,0.47613805788343005
-0.12105514586877114,0.1747414240344008,0.06833850038643635,0.6522131032607034,0.5146978424905313
-0.38378548077724844,0.5705861636998123,0.4099721035362034,-0.3126419871721511,-0.44075709482631004
-1.4661454594734276,-1.5159564450224532,-2.3411536108713307,-1.5342869685215397,-1.201112190263145
-0.08184845055196077,-0.29963085708824483,-0.5451865032758368,-0.9111859295252904,-0.791669022900334
-0.7174245226805874,-0.5569914152004982,0.32069714554703077,-0.8057890815612584,-0.3780123487744219
-0.7802451214505256,-0.681569086127889,0.6739440890579805,-0.5969234109473436,-0.2726086804618716
1.2781518880351068,1.7442615919691309,1.0018968982406486,0.7723889958193898,0.11361897999534676
0.2614272148138653,0.6790709451327027,0.41386386352962956,1.3995258024713562,-0.13092599635556013
0.1325398340380196,-0.28298491590814173,0.3796323054721948,-1.1396937169380317,-0.5499199890667115
-0.5289392844826013,0.166661917740805,0.4233106552432149,-0.2984599907232572,-1.083970679550305
0.3692638823631592,0.4286729050922792,1.3595559056401487,0.31997085279241666,0.9401546753241737
-0.4217793852552707,-0.5580263535280644,-0.7581883290668425,-0.38447684674874316,0.15416921707198777
-0.743060027790061,-0.9413011483043017,-0.7065235538102635,-0.2557393313558182,-0.10981815228554703
0.05743808221299371,-1.4331749723072087,-0.7963037118701692,-0.7001502312086086,-1.3114193511658272
-0.543838549125563,0.48060882673924704,0.48264281665007336,0.00977933813772916,0.2684691292974899
0.8335208018343147,-0.9699970081638157,-0.791156769134171,-0.5926105430421242,-0.2872492636830515
0.12756128335986378,1.1055900290179412,-0.5371904667380384,-0.6374009783710969,0.4585609667139233
0.12722958378555543,-0.6542563977326362,-1.0934474665610385,-0.6985586332146226,-1.2442890587908537
0.40374454977068064,-0.298554119621446,0.16693543150939275,0.33678082252503533,0.6023178171106373
0.7410407527787091,-0.6133920896488951,0.14622850179580363,0.3867904204110975,0.44716449583788115
-0.547470774189802,-1.8030552715755284,-2.387464364516808,-0.36012429682277103,-2.325345640599259
-0.5209553246218441,-0.4967708384629968,-0.5664259809659221,-0.8101573006941326,0.061346300751386536
-0.2886595730928613,-0.09866837778013798,-0.3694203077276284,0.20996644150524504,0.1857934040518944
-0.4599248584562442,-1.2862830034543973,-0.5526652267743201,-0.44792549507221074,-0.4348898216147093
-0.8131988576248433,0.8502944605541596,-0.18609865812376014,-0.27544069355195905,-1.5545963040994195
-1.0209791401370376,-1.615483262283932,-1.991834050716107,-0.9764122892470973,-2.0716050209499137
2.9502213483450856,0.8683200744819677,2.283724778235925,2.6649322333843837,2.510904841293623
-0.20499338066067221,-0.017788589389486048,-0.14674577187806553,0.09302848548231378,-0.055879355736158834
-0.8029361175598579,0.09869973045983073,0.2778885089738902,-0.28720159990058275,-0.06749650428617762
1.3725483696054819,0.8820255567142536,1.6542270144124458,1.3604313777377757,0.14325275847563657
0.3882006634120991,0.9437318324377084,0.32808200530340936,0.3281348832581915,0.7651896494321997
-1.008798746163567,-0.9482887606547248,0.3122474703282209,-0.7320701693791141,-0.5749497012715501
1.2238551300830154,1.4107686583928407,3.129868282617253,1.888611570579727,2.4377355571566213
0.6116475115467473,1.5908494729206841,1.5070856193052804,1.6194794228585476,1.7258757134853544
-0.46260796497283724,-0.2558627171875628,-0.36602337435663507,-0.014662835618509219,-0.3498412003236532
-0.00804102650023255,0.22853559835704254,-0.028295069670183002,-0.3713264706506334,0.22975343108411744
-0.0679100143777667,-0.013559578712773003,-0.6708959338363439,-0.1730768503747279,-0.14800336690092852
1.9384077378229052,1.2310076606064693,1.2382481618757941,1.585510542632741,0.23122590496121878
-0.7978548714824216,-0.2161162959436694,-0.685530003026108,-1.2378886116901533,-1.1759638402358157
-0.23624360215272106,1.112177479986402,0.6444872917105906,0.381718193709512,0.7783719181810953
-0.03647890811668184,-0.020058024085819505,0.10031563272333974,0.9699426137326909,0.6455835770716287
-0.043531440081677364,0.678891810441958,-0.8751826679222184,0.336074260417813,-0.43360564207739705
1.7849811138100606,0.8147929505395686,0.4066920932025114,1.7221226437031034,0.9617355618687015
0.8618991518005745,-0.8711039485012899,-0.42378806046835144,-0.3508119248553238,0.5966430211766508
-1.0807050856994938,-1.0812102684340557,0.4592370444062989,0.3883266533553885,-0.39130125151620826
0.8267241123827725,2.4120958147590255,1.9996593300309247,2.3507047411412914,1.4715924035065922
0.25023728610584867,0.4221104927691074,-0.310554210477989,-0.04841746573585503,0.18966654461193297
-0.6990628345625111,-2.106403448509618,0.10052202304653582,-1.1861283885003755,-1.375790147744787
0.8404038094012515,0.16510946546167138,0.5927291650421017,1.1231931150721621,-0.24173019102262683
0.4796787824816993,0.9373128809610416,0.2564048317652361,0.4991393671061032,1.46800213086597
-0.11535254591958728,-0.9093702302930764,-0.9648949295526168,-0.8784963021778869,-0.43563167438035494
-1.648640634025852,-1.0557023837873232,-0.3407380586702634,-0.7141015889692721,-1.2019380302198557
-1.9324859945914563,-2.275494864546249,-1.4486061386342821,-1.0321220006673821,-1.5038012624416779
-0.24210171043062145,-1.309676043094656,-0.6827820693104513,-0.5355801247759315,-1.2034329380973756
-0.034234907502861074,0.20171856886866363,-0.692408597456078,0.5116596543774693,1.0261776366959108
-0.14884107368073676,-0.6068083692746735,-0.44234017348007465,-0.12939813202583228,-0.8226565673462486
0.20489543405046678,0.44461484785371574,0.1636305713719117,-0.663968812025361,0.9414258033763861
0.29338300980635057,-0.4264504799426071,0.46588710911626563,-0.2445093619548092,0.4329088945554553
0.5333008693612292,0.8261959453181033,0.22893902369330058,0.6900660326323365,0.9656962653233359
1.6001408509456283,2.044357714207235,2.0493404620184323,1.4087038528786744,0.9926717870591832
-1.6574359606269944,-0.3349638212848355,-1.2666117906349506,-2.625940241147847,-1.5439732676240214
-0.049072040406228534,-0.5457325129645069,-0.5575015838706261,-1.4332726089089391,-0.7916213608986274
0.17326243890986792,0.44825958730176313,0.7854471346280161,0.23665020652430854,0.975247026913723
1.0019118699373806,0.4412496469885019,1.329441711762115,0.22232965721092143,1.5797110803361982
0.01447835115666868,0.9232893702151027,0.521655004704078,-0.45720930462559267,0.29410887905961347
0.8186270439152158,0.7895977676910703,1.875044225914378,0.7960764884568815,1.2322729210848309
0.18119744196076626,0.5043499647687903,1.24377996498236,0.9528259346754411,1.5134627253598725
0.4781848136082831,0.8207446941459648,1.4352034363555461,0.06794875671136727,0.808670227915798
-0.48455978091122726,-1.6165590426589636,-0.3913283988977004,-0.8908756636483433,-1.5452390821825308
-0.05761333814684849,-0.2667780358750493,0.45034490938208865,0.49617195952469634,-1.1574491808247642
-1.5312245247626943,-0.6949251217322467,-1.2855692208009544,-1.9665281708016056,-0.47616553766101644
0.42503813046507904,1.2999473007240485,0.7611105040279227,1.0304184822543847,0.2683077245601864
-0.934790926652228,-1.9818812854766283,-1.2258125586368191,-1.381125522057203,-2.3539207571595564
-0.8035683443153631,0.1230920500340141,0.45897311653504097,-0.7788439275301854,-0.20970945302152372
0.05986495863807832,1.291815684504102,-0.024958056751456494,-1.0600047877990046,0.10695227511479354
2.387773113478647,1.0886122206024393,0.44594482288990406,0.5686068772267979,1.442050584588067
-0.1353621943479331,0.12432583385349555,-0.4488272038715196,-0.24427208174421436,0.13064503928466542
0.619369693696677,-0.7802056990214611,-1.119497478164977,-0.1559411158483325,-1.5672370972452812
0.6454509234020704,0.6590167131377749,0.11964257100047318,0.1587773581842872,0.9416654502513481
0.32171439314251854,0.38518990946678744,0.8786851075027614,0.9909312540545754,0.321646908499956
0.32087913609254715,-1.0117980391780028,-0.6573895387680947,0.567897793421952,0.34380414475987564
0.7991272236432767,0.9009520178692643,-0.28693135499942424,0.4180019818429782,0.49425956795471127
-3.2203433410238005,-1.3359755605403714,-0.8850709167215006,-1.2711561486817142,-2.2107905813195385
0.6907753417292447,0.4851379257056635,1.8285071332470206,-0.08966837756466285,0.939249855659861
-0.8222532627659593,-0.7660826077744014,-0.1939173494287242,-0.22015680251404482,-0.8633737696559003
-1.053447110023438,-1.5018928707929762,-2.0757710454510176,-1.1501253776637832,-1.6774246784025835
0.2695337281500518,-0.13588962515560196,1.0411593367976784,1.512059518420029,0.446229803381786
0.8754571990627795,-0.03826117582716895,0.6531695217193483,1.0367160562172264,0.4667129857899372
-0.24814749504655126,-0.12628213552521877,-0.4768359412281792,0.04307788573947787,-0.7556789734395265
-0.5047251116146843,-0.4233079599238192,0.1784524451208836,0.02901800756413417,-0.5196431778048063
-0.7307256658750959,0.44760587793741335,0.5538523967220982,-1.3826599660611512,-0.47310624571547555
1.5250368305004773,1.1684367551066392,1.2004110730654691,1.4333575436987476,0.5313623381825933
-0.6099290970865996,1.0622013341322782,-0.26453137100730556,0.17818808333597702,-0.8500937634683537
0.011041267967418559,0.023277265901322536,0.21403792684302222,0.9639743504798984,0.5330172690293032
0.22465851176973897,-0.31678186540391795,1.1663306483682832,1.0376247762741662,-0.5522127813574025
0.06314464010248962,0.43751405157447837,-1.623206190396665,0.6663427449987909,-0.059916771447981965
-0.08135365274498979,0.703366151756319,-1.388678852541179,-0.07995096955745222,0.0805193385236984
1.0015712391390037,1.8730632950120374,0.6622661289872501,2.5628836424853043,1.8356182356967032
2.5379426723397764,1.071626575640294,0.9350454570525545,0.979015861194887,0.9267246989974375
0.14227421041810587,0.33316043072236,1.1041058311724448,1.1465573597686587,-0.031668067432138326
0.19832027744334674,1.207703385068572,1.8868131381331699,0.4014847118369532,1.318612351427184
0.40186139044053415,-0.8607197356206242,-0.6890132480212151,-1.0597377349209045,0.43371491412429136
1.1569023368129177,2.058344456728009,1.0295382363035614,0.8963499462809063,0.49144826429447347
-1.2940789769932184,-0.0877838492826691,-0.47416653648038065,-1.2381666374871036,0.26013778568760715
0.7936355113927043,0.5364459264800621,0.4095100503467281,0.0675529004709393,-0.19685009886047553
-1.9229292134948777,-0.3514423880262867,0.33131040745213947,-0.7919538672709491,-1.0512186026712538
-0.011546294934508273,1.1736853861872267,0.4496310466924234,0.0918996747695914,-0.5006938700731932
0.08775326110932725,0.47123483564942176,-0.3981206954558777,0.13989960848755736,0.5487338123524979
-0.19069770931449312,-0.5576272474377614,0.5861961240389526,-0.20794700609451305,1.1992103016238636
-0.6270657185949605,-0.633701295032614,-1.632722744076079,-0.9297967182016569,-1.0884511629877343
-1.2704738146474204,-0.3945729341090762,-0.5669421953476731,-0.1560922042301305,-1.0626660084849378
-0.5214052878781311,-0.657553134335758,-0.4133308988335518,-0.4306652370050571,-0.8800729681626005
-0.8175649416839664,-0.9331220509938979,-1.0492558084424861,-2.136588461969584,-0.48556666331208953
-0.5083002775864536,-0.4193971538194135,-0.345533959503923,0.8836755404281254,-0.2561073731417434
0.043312275418102356,0.3087602844942921,1.11544311208772,1.3277517817182602,-0.16685286922976278
-1.0113036892218392,-2.053602643212483,-1.0095231500304036,-1.1153804600632808,-0.9331588269579797
-2.520515958433291,-0.8775983384038746,-1.3227860792634074,-1.2709706087460588,-1.1413046281032584
0.8062228065710669,1.2961489934857189,0.8105787296639281,0.19866300898211522,-0.18518307179816224
-1.868460762108485,-1.8425402777885294,-1.1290399077784954,-2.413296539413085,-1.6606984489485141
0.47523616102917016,-0.4092499291603384,-0.06322187060586634,-0.21340874740084373,-1.144612651456861
0.6827257528182422,1.044679467798492,0.8756681902094549,1.0682879091850255,-0.7217445409279165
1.3125893130000483,1.1261377231020615,1.8140570858929512,0.9735050426470813,1.2787459559802603
-0.11243425045432827,-0.0299571700051228,0.42464104232834493,0.2657995446109408,-1.173217893066128
-0.9421368641851018,0.47950494517896924,0.19868017230319543,-0.09574819377834641,-1.2545143397575123
-1.280825492249957,-1.243535841589681,-0.6667101875749673,-0.4360763719112628,-1.0552350982128753
-1.6430734891195584,-0.9176380209265856,-1.892770963507737,-0.24152328220977304,-1.2431671382547569
0.3890379786176655,0.2213737774563759,0.75730655877868,1.4354506953177064,2.804648513753938
1.878978184297426,2.274010369596498,1.324083396205731,1.7197798793787116,0.8582376702492764
-1.8569211038704483,-0.20946947187135226,-0.6532189758920367,-1.9777665064942385,-0.8542895769125692
-0.7388963174455129,0.9833713341164844,-0.9746752697821207,-0.7347233813889675,0.24937477139753264
1.2780247134942995,1.074765338278907,0.9316635082150196,-0.16933901699801354,1.5778606690821058
1.5400112307017237,1.1307919069681156,0.7214652341096088,1.3651011663388708,1.292756402022432
2.005838530318527,0.806072836352293,1.788769826067019,1.3056632252179183,0.3157260731815849
1.2016341821880827,1.0826320391373019,0.6151791109671892,1.1494879793716433,0.5784659892541436
-0.22549588338352633,-1.1963884588175864,0.9742870820295711,-0.43123909692312395,0.6698056325922868
0.33118408635056823,0.1784943929679707,0.14483201508840715,0.8805565410459533,0.5286002080086627
2.2441606861405545,1.5685447434970774,0.7693622063082056,1.4937074914990376,1.8999611619239882
-1.5801746839463469,-1.384934703323218,-0.9660294317415278,-1.176240936290175,-1.0889151193013065
0.0793909079474435,0.43136751083273384,-0.7291676441346678,0.4334779486428426,0.09518466465775316
-1.0070553048897624,-1.2808112849746507,-1.335617583640472,-1.4076508686807605,-0.34102705602838074
-2.4871702104477076,-2.08890632867257,-1.6981872483881983,-0.844202690509127,-1.264623877035474
-0.4666913416927735,-0.35382302400278404,-0.911154373052683,-0.308496249350918,-0.8302970238463703
-0.10584532331198694,-1.0229228827187977,-0.38728333581368907,0.7564146048124489,0.4588954255226513
-0.14678205123054383,-0.45923273262435854,-0.8136192889307338,-0.19655236820909996,-0.4912776227085488
0.4508818822015756,0.706440276667039,0.7329969764561959,0.22056143273761208,0.330518515842753
-1.645661229752177,-0.5374942621387225,-1.5816064774640521,-1.0701432002179492,-0.19759834949132327
-0.38896536937622217,-1.0759859942254588,0.313459507850851,-0.5808403698159988,-0.8202029456423988
-0.2095641294951515,-1.2416865317282797,-0.1862571184205808,-0.6776112164574031,0.4158572464724922
-1.1904380376822197,-0.6460280164573338,-0.10986819609098603,0.053675535883997615,-0.010034877339813428
-0.021566939771245283,-0.029234529801788357,0.18837883640968914,0.7132655685314051,0.35320759578295924
-1.370932900998424,-0.31558065543635094,-1.006456923919232,-0.15393795667097357,-0.8840465170531411
1.1788143991037534,0.05314545274954197,-0.20734727684201304,0.7234020393142317,0.7746578602723876
0.710146204117803,0.6813142965575505,1.0126232216279376,0.6085822349758393,0.5131383691116184
0.6590743003294777,0.08789200096025054,0.07676135795183973,0.25867742913785213,1.310730061722265
-0.6537017790546952,0.09765048994284625,-0.47452508019426437,-1.2591615473543913,-0.9487186554874417
-0.6062237708349207,0.828274946657997,0.8383225624550308,-0.04279562475327173,0.8107558101696296
-0.473809715785424,0.37428574589327673,0.38708039795139576,0.18750851019810527,0.9466191565327375
0.756660033363659,1.047037734609908,2.078050554448377,0.4342640249163244,0.2225401662945206
-1.0124945653123338,-0.6314096419375833,-0.5174677517061579,-1.3871665467687158,0.1285991108287923
-0.24470164134087782,-1.1778690059516217,-1.5416704579144256,-1.392287837939564,-1.1718462456718561
0.9953170510713004,1.117623044515839,0.5303329047785994,0.4428666620486671,0.049651577264775475
-0.2898035375236672,-0.9092733060699046,0.14875852000886094,-1.4589489878725344,-1.3091979856296645
0.25042221997533015,0.21304963575323038,0.5826214410366266,0.17757702930411307,0.474484176754045
-0.7607118827893987,-0.7324778271448453,-1.0396169100867128,-1.0608999080244796,-0.8518057298615728
-0.8896340216593117,-1.614507766465292,-0.5682642506815402,-1.2095082640662171,-1.0795798607041764
-0.6489974853522282,0.10457712321122765,0.9938324671118075,-1.1822325804108342,-0.3014310341157792
0.623287581924308,0.5994765427238731,0.8942303452346078,1.5663227350886615,0.9769866916407602
0.23624149264067387,-0.7092968360831181,-0.38689646878311656,-1.08240370265947,0.7825859892788347
0.12068987500173799,-0.8370265424316119,-0.3340065567190544,-0.1510859474639599,0.47700068446944666
-0.842226400281122,-1.3880328294573665,-1.165836890590205,-1.3342202074765126,-1.0861465182433019
0.12478206341950189,-0.30830564483630785,-0.3373011683712536,-0.4477511784045444,-0.25239987186036544
-0.3605463529628634,-0.37459655364283445,-1.6512073084189263,-1.0088050987594295,0.3712282124065705
-0.38075557677336636,0.001121252788218492,0.02853149492827628,0.5108840777269456,0.902684187299629
-0.8933408679841106,0.699871431747685,-0.2894179822522215,-0.7403145111823312,-0.20019133411622525
0.7818726343255625,0.9811469098357544,1.0631351081598017,1.3758379539313808,1.2561868785364538
2.1257737603250804,1.432416279512016,0.7260640222614807,1.122279506651489,1.1477749458201703
0.11431085485521027,0.7907893266492441,-1.0318810981924416,-0.4672675967862938,0.00659238927439979
-1.701507050536402,-0.2704260456019162,-1.6584542910722906,-1.1306731498725235,-0.9005381068115755
0.460856038776115,0.38317112035065815,-0.7411557182369761,1.0487190060538825,1.2598638783173877
1.6878985731508884,0.6487064686418411,2.6088816112272566,1.2377308463674357,1.712508211986289
0.2561734900836867,-0.8156546497475217,0.5987728934070051,-0.6512727864451897,-0.9623776683079107
0.537834756948211,1.6078877104257396,1.4014184068556894,0.7685587468319288,1.6654830431300232
1.0789711049274713,0.2566149577368589,0.23289931011449094,0.6208205403455946,-0.45084589284199056
-1.4429411028020949,-1.4039064048713623,-0.9193149063396475,-1.2371588622717378,-1.324042716584569
-1.3139445679830664,-0.008489965550189696,-0.6169728886821935,-0.4937623876036286,-0.29570699563494923
1.6490263027183847,0.8023884685765623,0.5447506511931264,-0.10644690632328954,0.6233294492309941
0.5063592415748246,0.03790947781909208,-0.12793252336111852,1.2114956853690395,0.94662114599943
-0.41195555806909606,-0.2467832583210491,-0.6518252995752409,0.334723474170012,-0.2452179021958185
0.7222104335294327,0.12100828588372185,-0.021645913977145326,0.9343615476146273,0.484141908765107
-0.7804296715347316,-1.2947877526036518,-0.6569318404620011,-1.4694947171226478,-0.8606720823575796
-0.867151464879951,-0.16528307433486855,-0.263427998701771,-0.6473412839896744,-0.6246933401735624
-0.1656271035308053,-0.8007108717093427,0.09010465906521636,-0.2492698675978372,-0.598833014813513
-0.4077259816707315,0.5757632872466607,-0.030009432104126335,-0.6918607820655752,-0.23052091324522805
0.2946999859495413,1.1230871839236498,1.7702685822950397,2.139119736626091,2.212956409567109
-0.5249371056741874,-0.46854916856817275,-0.9300322611531376,-1.0961192285148267,-2.0651625900962403
0.27384275739127834,-0.014751280421996174,0.04008454652709354,-0.953491183965344,-0.501155665725251
0.4796918121084638,-0.8067605668728591,0.018734940966169258,0.16565061907225417,-0.63888860403173
2.762917604275118,2.310519736062634,2.0354937108516333,1.8819716420645676,1.1303332933048946
0.15891742133754552,0.7877435800325276,1.409021772294289,1.3651155041922063,0.8918093557897041
0.725057141117169,0.7732920908167197,1.1801080490338556,1.0071427169660945,-0.2421137344098947
2.0408635177080443,0.495499863413352,0.5481512912694152,1.2472368498706357,1.9563031662741712
-1.276767018645082,-1.5304780824367659,-0.7675425590517239,-1.1840523959165394,-1.3570858567245079
0.8004110596467582,-0.12633496584864484,1.2335321308399407,0.9304931020500019,-0.08081868019035107
-0.6987131398267203,-0.31527785587306356,-0.5383796416109962,-0.5336024345940112,0.16253035369117155
1.454528318473157,0.7360380359935795,1.65681866027484,1.5872594034665737,1.2909874530202827
-0.8891875870043381,0.2059540803388315,-0.6468888638997065,-0.8829494436372359,-1.1043281123645585
-0.11370884929147426,0.2112904059796168,-0.13229743761371762,0.9608377271104637,-0.6973227942611834
0.8548166424822876,0.5647176568614286,0.9823369762367531,0.3955136872368633,0.42205935235585457
0.3939116944941211,-0.43510310663986435,1.1531775845930239,-0.05341820862312159,0.5004922728424774
-2.072922769946853,-1.6099394884818021,-1.260892595818826,-2.1119160901742005,-2.480298983117398
0.5351918379530458,0.7839678778168241,0.9097287871659645,0.31703585984749344,-0.0800652847666756
-1.5825851755565115,0.291552970279432,-1.0186283263291391,0.03914590727715226,-1.1828948204284724
0.6543535619157386,0.7929378963755446,0.7723985301329487,1.0603011449928572,0.37732773128050445
-0.9132798137143618,-0.34186504768211934,-0.6696640313700725,-1.3093931131387182,-1.4098387565578463
0.9710467525600771,0.45230064774118645,0.4690285844193632,0.5828993172964758,0.2234366110699778
0.46600202773477334,0.7560267335468444,0.30848470682749973,0.2749512369892031,-0.4567561589473556
1.4240223306480009,2.476033057586215,2.2331593882345855,1.8925971482877368,1.376833945242529
2.2537501307630308,1.788333917036224,0.8823652238958384,1.3939862286908877,1.8041875598083215
-0.9931263133012058,-0.46912306221832994,-1.4722469550159365,-0.3410275440110201,-0.3333593927926143
0.3488398679699956,0.019454969580444764,-0.2092956982496316,-0.20063927459235506,0.14223977847397906
-0.6829255369705878,-0.30700569485560575,-0.5146950851931072,-0.7613058662182626,-0.46774318913640256
-2.233546034921437,-3.09960691601336,-2.53655375662618,-2.0289902582035237,-1.2080017067005449
0.3579491833823991,-0.40545828350864055,0.10471849544028253,0.943650571881117,-0.443194298417524
1.8345008758980925,1.9206538940646838,1.793228356357994,1.0529961254755,1.5476140139356636
0.6680982967335357,0.27915429138910824,1.0375197997778056,0.5809292429040971,0.4163578627028894
-0.8902121311047901,-1.3049387743694543,-0.6667415327139522,-0.7735431019726773,0.788354011924972
1.9465147542767174,0.1477377323059428,0.15661667332016496,0.06600687570999583,0.16507875524153573
0.8723762533874817,1.739247364299702,1.5641201669324913,1.9616178289381334,2.124239783266711
-1.0217161572719662,-0.015980550853854913,-1.0514665120520348,-0.890757438927166,-0.5017350219593929
0.8919556320921816,1.0774300569430633,0.9201469157756736,0.7605201184656445,0.09596432976993105
1.894240033448361,2.3967277442670496,2.2025331785868842,0.9722052429784878,1.6234524121109182
0.16586277164909147,0.32851007062630594,-0.8481880456754649,0.6791781041064233,-0.11306690525589316
0.9842047088879976,1.4597921831779532,0.9962197460507182,0.727172411857166,0.7919305136291568
0.8282261107437289,1.0516229634499599,0.8478851276832632,0.9741467790009486,1.498996424621535
-1.526137907820115,-1.6538320164275924,-1.4590810116574018,-2.203771101254628,-1.5624208916534006
0.7323082305794737,1.2081344937752487,2.3462443336109806,0.9040886250228074,1.7812991021364684
-0.5078626832904328,-0.34042339835372126,-1.1584673708913384,-1.1722841069198124,-0.13433824827655047
0.0584582167552587,-0.11497047238338831,-0.30409182626462544,0.49747945121932524,-0.04829871488715989
0.7024374034271329,1.1239504629781876,0.7910874508589941,1.2104920907361296,0.3075326471046085
1.4278334726566724,0.8074181968139035,1.5645354737875719,1.8002360577380991,1.5252733465370605
0.6019966516811808,0.1030641378523082,0.4094678591986057,1.0301670472280664,0.41423792751477045
-0.7739468318756929,-0.07229563864040942,0.028033612789752176,-1.7750436476281746,-0.2105815557934512
2.5933544623216798,3.029884258887467,3.16962462256685,3.695959379145932,2.9733812766950765
0.8785572387944126,0.15388913672176555,-0.2220006095722773,0.24533469492422474,0.026552826506695822
-0.3012614541020632,0.09366275447203061,0.838093553903988,0.28717587967518277,0.002311849449313682
-1.70930618259762,-1.357010924163684,-1.0945071406199396,-0.8121674862669688,-2.1066753176333233
0.4556337237245138,0.33013438342937174,0.704841071209732,0.4193565229463907,-0.6212283232074436
1.0893605587148767,0.7976330105094971,1.4506732867448422,1.302986798685893,1.3523804152748375
0.8639447053399364,0.3455738048092496,0.7926702226269866,-0.5491224411564776,0.6929714738172531
0.7047893256724591,0.16792060526155908,0.15776764623762948,0.4532357656964695,-0.8229517507990155
-2.1199787829565295,-1.0106740909723209,-1.255959037639767,-1.3511775386576652,-0.9468136193496429
-0.4040669832774578,-0.06312889459359429,0.09011441911648718,-0.6691749419266484,-1.7036156534100886
0.37179937608548497,0.592723432027723,0.6061060920604467,0.4880488726364305,0.3577519400303024
1.8241347007101738,1.916581434070237,2.29455623772606,2.2101102694349,3.1977381748437423
-0.45160155781522354,-0.1490747563047045,-0.25231848419713643,-0.5456974456819952,-0.15839568057564346
0.9498862937636543,1.6631919795080112,-0.9672636014526507,2.0587071952265794,0.2618207152130676
0.5352434972164246,0.5036475296223535,1.1587873774202049,0.7846053875479534,1.5499228615901857
0.6453444760657205,0.771900273959406,0.23850829700538398,0.7051193624555919,0.8847652422150599
-0.7117652743284874,-0.875349285436314,-0.19176743730034176,-0.5544840736158511,-0.9792596851797165
-3.0429280289968075,-2.3416265209256593,-2.250833922611481,-2.233571274934588,-2.424055238498091
-0.8420074826480582,-0.49624138566236614,-0.24621237968720938,-0.2092901158770809,-0.1003990934442795
-0.988146288279516,-0.3415911456653482,-0.10703529956135976,0.8635080106139701,0.3912912031383041
1.5615351743490313,1.5186792329047745,0.8577126297644793,0.17328606819441839,0.9108995185662759
0.2659170480453626,0.5040687827037434,-0.1353533776708301,0.3557587004142168,0.28199826072291745
-0.2161000295865117,-1.092912951888878,0.6643346125921745,-0.4780197089180251,0.3528885707604124
1.7234085035719475,0.42815930910444194,0.5169496840795167,-0.02779225068759258,0.4864075972528255
-0.7859046811649353,-0.9121477817495998,-1.344610267909315,-2.1598036998687205,-1.1248790566024578
-0.6509093145712608,-1.8341624118742408,0.1202901157760042,-0.4502734264985719,0.22288689264193454
0.8196959905050571,-0.10167507096788707,-0.14469763073021466,-0.8341861993201255,-0.2984043490805993
0.02207532974996211,1.193153742296023,1.1845240448202883,1.1182988313260962,0.6153007551051292
-1.294513787525147,-1.4347150436308107,-0.9723032815746583,-1.1478302590338538,-1.6325105480386424
-0.5230893285067174,1.4278356645419588,0.7456281528077675,1.3053942432767731,0.8173643263664374
0.23613186786755622,0.7614936974450971,0.6329284993719895,0.2723291777555465,-1.2460392235298865
-0.7056196943578081,-0.5503083852018001,0.18121180328939446,-0.0702232617376082,0.8145540967050277
-1.0134269821212138,-0.4489091241981484,-0.6690878667723915,-0.8485287887094627,-0.37334010889589664
0.2335677788716968,1.0906007260850823,0.20942438414260647,0.11671029068599194,-0.16018524082281416
-0.6051730716173339,-0.5359889830742396,-0.597540396378518,-0.5718803156800926,-1.050008775608431
-2.1383497647630505,-1.3998824098112261,-1.7649293668968742,-1.424182599502017,-2.0447287867502086
-1.9926618928779736,-1.574023626678795,-0.5223308004223628,-0.1417087699313854,-1.195616328884037
-1.1019059191882565,-0.4896210134213518,-0.3586112740073744,-0.09617977135831503,-0.9617832864148018
-0.6272573104554732,-0.6527862104242679,-1.0147225853242954,-0.5800266976320697,-0.8082239470115135
-0.8819886666001582,-0.6411045374129742,-1.5278746266306853,-0.38545685047443334,-1.3333454516948091
0.4363146775417182,0.22455956500738866,0.9756690120346042,1.0142415390023622,0.5959554276999508
-0.4177213729206656,1.5592121062841269,1.1221042486252006,0.5208445892121277,-0.30155253692760736
0.3696080527692064,-0.12656038757525567,0.5495383052839732,-1.2404754391540178,-1.2312493723174027
-1.4534650205040076,-1.208367426360375,-0.8123161469029239,-2.15705743538031,-2.206940704487858
0.572462694791867,-1.23325453774959,0.09477134316345419,1.1239466354465804,0.03650294344849735
3.887275397797561,2.868893478079271,2.876919841222825,3.0391517170952413,2.423480408741839
1.6674870766589067,0.6610860875977139,1.0864161817564908,1.9789019940983785,0.9256577767554538
0.15446152846254887,-0.6669338963755155,-0.23524392207204262,-1.6261935387519144,0.05204997217185794
0.17423016035589417,-0.14755910579161685,-0.04613851594228641,0.44338646932394954,-0.3327358334732544
0.4271538017081582,1.875812040592059,1.2596217775590575,1.3106309705192662,1.2975269376783791
-0.6356986221500052,0.43758615560068004,-0.723925115591213,-0.8247669476659285,0.6531234569310712
-0.47260478466612765,-0.43249350991346097,-0.09445637297338902,0.06924621331592752,0.5271258174159315
0.5787732938099636,1.7588954598846052,1.3825873521430279,1.1721017626088406,0.48676909005499924
-0.16513627014954577,0.7500284633482664,0.04183688975742426,0.4778235989059512,0.8644373627584593
1.954049343254181,0.5467990074391939,1.4790066157498094,0.8214303336203421,2.5579801638496846
-0.6678887494708555,-0.8442368177300994,-1.097377744386397,-0.6809742352178557,-0.6894341896743229
1.7277283744370246,1.7982053731812546,2.3917680588799635,0.8983633893074882,0.727242820840121
0.8811731390209374,0.4387949848818581,0.6202631008963937,0.6650089234421712,0.03578062416626684
-0.49053587625693373,0.5221774879458874,-0.45763138834089606,0.543842615121701,0.7956037639090765
-0.8403142347626317,-0.37534029186243306,-2.0449814257308527,-1.2567591002580363,0.6904264095816282
1.1935947457975762,0.15045623569021624,0.8432215707740653,2.2877455440378416,0.7117033100684783
-0.343113142175879,-0.3943937735343655,-0.22415651558931987,-0.8091163337828374,-1.2979700236212357
0.44750398904534106,-0.3919328944214971,-0.11068211428855629,0.8440885784736516,0.30424900632735646
0.059944555169081266,-0.9501529482303249,0.049567914736449836,0.21807967343462636,-0.44501835121795036
-1.196352291891651,-1.1046333739824645,-0.29207939582291553,-1.5202936064540133,-0.5589530628124144
0.18382700721221046,-1.078407789219396,-1.2460257784649396,-1.4850180287521457,-0.3741074685625238
-0.48316334088526325,0.15215336212489797,0.04379407135342288,0.2502925760431221,-0.2778456359700528
0.008593561753041414,-0.2454900309431091,0.7964684141774434,0.22002314147831087,-0.13964726503526181
-1.0202355514754942,-1.6179151593169128,-1.870541866016171,-1.6685465726724964,-1.0636513085155463
0.8423860009877188,0.9038740495215661,0.8376193359012659,0.5667990663393087,0.9465608270538297
0.6862171298665112,1.2358945763981166,0.26479084104363837,1.0304058405657328,0.7988531918062544
-0.4622605894256452,-0.04080082479974616,0.4214092573468421,-0.33312156492915157,-0.7262937439138456
-0.3669663765255792,-0.8434950846355377,-2.471932205845195,-1.4851051780388977,-2.3869204528903056
-0.10238941461117873,-1.116466152006073,-0.21028089103742115,-0.14850958104320597,-0.1472803259016616
-0.8540279100726172,-0.12712536774090782,0.4360255598773176,-0.4323895589125522,0.0029049288896928808
-1.110311119712787,-1.50356488201543,0.022714271216244704,-1.3248362153235325,-1.2696433216314948
-0.4648936383396803,-0.16350413466832206,0.4921695390663077,-0.5170153675171101,-0.25255033675477856
1.3815478319685133,1.5761801378044717,2.089680730565988,2.7709973021866587,0.33936700002224723
-2.506301469182455,-1.5959578444774483,-1.3335079671934829,-1.0517094771355955,-1.9003967348132864
0.3563309357652522,0.44317121818280886,0.49158406653072595,-0.35106129624077204,0.712267766713079
0.394584589476428,-0.3075209237968491,0.435077127122541,-0.6913909491065321,0.3434847207698438
-0.7832786104709499,-0.7720107587247886,-1.2524476229901338,-0.868159208210851,0.2912290619027206
-0.589934079707982,-1.1244383896347907,-0.8026396939207023,-0.8415063185982176,-0.5098062304525761
-1.035710830999854,-1.7221168897456984,-1.3287894012371422,-1.478680973602597,-1.7287107127757824
0.24196098599103272,-0.5804278940525094,0.4778688614003671,0.2041691597345241,0.3059785526653289
-1.8578853158991375,-0.3842419427769677,-1.3991714434317373,0.07242979858035503,-1.197097222164339
-1.3511478285473462,0.6243255719475772,0.3520602693033623,-0.8068049335098157,-1.2493398763976737
0.40829261781269516,0.2588407390884502,0.5410525863570739,-0.15076547666129247,-0.6044621290003547
-2.124797813941154,-3.432682976870582,-1.8908680517458911,-2.1964343346584756,-2.49948053287523
0.1036045723445623,-0.7648009246444749,-1.394380488609726,0.4465409240205432,-0.7766293597370549
0.08155194396499202,1.3524501836622609,-0.763390779948288,0.8418967417176093,0.6204846901018032
-0.19162537449616515,1.7243306386226065,-0.40588988881166976,1.3521295529853998,0.04571715237993793
0.24654508939821296,0.6959813181118729,-0.15205823392491513,-0.7314071802663389,0.6963773544797879
0.12387065442250787,-0.22855113300896912,-0.5796851889267802,-0.4004054531675749,-0.427751359526675
-1.2218583071672038,-1.548030712648698,-1.5815578467308655,-1.3082297768343594,-1.8426944895064037
1.1200975464536607,1.9948441281075897,1.4265682506008437,2.2397641722879507,1.7280764828767
1.4048573650671838,0.9952722227600672,1.2621755332769657,1.905921947264782,1.3415663925975703
0.44405391868535204,-0.1325795938771092,-0.4202345239887555,-0.015680897027567267,-0.37795584588845615
1.841197049155406,0.4763898467424038,0.18559488219470704,1.4794609297725219,0.8126214969523287
0.58538008440006,1.0942246787255818,0.9748062984022694,1.148003031884494,1.3368360576940073
-2.0196089166102373,0.18759338011576004,-0.8610828227277468,-0.8027912220238541,-0.33858909041763086
2.115296009762525,0.327195409436914,-0.11517551014070013,-0.23398169236143362,0.8091056656281881
0.04764145752408244,-0.7264305521855847,0.44230609330495846,-0.29821588735206317,-1.1214276161861991
-2.314482722529573,-0.8884940369435425,-0.7597542883766703,-0.503380378916887,-0.5959010658957296
-2.0200358873700335,-0.3400465587379113,-0.4034823994329744,-1.302355499111658,-1.0465345914175
1.1283415682740736,0.39841250843901127,1.1367911213213597,0.45156388396027974,-0.43985879249844007
1.2784028907612421,1.0779167328998833,0.2434996936233738,-0.6424695515760062,0.8965963992057965
1.416821359051955,-0.5295890350745952,0.5197417076409696,1.551459720909939,1.5613598348077478
-0.8858714594318792,-0.2918476263339099,-0.19127571898666565,0.41152730858499603,0.04709796723540971
-0.15722643654591534,0.9790406737432359,0.24869528037198968,0.6134061228214021,0.09907708162268287
0.7483036167648763,0.2681934729533191,0.8897831576653902,0.27933290290358054,0.026278453946604875
0.31761508084377527,0.3279252541736154,0.011147178813715759,0.17376640520057915,-0.06264875826824104
1.1678828144139546,1.4510325689357493,1.640943053134492,1.5675136455210632,0.8437882212882076
0.6970361486405915,-0.30912900378286823,-1.009424781077652,0.3936597924572861,-0.5458095668179193
0.3532480249967512,0.60073087883105,0.43785598761241123,0.42201725197700185,1.0086914068876969
0.42574488284599116,0.9460586611684747,0.35696080200470093,0.22843399530191752,0.4511993537123128
-1.0195630345545221,-0.7571972719783269,0.37070195783495863,-1.848556901018638,-1.2511133456732713
-0.7160729687198589,-0.9260373055803333,-1.4263149617034472,-0.7766927798995401,-0.8680335195243253
1.1136260141021785,0.43928615427233686,0.4978302595431624,0.5780377323550194,-0.0348005055905976
1.4149021427900925,1.6186728573604616,2.006828326501889,1.641741397791649,0.47594446814536595
-0.8280061047331708,-0.9394602193976862,-0.7838843491665912,-0.19282395901818392,-0.565715091777195
0.08426879783826029,0.17230412762367225,-0.06886822016705019,-1.2348433691864633,0.09374654649429835
-0.28802014962227995,-0.038940073771131165,0.028532544141264764,-0.08777980286181525,-0.5317622536356345
-0.2044977696823848,-0.5613410698152852,0.10597133442222106,-0.34721065132899875,-0.29599735726040943
-0.20459131026205546,0.4635278537622075,-0.15113755301489393,1.7296039715067364,0.8782047668446162
-1.582639050410066,-0.7346598938606087,-1.0725335483308849,-0.9334113415172517,-0.42917366393860257
1.5005832868616054,1.826298183749725,1.406877797037585,1.681513268937373,1.677181063316477
0.6563365983497969,-0.25184158122756134,-0.35006023747067055,0.25572071449114847,0.012255413062836137
1.196850828223994,1.0576505007234651,2.0586355987964438,1.838643319464271,0.017661153987237416
2.2684533037014565,1.6191261582617138,1.1033896239308483,1.8641512177074746,0.2544733225619975
-2.190140157805923,-1.1938315977680893,-1.5675217989574373,-2.3875166777774695,-2.501882387749069
-0.4588939197970432,0.14452422812206278,-1.359203976984065,-1.8798077413597545,-1.181375221664168
-0.4424771460166409,-0.6483498367864585,-0.31206143695415306,-0.7058383645341021,-0.8116355300764414
2.1613252573237625,2.5379060387531998,1.7644395365659258,2.70087797248053,2.3601132195244157
0.30078737640083264,0.537755819916906,-1.0745084349065352,0.12444041825606884,-0.9180371296871668
-0.4047387775361843,-0.5087951173050925,-0.40448354951317533,-1.0300008839043746,-0.5043804159028753
-1.075091680726304,-1.006539171196319,-0.7690766108395539,-0.5063346385201197,-1.2899950405559124
1.0573284163447456,0.21538481857097558,1.0089288771484028,0.8314203500584049,0.07073066427166157
0.5609517723776862,0.2110041437454783,1.1139762737460666,0.7286542215507049,0.426719591826091
-0.8535042575253092,-0.6503988435938437,-0.7816999162007949,-1.173195794069615,-1.1191956343486842
-1.2091484047682404,-0.36769638176530306,-1.3062426055359029,-0.7513393398914172,-0.3346613233583357
0.02417968447740878,-2.1450948052674863,-1.4261289135550972,0.8700808265687215,-0.38663576884121365
0.534881809129809,-0.9163017675603818,-1.6819426211704722,-0.31360029514034865,-1.032021206366673
-0.5982579544659942,-0.7947996046044953,-0.48294800518139913,-0.1883708687929805,-1.0113174543018026
0.7703087632936251,0.9833630815196774,-0.46182287543167155,0.34693676709147514,0.3933356448825579
0.02465392633404861,-0.11149249596792775,-0.25664463843249413,-0.38456418971526957,-0.6020417076842087
0.8524438503900743,0.5300430004779956,1.0383657665426487,0.6222221022413575,0.15006327350043613
-1.0743686791249947,-0.17888067602601646,0.3478823898407045,0.7952877966396963,-0.4984517397497433
-1.3349596173668674,-0.9171043077076291,-0.40900860547269713,-0.6331742342087582,-1.9693910394832534
-0.24690585456036804,-0.7871876715860023,1.0559932139638413,1.2279616268551097,1.102898040708171
-1.3678873703348209,-1.7539117231687797,-0.8657988421088533,-0.4300720929480262,-0.4984088759294336
0.7788000132221956,1.1589911310926682,-0.14518672492017035,0.5451594099965469,1.1357817824169434
0.982121746029872,0.8152898322002886,0.15656659704758333,0.16742112140720025,0.7214438514425898
-1.0782546168396265,-0.6380522654945769,-1.2590178478513923,-1.3817501443383478,-1.0611200102235543
-0.6583596301622113,-1.0150507782173228,-1.540165774838614,-0.87328024173172,-0.4080988178976033
-1.0846958381592298,-0.42493087900013116,-0.6623970749757377,-0.8010902691544726,-0.6152048736109639
-0.6524322617596492,-1.1497988602868399,-1.035973273768536,-0.9959259690766942,-0.871259722328569
-0.9195024141294824,-1.1532789508354784,-0.8479484891795543,-1.4020985451678019,-0.4545735665415577
-0.6190416790126012,-0.7012688543053714,-1.2687738282561336,-0.7561770329343247,-0.7840006197516638
-0.47279919319589736,-0.5823938624858659,-0.9736897005615283,-0.3246414770559518,0.29877203519083495
-0.4985575280191235,-0.5838235262898465,-1.2628006267670795,-0.8586857850256506,-0.18550647990469452
-0.29795172871223913,0.7898536769789612,0.668220263709384,0.2509758899760459,1.1656775379915019
-0.2594660137004801,-0.3551403671066492,0.3278028790548621,0.7733636883195528,0.6048416183848018
1.0434404580882894,0.6477805986473427,1.2440550512834838,0.6742899688245171,1.3737952945860183
2.0071863769466805,0.5050039668419867,0.464015155953324,0.9428932032843319,0.17390716563490508
-1.53228766207038,-2.243855087465734,-1.356868946226188,-2.4250494290828764,-1.6237634207718474
0.9903027607739685,-0.027710483236954846,0.2817967958267043,-0.7060854222306501,0.623788757098056
-0.5330399962952037,-0.48948030624099886,-1.1926443309662085,0.2829939978761607,-0.7719912314699866
1.6553180318636032,1.8202050283079714,-0.17114340198647646,1.12671267839789,1.530118477942325
-0.4265232277248439,0.374236791140379,0.32449967137930896,-0.2588843591895328,1.2619742935970957
0.6286555426436876,0.7838667681387668,0.5477114935028518,1.163491148215955,0.861509621390305
-0.9507195491480313,-0.8413931607541344,-1.0599292255480246,-1.8177470227401953,-0.9661756481988101
0.1357009702901127,-0.1576351271201418,0.50394731104136,0.1866078732963895,1.3479201441345556
-0.8979944264512515,-1.121884997191393,-1.4966972222074684,-1.427066815851116,-1.7444171529273103
1.001017144948632,1.016567000153899,1.223718780046831,0.39013595238000287,0.12096646534554568
0.08020072659774036,-0.7974761415389161,0.04200812042276145,-1.3788842962448615,-1.1359689315160488
1.0651215044194957,0.6870602156997647,1.6470387800408035,0.3136388843419235,1.1256390875351057
-0.5344114589128947,-1.370775697368066,-1.3605977314916888,-1.065206726150757,-0.21788670997541865
0.467719791007385,0.7295386367865337,0.538241071291852,0.14995199688827238,-0.4339375850587887
0.2642317257283401,0.3167550316506662,-0.5476541234688409,0.3976949306520335,1.2913972048779199
-0.32249712638316946,-0.169147996888483,-0.06444973326336155,-0.5182616254807937,0.08439473878489169
0.42759992049973233,1.052250810465964,1.6475277948674611,0.13924995437873983,0.9876255429086119
-1.109046316627628,0.852257654174286,0.15737493046583706,-0.2779351377179956,-0.35435561445422603
-0.48375964239008945,0.3761047274699478,0.3001359253852087,-0.7342353142110589,0.17850215314116238
-0.7799941908314043,0.7378850319330924,0.14181133706371396,-0.16418299532716035,-0.5273441658055628
-1.7003693380538323,-1.751705462894959,-2.253594579318039,-0.7657127989376866,-1.329667181341845
2.049785796614187,1.5038922469217473,1.5422233891778672,1.432089039467246,0.40262365306826065
-1.3882018532096276,-1.7409226538105782,-1.1772207441951774,-2.256056107453095,-0.8578878537976685
-0.4010753612804744,0.005383935740320642,0.32946603160306115,-0.356523324820198,-0.3229690332505854
-1.1956755757378152,-0.5709708541941213,-0.7334654346518688,-0.24336334054860748,-0.037115027678099224
0.7498163957385996,1.3697024602073333,1.8340351859982722,1.7723879730934209,1.7406638303866575
-0.646092956425027,0.4796105060251973,-0.6994918234155646,-0.10578430002753918,-0.5782389576921734
1.7164098808067474,1.2675671031370905,2.1823387422409017,1.07669100453906,0.9884199206040679
-0.4225196830691327,-1.610668306628543,0.011831415678557257,-0.8625734125008685,-0.025514018012730105
0.6285472013866126,1.8589124012173797,0.7618570989474422,1.929154571317294,0.9406747234530881
-1.4735378590973816,-0.7973905235428349,-1.3193816291213136,0.44956552951556816,0.30373580139189255
-0.4531788391034154,-0.713554316350977,-0.7779250765150374,0.2862295762738535,-0.15821126589066942
0.4207087096759669,1.0394237407489375,0.33026489244627616,-0.37670088902862453,1.0912973456240285
0.27720108294353385,0.30747672355849737,1.4974359573165463,0.8435672006219049,1.1935186126984245
1.2124814306547522,1.3191309286073698,0.862799589033816,0.6119145026357325,1.0665651250568968
0.5318677305512928,1.4646091665199066,0.9253518868452469,0.7564846714568155,0.9299420851239729
-0.3623725010199267,0.513812131913838,-0.008424281076201997,-0.525777433626986,-0.015065216529799976
-2.2435385941379136,-1.6471205521943932,-2.060892506049093,-1.5826792412017177,-0.7522741330927332
1.5035306369561974,1.710332547189825,3.5884006580324352,2.0062768491040055,1.6343779209688236
-0.9416785217419442,-1.2107441227313585,-1.0979462363868435,-0.42473561444574914,-0.7692408947254981
0.0743635620885972,-0.02382180056641457,-0.24475680544422615,0.4307502070970478,0.07555628852358375
1.9783197280215867,0.930134222588507,-0.4136645600362276,-0.17289453012817674,1.0304819109557302
0.2094692205108683,0.6956426670557228,0.8798362026396344,-0.35684011970106433,-0.5432532127509063
0.43104207175822434,-0.2662007023596461,-0.4807944989894453,-0.5885058076857717,-0.37939566127912766
-0.44415582028234235,-0.546945240277258,0.40328316212887594,0.12609989957145995,0.0034471332959019533
0.4979878479991615,0.45274632663966563,-1.3896619436724191,-0.21058581694770656,0.6183545630554977
-0.4972673917495161,-0.3225726509045916,-0.6639206857810508,-1.8232344734381605,-0.7468447472184445
-0.4965419588673393,-1.3858459407980495,-0.594923554788507,-0.5892317039279127,-0.13684427315278946
-0.6514177995021845,-0.4090728052405537,-1.2030862686963208,-0.003264536080020034,-1.5839502579839249
-0.3235858064255267,-2.0254581626228756,-1.1372112914675923,-0.8722925396718011,-0.7402296239940973
-0.6775038672360135,0.20875597330758436,-0.722332886175213,-0.7613948451077922,0.18056450289369813
1.9828613529763175,1.0248789739668982,-0.2901325532949515,0.9407255257368403,1.295391205787227
1.8375126768130932,0.40386304761289715,0.8655495716687587,0.24107446236843208,0.6466840342667068
0.3815527979836922,-0.5061058651358334,-0.2410292852040908,1.05739577963647,-0.8057192961641961
-0.6111166173085206,-0.6704494570413981,-0.5059512178461284,-1.23019718811788,-1.0737766974560796
-2.621358603521491,-1.7265846112939036,-1.1949461966995527,-2.388152996857661,-2.89910329017326
0.04734669043399353,-1.857791220001991,-1.2588769595019649,-2.7327684395292047,-2.66515658191503
-0.1215745136099883,-0.9818447576142473,-0.5789414286407222,-0.7802241996835478,0.03844018033156655
-1.3272079471826996,-1.4988083872390885,-1.4409619748163651,-1.3865055706452103,-2.4053292226053204
1.0111388314597953,2.9095614327327297,2.2908709106223326,1.6332641345390664,2.7164613877430948
0.8382860193960917,0.4055928858915278,0.02164347018152703,0.8446367431138109,-0.2940069668431187
1.0612271536961917,0.41955402415814713,1.4861548858354314,1.514282364522643,1.1129953419806429
-1.225809686693002,-0.7246931358804466,-0.1809348947573775,-0.3684218384485943,-0.4677049883168292
-0.8757500977218379,-0.8599802294353179,-0.39870291944722036,-1.3518974794633283,-0.7338708512144259
2.401392889896619,1.5847847593362423,1.9621521242653335,2.3129433376933344,1.5495648045618746
0.07825010996830876,-0.061252668739996734,0.3308014717321095,0.6612914521073789,-0.9191444721006407
-0.5165733940580562,-0.5652531083682664,-0.6334498229853847,-1.4594882012335755,0.38291922853028726
0.5953883005360662,0.5123512470741844,-0.6274444208367407,1.1572773875759519,-0.04796551597635255
-0.27403149973566565,0.05917336546391126,-0.05557642991998212,-1.0615974827459629,0.0011126892388771453
0.44778954789890474,0.12539363679573262,0.41251613283046823,2.1343792078671266,-0.33501799091227236
-0.4284651525301605,0.30738424169022166,-0.9861947461967341,-0.6385422389093945,-0.7597538285518634
-0.6682918666383946,-0.327805300313759,-0.27436585185599077,-0.28848184413517586,-0.2251533946051707
-0.8069632940698034,-0.40031349346932643,-0.5803519376711052,-0.12038633966736273,-0.3070716936729861
1.4222022332394515,2.14974941980512,1.4325325763550294,1.5205165651350352,1.1506367432677571
1.2564389291618367,2.071026628132075,0.38864800151870543,1.9541684655784461,0.6121058756471387
-0.14774793987996546,-0.6265354352477042,0.3912739714562127,0.03329387322096694,0.938769488947419
-0.19374955622394546,1.2306775780711259,-0.3837627336665712,-0.21930569349558504,-0.5017186641376122
1.7245049063275353,0.5371870714420879,-0.12731424598439317,1.4835459616745874,0.6968589137813026
1.0068165626830328,0.5380862451745305,0.7335778215530564,0.6426147253787938,-0.08407249453521164
-0.7506984080952677,0.8399145364159126,0.14134515845459425,-0.07919547806338438,-0.212142490954062
0.9857805247141374,0.36721337285274364,0.6572073197705737,-0.7738909597913045,0.6280961269939614
0.09105408607428361,1.1696739922576063,1.2865007681489051,1.321345738678195,2.234153939089123
-1.1716096676012993,0.13526491694497655,0.49029605863530223,-0.4549782063629732,0.2490503157799091
1.6590425425702715,0.06257758979494556,1.5534055671907598,1.3393207007757917,0.6647230240704399
0.3505330459125062,-0.31266649986186995,-0.2538133843835506,0.004890738712254271,-0.10365435350536582
-1.6665510317071166,-1.4861007251419682,-0.42117656568722295,-0.9466154797874103,-0.4847950370681168
0.7689533646809992,0.9914778213275327,0.5145823515791822,0.9176835610757467,0.3681683719528212
-1.4843551058677604,-1.5463638753182964,-2.0574153590857924,-0.4242903501655923,-0.27401487563387833
-0.004746908818810501,-0.7997237235717687,0.39071805585678165,0.02480968793518653,0.17985792139617504
0.3997681789814353,0.5247939552625476,0.5536940272637253,-0.17236338727867062,0.6621737682509897
0.08101696859025916,0.7257624867703261,0.22855468577773325,-0.5963362286181129,-0.05704614772772844
0.8346462208206963,-0.09919177691030757,-0.6389675459859738,-1.0278187611274594,-1.182020480706779
-0.3947900503685071,-0.6425355178108749,-1.3459876411475342,-0.915396503000054,-0.37370894912454855
0.06310781612344103,0.4574274820628077,0.3366512549954198,-0.46886772700932616,-1.3081873447891017
2.34553958931221,0.7699356547639353,1.575476662046995,1.2954562429645278,0.7828119785291086
-0.724327900287377,-0.2849461566254961,-0.14393308471693392,-0.5445233598918372,-0.035319057826428954
0.6922309450576051,0.7517126623953178,1.4764771326675483,0.8381228229302212,-0.11017856500034277
1.0780252131976342,1.1823895266222524,0.975516414080064,0.8274857924952563,-0.21982382221366534
-0.6613666444306033,-1.1670885068441275,-1.5076340484095672,-1.047653714959722,-1.9930993491919953
-1.1175907517227288,-1.2312271673331427,-0.3452472851015791,0.08394263670835403,-0.3962273519970303
-0.09385192117819133,0.4442430706962039,1.3465918264388097,0.9191209391117374,0.34480676276953204
-0.0061773561014745295,-0.019722143826597257,0.8166505624327488,0.32585284101353146,0.18357150946878673
-0.7890428623633988,0.3900074312326143,-0.9396147837888845,-1.0799444414764625,-0.6402418798462618
-1.2793657580632678,0.10027076326874382,-0.9409373526955074,-0.589306453044829,-0.55171281592739
0.7084640143256675,0.19312689525450158,-0.541274872453615,0.5961081988206125,0.6064955887814931
0.7084952199368936,1.2874213156479377,0.8355344248946328,1.443489754662782,-0.11220204288367515
1.7692366928242182,0.40590754481367797,0.8518909841345401,1.371225647746044,1.162850404954063
0.6242570763169406,-0.20191768769251825,0.8013599050690366,1.6525090177240298,1.3486487986245381
-0.31004632198576193,-0.44397904438702557,-0.1971259129663938,-0.7461617388657349,0.04641457409807862
-0.8477534144616127,-1.5880936522113547,-2.0520106872829618,-1.5112545811322384,-1.0802111544828734
-0.791833807642609,0.0042368983047849475,0.18492248204680084,-0.3450216561518038,0.3163689804651889
-0.4694668439123166,0.8342615746124438,-1.7899318644575954,0.3360250338231063,-0.791280828860619
0.8907101279955963,0.9624852840150917,0.8974798500018238,2.156696544838299,0.16808489920055988
0.5870081640330184,-0.36780340573665976,-0.5312371909164715,-1.3007705322565593,0.30124770859551464
-0.23517331218085524,-0.7456777783013062,-1.1018636633573593,0.3984650249447671,0.16371952032113024
0.23436320301823194,0.7858651968256234,1.775612118778217,1.4344572358210566,1.4862675857513041
-0.6918624857203074,-1.244856215338641,-2.1145066810073585,-0.8973414361093128,-1.533765559216894
-0.5505629888087535,-0.6948216785272531,0.03225846294752942,0.7753703582738256,0.44957969585241775
0.6123436273114766,0.3669647610201014,-0.11447323878817393,-0.2923431619947048,-0.752042751108779
-0.643010050033822,-0.40409641589123835,-1.1205165349488015,-0.06384767177020668,-0.3986181957336243
2.1757606660027613,1.1424182942486587,1.7901934633720191,2.2612635914289196,2.1744369036264843
-0.12667401178838458,-1.5028773844960355,-1.7784994267138603,-0.6088776014076378,-1.024530615768865
1.4744610078909026,1.6604515996883504,0.5513041364648447,1.5292113258402245,1.4167552198612932
0.8055770218450218,1.7825345769067062,1.4298544591716198,1.0619427952792544,-0.10328797624367494
0.17446573862223344,0.6312366121446904,-0.9782995258683806,-0.07847030351596936,0.49136520785354504
0.19318245772652054,-0.1820545221335746,-1.190931263641687,0.036924624338917536,-0.7592929411699249
-0.716566723450607,-0.1056803262373663,-1.149185585169542,-0.6980930490423302,-0.9611791280642547
-1.573879861946695,-0.4259068074648999,-1.642208411479824,-1.9566645445333255,-0.7763619971377156
0.5957026551786919,0.14629927193984005,-0.4339340797885195,-1.3233148871161575,-0.3851428356276639
1.3701297913573394,1.8901905680908537,1.041691411068951,0.9834629234470713,1.2925709375916399
2.104654638333595,2.1076676203992757,2.539292140881465,2.343731243831627,1.3983544016356684
0.35852422259486066,-0.6038463504929213,0.16304557569371497,-1.5615477848987842,-0.37612742609034444
0.7234004344095984,0.7632610716476433,0.29819087424839,0.8473309759267047,1.0526745358471472
0.5399634121102445,-1.2300058952134412,0.7905893908411378,-0.1033780075519914,0.4970025987173719
0.5528022183586632,-0.04122957069731149,-0.16604345310167493,0.2694026971941914,0.17434682965049875
-2.567732045744662,-2.555207050303371,-2.453959481456222,-2.174330282071871,-1.7641869025831356
0.5103718630161123,1.4786158017295425,-0.06484684701988522,0.535044311549368,0.3389069704274521
0.0784594539160646,-0.19586575451685415,0.3399593603836318,0.6369726003707399,-0.10869812995362675
0.7397128879653696,0.5582760746828417,-0.408672616264214,0.6298468974863364,-0.2059554050071833
-0.6654747080656017,0.09626849550163964,-0.1683518443656871,-0.6485922135122352,-0.4796167956253182
-0.6024961579936596,-1.1959710643242494,-1.232363780658778,-1.1147792914863868,-0.5406663404344516
-2.129943995147081,-1.9041182613651173,-2.3184031551835114,-0.9970002652489578,-1.9787790796083342
-0.4554030933613421,0.22246459502490673,0.8328620993231449,0.1659733957691314,-0.8927399021062068
0.6604106562641067,0.9494808791790916,1.2769461187573732,0.5836108653474453,-0.14779986041473364
-1.2107670389707053,-0.6937889627620372,0.29172861761162655,-1.907745170040531,-1.6301163657861453
-1.3865008870362736,-0.970620254468827,-0.6206003252589692,0.19529478022036853,-0.5029027745769613
1.8636728244755858,2.7355949286037333,2.1793357604061834,2.1581423001699913,2.104276280133259
0.976468027817142,0.5759823828543095,1.002466269761486,0.9520265518538352,1.640930124103039
-2.1178935052175647,-2.477218717666139,-1.5484925446128868,-0.8886646698295607,-0.9334226365417201
-0.3051081331612645,0.010756308489197536,0.6007421239610222,0.2168069864525722,0.4237226341898234
-2.2506381513699334,-2.050392465892711,-2.195912911834882,-2.1513834632342665,-1.4704429110191277
-0.544994086720942,-0.5542159636429098,-0.005193975221842587,-0.6213050267745466,-0.8841462379189586
-0.19840594294303715,-0.3678099983395871,-0.8762655247576498,-0.28629603555286426,-1.0940652102357935
-2.6016959510025313,-3.04898676508731,-3.0323272255370055,-2.2697032979687983,-3.0675386065424606
0.771680179230597,0.9183581486481924,0.004598259983559678,-0.07899446477000271,0.6621232852303304
-0.4773247364260114,-1.178536789354924,-0.7775315411480179,-1.9125342376964252,-0.9437398982689228
1.3012499318767785,1.155011250776497,0.8226808878568634,0.2673391074201518,1.4475597384694754
-1.1404596644070855,-0.3508955730736092,-0.9444909273398244,-0.02497269063802199,-0.37007986290555184
1.4021505221672266,0.7433151849764091,0.8127965617220115,0.5203105421132828,0.7973097540257155
-0.11139740451045702,0.3009067783860246,0.04195733641495091,0.11827549390658135,0.6488641095095427
1.6831941263955976,2.0887880713965266,2.4468981665032397,2.7805723636789983,1.9047007760032653
0.8497881817069334,-0.4526583312077791,-0.415173539511759,-0.11768795892152421,0.9577051505093304
-0.5873662156982612,-0.19108496969432606,-1.4005856645599677,-0.5995103269680838,-0.21792039443024497
0.17623051464746214,0.4584550869384862,-0.7802727568606488,-1.3103402236789008,-0.5203489715021202
-1.010348482677827,-0.5986508017629258,-0.5849573427529499,-1.3168018561961858,-1.4603770660913957
-0.5142794162799075,0.6017742723783454,-0.6755381084065871,-0.6906194079421276,-0.4362517271581106
0.13234562577128403,-0.34122549287600384,-0.5914079025957958,-0.3542261535320148,0.5370723227379668
0.1116169794168242,0.6865766375149389,-0.3483084831822865,-0.07315741855560583,-0.11917983263598553
-0.2011819846734395,0.6924904446747716,0.5540535676666356,0.5277200463076752,-0.4965942088519068
1.299844844881247,0.24900974580501728,0.2863835707678859,0.2952924727224625,-0.39189304644069883
-0.026653398013395883,-1.296687989608675,-1.7102081231013417,-1.848868291401097,-2.0598801077124205
-0.3023619525186619,-0.2790568049384754,0.07920540946820268,-0.7363914602459667,0.596178241443435
0.3433072992422635,-0.4445708282931583,0.5656041993710623,0.3788720877035369,1.13473443495241
-0.18892719132155184,-0.6113446425124026,-0.14224646327594334,-0.6297777332833631,-1.399518486560702
0.5738495698891344,0.803747936785868,1.2185202122294982,0.2527864736890868,0.36081913115852715
-0.01096472672623126,0.46779707290495565,0.5663010907185829,1.2680170517773575,0.3416301312812424
1.302175245822292,0.7074841066823664,0.8320538643358658,0.6238372832050121,1.2428305733060943
0.23517794461220812,-0.824059154609992,-0.6374391318050511,-0.49794923952217934,-0.8790854616441155
1.0704829603560055,1.049905028759392,1.5664482749053266,2.0233997857582127,1.5156664823225805
-0.582768613013329,-1.136624257316559,-0.6353695333366418,0.03169893450208628,-0.5978526859686224
-0.08631634905622963,0.9172602955588023,-0.4811372414101528,0.1525013892215991,0.34442741389991566
-2.147512593148716,-2.174281837094641,-2.0408138716115856,-1.800227813312602,-1.3394500686152504
-0.9888330797818218,-0.15405333000161328,-1.1689877958495127,-1.022447945575677,-0.8702958791032803
-0.2960959087154888,-0.14287353701208194,-0.4761228708101303,-0.3942079118231629,-1.1511852306446229
-0.18830850935515023,-0.9845687687940817,-0.9945942591208184,-0.8309201573432142,-0.6662013429966197
-1.748808798672238,-0.7508207645367638,-1.2654825405818018,0.10686419999444474,-0.283440184313361
-0.0796640235144784,-0.3883141450177204,0.31756882119729696,0.34755710332478135,-0.15959378526620857
1.4957187531153555,1.2622311994896567,2.6803429171904884,0.9301410186408355,1.8584711846387196
0.4034545674890147,0.07610646519656206,-0.5463791498231211,0.6514128919737779,-0.5740802977612358
0.13893752922718625,-0.10181678678687409,0.13791475375507523,0.18158787650037064,-0.520014600820078
-0.49614430699588546,0.33522097714388094,-0.9967144374305692,-1.3629653741425314,0.24274723839946225
0.24082033416326545,-0.008662633266113117,-0.5534325057060954,-0.09706490736402826,-0.4883747905300995
-0.6787072073836592,-0.25503159717241586,-0.2007606738386081,-0.11443567746463652,-0.9994902054067
-0.24623308948489137,-1.498142227451764,0.03607605252893814,-1.1929097298443987,0.0684793332492213
-0.8160009010908136,-0.8400297070259792,-1.2173241054723025,-0.7952633025305423,-1.3519817125927929
-3.2354871348664633,-2.1400397766434005,-2.4073698704034787,-2.9138337959883907,-2.8255115352107736
1.255083861609425,0.2710828325089872,0.6432781722645918,-0.13138830500338994,0.28737683162049704
-0.37814429452345405,-0.3311975008030433,-0.12207699483796519,0.18218052411723773,0.22376515028849087
0.05242709444283632,-0.06811764693640188,-0.7578566253897442,-0.5001871221035242,0.4742661730383405
0.1781445561121952,0.12562872202776723,0.44766334469907876,1.0971388225504128,0.6103552712940884
-0.23554088036702733,0.8282568682432223,-0.758088100550373,-0.8370659182955508,0.33459889133191
0.6569972491732451,0.4020372411026163,0.5435887649257364,-0.3695739622978552,1.1728055866674867
-1.8117305102872192,-0.5897260909070282,-0.7388334052111709,0.6434794568554774,-1.1193676661582954
-1.1508545496654596,-0.6998946738233075,-0.9711653124396896,-1.1864134683679468,-0.6153577271613562
-1.223630522502623,-1.5829893771479404,-1.6161910227040084,-0.7983433028605932,-1.7026327644676147
1.36881543278308,0.6276853390133307,1.044438391928027,1.1228238117609082,1.0741980687890846
-0.1308821700545807,-0.7761387084135695,0.03360385717589701,-0.12063863300536236,-0.011940293380364888
-0.7469264386140122,-0.32241021393400904,-0.12831703779150366,-0.6642051226983287,-0.2443367054835365
0.683851485664242,-0.03187317865071652,0.005248084244995915,0.9961019122146886,0.11977468607970564
0.675326482852276,0.2700951701249859,-0.6945437747000998,-0.3336185748913255,0.6806688429948115
-1.0409033287989382,-1.8458579998291011,-1.7548285166849211,-1.0273661962997442,-1.165513985420107
0.7782152637863224,1.205089900943898,0.1518257793266358,0.4055285790740091,0.39611835945440665
-0.04915369688212739,1.2523693487331435,0.8642461429074169,-0.2372671024383154,0.09169645229047474
0.8633378561629058,0.952200797645234,0.6607999009983055,1.1342729497771624,0.4260851003064364
0.5562360915273774,-0.13939592609382986,-0.5645334089055585,-0.15467015130170636,-0.5878118498548727
-1.0214854717051305,0.44561838427564043,-0.15416000743834915,0.05940245099488324,0.04442437019234287
-1.4340151640151166,-1.647583280520336,-1.9218491664688497,-0.4694455419183969,-1.5829935718591528
0.30948646084105425,-0.45814303778023846,-1.1330825811864484,-1.5259143393371837,-0.21784217301472275
0.8958941306445586,1.2896402898331203,1.100223500118421,2.1076051196856707,0.4893870614135961
-0.5388639490754704,-0.3097103811296539,-1.1604209087177304,-0.4351246053567063,-0.18189314910532603
-0.44885542784067056,-0.3676019052525717,-0.28313309335756454,-0.10343047080194306,-0.4841667757206704
1.3551883925679726,0.7118432694609751,0.9695808554996024,0.26732671699645066,-0.2865984479950036
-0.9541640892506144,-2.4556016821035067,-2.1148499979594066,-2.3705739956059273,-1.3867053234138789
0.35466836385308137,0.13832190580655673,0.26291959328286546,-0.533497689247409,0.6714474279503864
0.6509370630672385,1.0939388148463127,0.35638729114890266,0.6448201121133793,0.9869943145992774
-0.526774950721969,-0.8191713068514147,-0.38091633865875707,-0.39682119259210874,-1.1589879707597
0.9641994010288519,1.8832878052674697,1.4891768571250668,0.947932917299582,1.250844155580234
-0.7114758935536712,-0.497697631717263,0.29556653099427105,-0.4115189394881461,1.1280916512076953
0.16716890999011438,0.07400959977305406,0.2467587047602637,0.7636754935806771,0.337394140322897
-0.7411277028935627,-0.9392292847372521,-0.37747685287776217,0.22135180862415166,-0.7057940434150043
0.5619021779093318,0.44235814060111256,-0.2525346136867336,0.7484312357008353,0.16012260570721634
-1.1433845271755883,-0.3961499556956189,-1.058344866344547,-1.354270977980603,-2.285665545480206
1.4841823722646823,0.47010154154340267,1.6094388163809124,1.273190273099828,0.9530762868809274
-0.01449564246170478,1.0108485751128735,0.6833869735435364,1.3579273562531264,-0.2175739483470534
1.4091602318950263,0.852103550734104,0.6935177682299453,1.0169027030809428,0.06842541568986472
-0.01785892723963373,1.1014923075961376,1.06546434324375,0.03217676867538466,-0.4419677189290809
-0.26462875740158254,-1.7373514017436544,-0.07371880179111358,0.8087085657367669,0.3136911477702755
1.1127836136098095,-0.07486115157631648,0.8737967688492619,-0.0701249380257119,1.0712496189931813
-0.43884275768070186,-0.6233223691074744,-0.788190277665193,-0.779063121866298,0.42619046813368255
0.7978672469318528,1.456771003954534,1.1271661228511702,1.4030264978366285,-0.8329897668954772
1.1516956449252278,1.0768158235191716,-0.7604140982056662,-0.4300940221860636,0.35038362805366546
0.874897191672644,0.5017405874952983,0.6768376034350849,0.7170840678542293,-0.42649315987328423
1.0442427549765165,0.20587761528508247,0.45333759729454076,0.5314830549817827,0.3484849379877351
-0.007731969025087264,-0.042973414317672716,-0.3821419067422926,-0.5049229077416377,-0.19689907452547933
0.3214670792108182,0.16807139272441846,0.5045324113455021,0.5655374399355156,0.0924267398303208
0.8770614552822187,1.028043777742718,0.9237637546650924,0.7546107979542481,0.29094271266709165
-0.7556744123422556,1.103881764607001,-1.65687055427948,-0.6127084169271136,-0.42964319039961985
-0.32963924479967105,0.14874934501174006,0.09219011202350223,0.9575419010267401,-1.3776460735522746
1.9957331396753346,0.6517564617267054,1.5698004282031384,1.0664973366376473,1.4152745315378066
0.041529461982512714,0.9921244554554071,0.585027869255901,0.34405497182495615,-0.20221047344610069
1.570088435740756,0.6126370420702117,0.722665501904252,2.4391986186752814,1.5376321472179675
0.08458533407532895,-0.46569147496394336,0.33368695034265533,-0.20356496278338965,0.7782190164473123
-1.408764649247087,-0.2135741770287683,0.015095946662285021,-0.9335531382569403,-0.43439266664055565
1.0285326887446822,1.0397712317975707,0.8233137529271094,0.11783839822331998,1.693459598046011
-0.037003987218564044,0.6631916334023763,0.9896964384680622,0.3338086117882306,-0.0028486881448172505
0.5341345385586621,0.4439838613798418,1.640673722265113,0.2761195549969752,0.19707271738981075
0.8167735177937421,1.6391862131160047,0.3109797690592312,0.3067080520649646,1.164776606710027
-0.2722264738120151,-1.1613732793165283,-0.3289788702086637,-1.3036350939734154,-0.34335742471648
-0.34199681760516376,-1.1663153699709652,-0.7922201542235578,0.11735539868422844,0.11376939818538682
-1.9020169905225812,-0.21252751354672889,-0.8420611008408162,-0.04920863281760602,-0.0031096995558643854
0.12689633097103392,0.7535595305979025,0.9555936258226764,0.14026836661647846,-0.24806308031525653
0.39643223383872006,1.38659817687424,0.2180964322877933,0.11872168841161562,-0.2741154702651735
-0.21747835269111504,0.16600257704577331,1.130580121507032,0.48558836028755903,1.1227129747449658
-0.8377697579910222,-0.5923181792235801,-2.2500671600806954,-2.542005140474293,-1.3004665459003728
1.8401190208685616,1.1709712264696082,1.9977398588073079,1.1244347091292999,1.9637381356211037
2.254123069380532,1.1824164877035857,1.1559174505590872,1.186895878606154,1.4808160499269836
-0.0061082721655346854,-0.3090586842737096,0.5777475522819345,-0.01766732406288032,1.1317403272215236
0.9121262650423728,-0.5640995884817482,0.8472689443649029,-0.25862471195533926,-0.5268106903585589
-0.19784350618845362,0.06830157130692845,-0.7616543389453517,0.1965243530028221,-1.234302968117624
-1.0927299139678643,-0.8318561547937966,-1.4682169474904097,-0.4034262724283164,-1.5126187181068251
0.28175065806460303,0.5894459349946584,0.8183281601251262,0.811366261044053,0.6138126333119882
0.1603007670819718,-0.4687523273397391,-1.1559018827429017,0.22857539450752284,-1.125181521461727
-1.893979130110724,-1.8536760937133263,-1.9101324920498073,-2.335501856910914,-1.179582360015476
0.6206168995334939,0.41796802589352194,-0.04053583657550937,-0.5644916645985847,-0.2516280594601486
0.29648006745449873,0.6656526671620085,1.0171620156410077,0.7647470050893225,-0.2791017486963626
-0.7158016972828694,-1.447802639760561,-1.7641764478575628,-1.005368291196095,-1.4602607005864434
-0.8294064565358612,-0.8232674599717938,-1.3705717566971154,-0.13981251947763582,-0.2545354178498395
2.3737762732767487,0.8244421620059793,1.6022093486896427,2.377790528936941,1.0842491445916242
1.5309678078622344,-0.11691463111792075,0.6546746097363293,0.2017413972520453,0.48697979829754406
-1.6140601176005729,0.0019412462391455061,-1.4659619456919395,-2.0638019317544907,-1.0871665731438076
-2.322248010389073,-1.517248500056835,-1.9595505477249044,-1.5556562086969326,-2.192758853246417
0.2776692008651271,0.7571464826433152,0.8068141025882593,1.176936104324726,0.9389749353844727
0.30084593158868234,1.057470058304309,-0.29177632598698,0.7513453954351456,-0.5393293186565787
1.4263870309359312,0.5496307213006616,0.30010779908204427,2.058721688277482,-0.7615850746370063
-0.5446872987818886,-1.980490367286488,-0.3153471360484753,-0.5028122142761983,0.4503524545985834
0.24070471050648246,-0.6555751552637069,0.5950626565066881,0.18518118635273256,-0.2915870004756019
-0.1607810118628981,-1.151181610484504,-0.48778641817288293,0.32029584999317157,0.5731150786087571
0.22458737143556112,1.788175958298319,1.8981907981186241,1.558643759607385,2.7365609934500386
-0.7691336241424184,-0.6699635944093376,-1.0706365242942801,0.10408661261322656,-0.3146198765019178
-1.5952714350011366,-2.026299009319788,-2.7191629440147986,-1.6370018509329483,-0.8116831599479708
-0.0325370064474665,-0.4531555097983337,-0.21632107177420837,-0.2988578115253053,-1.1712398310420082
-0.8933514722068777,-1.1348947142099859,-0.9699033543115144,-0.7581010928808396,-0.8093600289514025
-1.032988731494089,-0.7001814562389894,-2.564709691976189,-1.6537305385680552,-1.1192559859538316
0.4149193715059235,0.4176154435555074,1.0837089965493678,1.7430386406684257,0.8319523410013208
1.1870203094021654,0.7133211492421258,1.2752274362807965,0.8033323327903953,0.23831146585787544
-0.0904231573929297,0.05645469070216741,-0.6882227720889491,-0.09518676876864916,-0.3451994932285327
0.5300661539015518,-0.4853251854179454,-0.29318331929254754,-0.5273877468368078,0.24263825564106226
0.644992432093414,1.9233000487137453,0.5040287327939218,1.1793445109031575,1.1831654610859617
-1.545812763148005,-1.3201271560182009,-0.9013099892334793,-0.8734934632098988,-1.531658672790793
-0.42645528395179183,0.8015972483427123,-0.07586433663842701,0.8932698318969597,0.6794196372281841
-1.0439198278806456,-1.486016462105017,-0.8882397402371375,-1.6611048418160448,-0.616594188044174
-1.0720997128908776,-0.6494846394071788,-0.2605149623224541,-0.6330104916030849,-0.4178453409608638
1.5570982331054972,1.2257543719558062,1.941942817226107,2.3423862298349616,2.0047111432671967
-0.7067910205134842,0.17186166931625502,-0.25023881568068573,-0.700512498619811,0.07514736305429326
-0.5228501895292719,0.8354664503356872,0.9054872111111895,0.30975972301360605,0.8289612937274892
0.30734147320135374,0.937950657405302,0.5609989291365725,0.2387062296602436,-0.17004061373192597
-0.7029704220337686,-1.6755593957234154,-1.6649053540122314,-1.3524083027658413,-0.9265267449411079
-1.7782462162425026,-1.2165811892872724,-1.8151253960333145,-2.213267454150256,-0.648944304568976
-0.7507280289451024,0.2629623894234691,-0.939119880757113,-0.921554333618524,-1.047720194416688
0.8672960645963644,0.7558549941916985,0.39240618821661877,1.2346252074345085,1.1945680949924409
2.050723117020545,0.8228973197752611,1.0052981190302057,1.221110198524749,1.7359106870280927
-0.10048375961332837,2.104942963492673,0.6538188002947342,0.15084129228485582,0.5764834947809357
-2.227899605601143,-2.1836211450240444,-2.4347129239880005,-2.181367648139341,-2.2803822546416344
0.8524386833163324,0.9376989496861107,0.2559379972842215,1.2749852430231166,0.3875075742970861
0.8839676603027014,0.20820985879280918,0.10333891105631604,-0.5620908038850058,0.4898855953054601
-0.9791629339502055,-0.17328114219279203,0.08809525711905371,0.05928105258940927,-0.2663075118820127
0.32178492751626875,1.0372148125829084,-0.2843434827108627,0.2580336947133391,1.5198118745983455
-1.5458384150747906,-1.0813722418509564,-0.6293031719133525,-1.4601716053145657,-0.6741352952971205
-0.39901762586607337,-0.08490179853154231,1.000248889916424,-0.02162517834738623,0.5623693192653256
0.1780736118747006,0.8155070954138672,-0.0111219944208495,0.9464033475115328,0.06631147587173591
0.4451649787621319,0.41656352322874374,-0.2025940029008259,0.20730820667242994,0.7979992992674275
0.7494149825186724,1.1384450514466817,1.5573727737279208,0.8921695379427876,0.13867628731612827
-1.2328345262899854,-1.2096743275048853,-0.6795489851617054,-1.4758471967882223,-0.9719259956052004
-1.0110940909787334,0.01289955755050806,0.2813900743438783,-0.8516850778680274,-0.6945956189794471
-1.8247920046676565,-1.5178208958544397,-1.855977922026813,-1.3389334454913886,-2.042395958013865
-0.5682397811511962,0.46923673168632957,0.4067832375389608,0.37782625081599075,-0.06604240945065593
0.1230788206117833,1.725843027785817,0.6014782921688258,0.9675432123908013,1.4930967512152697
-1.4083778498096158,-0.6357334226468758,-0.9752454013971419,-1.0005657593175221,-0.8914853554891519
-1.1851212246568943,-2.0928505817461,-1.5791243284905419,-0.656857958610751,-1.0566086104078714
-0.1027121453051004,0.04400925942343865,0.5078072424080825,0.27843794949772677,-0.12355326416477129
0.4998996638466606,0.337361361682143,0.3300947532004375,-0.2381263626677822,1.6153556279092418
0.21640251985640624,-1.0022894548681134,-0.8169912286210917,-0.37257657928273175,-0.3426571918357329
-1.0613171721066432,1.040427215591178,-0.12938166551814068,0.47780613353523776,0.09354414366650823
-0.9642822669708941,0.09519873966509645,-1.1183687132900455,-1.259340840429016,-1.449386782074962
-0.9809981249193291,0.7666613813615158,0.0994111640344117,-0.4871174291232899,0.5026755388365507
0.791205448402808,0.8980110945525995,0.28888475209213577,1.2506647004741744,1.0800705573311276
0.998691789829295,1.7529929474275667,1.2564092641381248,1.7722607040477123,0.9725849609573306
0.03530877972449879,0.9465783017573909,0.7565663396301989,0.741976647170567,1.7749822241825894
1.2641648295636525,0.008000019241087862,0.14938256776590894,0.5585777414924563,-0.24512342753465358
0.30297730025364794,0.8583562690551164,0.4359827513833658,0.25147672277426636,0.8889296376701248
-0.1342405257156211,-1.3147386760569972,-1.202906441906001,-0.44466461053985,-0.5324801558303084
1.6794483618815395,1.1878829338339778,0.8651766098685707,1.876403914936961,1.2486038599143534
1.2681227257304912,0.3608318590056568,-0.7514243463287299,0.18204561330407448,0.7600881080997416
0.16557198560652955,0.20309599193575725,-0.9524009540415789,0.028773199517825924,-0.7049232681142248
0.443651053683484,0.06992694709627989,-1.2955162273735696,-1.5484417163353823,-1.3569875345202973
-0.2743570076737178,-1.4972712058753248,-0.8667604817329174,-0.3072291960319901,-1.5709780975670142
0.6436737951901667,1.1808669693260425,0.7595279990661299,-0.33766126476736696,0.3972158514289307
1.7537991227076688,1.1588928351719727,1.282514245848192,2.523216049840741,1.7124234719755025
0.4927184540534264,-0.3243366678070296,0.3304148037028221,0.23969749107199734,0.0004939856025206476
-1.61271166166008,0.11768118007022559,0.011925161366962833,-1.876223003186123,-0.8839081605406488
-0.29591314883641134,-1.6790349547122283,-1.9249737336333308,-0.7392343393983811,-0.5787575595997649
1.5677190246270751,0.8283191242947918,0.4313621629819256,1.4591498783083547,0.03051799813961233
-1.5398651245863908,-2.5524058706894595,-1.6289387585115078,-1.032605705169405,-2.011659990250316
-0.8390820534854924,-1.6780247421006733,-0.15350055299834037,-1.3329055217473753,-0.7962089511934264
-1.0535029045997657,-0.935561568400085,0.13500471166542252,-0.6017767932056913,-1.2148391867803683
-0.023681807744218714,0.48409660038643565,-1.3416682976372007,-0.687614012115556,-0.42947066055280664
-0.9700775915720792,-0.8230420292697682,-2.114371382770794,-1.1207273453811324,-1.36263504633529
1.011009900045575,1.247388392436412,0.5918318626703922,1.8456862065818114,1.087492815198909
-0.8675716438542814,0.2708342674196005,-1.1931562442991934,-0.5249055068145552,-0.6165914459539421
1.4549302164446825,-0.8077718933319612,-0.2671121011878924,0.03543563055180186,-0.10873401938568397
-0.34073604081344827,-0.06848621553735865,0.18815339529529848,-0.7580458858016859,0.1617189553475338
-1.9000514268347843,-1.47084762944233,-1.267809203200327,-1.6415099967182012,-1.0685286239245901
2.1677547833898676,1.4917415609814624,1.414527711200829,1.4101120429728184,0.9701586720370275
0.1687198362437821,0.958002544160963,1.1607656255688612,1.201787161420272,1.2843862548052343
0.48876862162829554,-0.49825959424616734,0.6458263729891083,1.1014618977158914,-0.24663861564237596
0.6894116773430962,0.3024717065273608,0.30041061679780034,1.7204368881130658,0.8775782336768359
1.289419509313309,1.4330814918450243,2.2266013779255758,2.48354236436642,1.0469202781684763
-0.08984455037712864,0.23536561935632283,-0.3511963216085419,-0.0033154473859594476,-0.9258380720401007
1.3747795531157463,1.0520468028300438,0.4773457151878729,1.6027739708887612,0.0706729512804797
-0.5876501639001878,-0.9295824208792965,-1.0119654938546563,-1.2556939337438433,-0.779083760323357
-1.821209578177824,-0.10985379299334239,-0.1365523262475963,-0.6137566123364969,0.5206558113329401
1.926079768990179,1.7189997241975534,1.84561618452204,1.0387498147793492,1.2620921098860853
-0.021978356356182092,0.5766972326617156,-0.12274134843584984,0.6002908591325046,-0.24192548383820844
-1.4472856523742088,-0.8495491720199017,-0.334268740861539,-0.9914400759571362,-1.1420212885124665
0.43361435456875885,2.311019462013533,0.7786380540121721,0.400607870067134,0.5907654857982841
0.8880656080119351,0.45587763282762406,0.34563120828588667,-0.05579897897414597,0.677113282889199
0.914718982683118,0.44001740456167754,0.6248282969028189,-0.3620462655403056,0.6582495745597063
-1.307185594364099,-0.6050103248442449,-1.0269234392293272,-1.08155098994601,-2.220312291654509
-1.4529873813692427,-1.3533564016301454,-0.9068887292579835,-1.8742530712574148,-1.263692083144565
1.1678361727777895,0.36899077739031705,1.4421947432874698,1.2420489818505887,0.9454572255016063
1.1237154209235074,0.4090808756184531,0.9178011121605589,-0.45224363702736137,0.939248807136027
0.37206050818256947,0.48328947381071685,-0.465350602657239,-0.05399719745956053,-0.37464540759537346
-0.4580694458639146,-0.2553240341859089,0.5161314646829362,0.745360697059054,0.2785673523474197
-0.7770099938038939,-1.277438033323931,-1.3286201712222907,-0.8098407039874985,-1.257995755172081
0.17008111123342282,-0.3012369511671207,-0.10549685118033646,0.2687568751608376,0.2301471918246883
-0.45444082333285324,-1.0443936693912015,0.5399850459679174,-0.7956013698199491,-0.9530673954510389
0.7879273022780291,1.4243656769071658,0.8687415657689345,0.529473462572019,0.25747075638465405
0.9425449804884757,0.12355416191608219,0.33887335653624,0.536263662428333,0.34718093523571625
0.8837724938335821,0.331931724414695,0.6787218327555944,0.41565279925464144,0.02750586946356828
-0.6280242475551784,-1.2860996218836824,-0.8489315209446856,-0.8739328408783286,0.17285137883028484
1.7042489579173128,1.5413863893095445,1.4125095167148463,2.1838059107775387,2.192787546229654
1.9827644718967,-0.18905386099440685,0.4011341855054335,1.0237442572609798,1.7955091648331274
-0.4679623548243468,-1.3493756560928134,-1.1291883260160729,-0.17576971374741246,-0.44233668427617123
-1.1986657640120577,-1.343485501845147,-1.1852015877551456,-1.511716611406596,-0.7539168802555102
-0.8661228718915586,0.016228713303437385,0.6944142923162088,-0.3937149452739694,0.5031463747432872
1.3702019285744942,0.3903822843130305,0.6301715693464953,-0.3609390042942983,-0.1920300215072301
-0.30265490327514843,0.48457660173356276,0.12761597189907822,-1.0302647309480482,-0.8261316706559183
1.6767425671443592,2.4471429098414643,1.7037644254203141,2.7646633713885453,1.4391904216800235
-0.8387937266331368,1.0066337492963322,-0.4514364404533916,-0.7641597412555862,-0.8160584457722755
-0.44912058382195114,0.10474862253381792,-0.751931598849389,-0.803322220355718,0.7602427948110599
0.044056982220888545,0.3846806477263177,1.052398616630942,0.021258414196493144,-0.6701669065031042
-1.4950465703613536,-0.8147977416211458,-0.49619776028586654,-0.3434285950312344,-0.5728101439282397
-1.8092780362199734,-1.4042120884890223,-0.34988133886842343,-0.7870025370030554,-0.19610745376543381
0.12051615153620812,-0.5704936647179294,0.5149347572788103,-0.1639070592083736,0.1107205964241781
-0.9722962389202132,-0.4687575102825564,-0.6487801619013336,0.04240959420593767,0.5035950933953606
0.42026513095969514,0.9698213245217052,0.055527745334800795,0.4011678732377879,1.3644968560072703
-0.48828970129906396,-0.4835761358786954,-0.6254236591942229,-1.232600409862636,-0.06954951801253331
-0.7241038024892216,-1.2182571185599058,-1.4684445435953737,-1.6066620292546043,-0.30278757042732124
-0.4862221538084994,0.21765645904333294,-0.31656153229695827,0.015445619979907796,0.015896912722654512
0.3465117717640219,-0.7153173744421869,0.11662597384721136,-0.5139433817133372,-0.18141848157176238
0.43338439299784326,-0.9520089290196734,-0.13508723103727874,0.6120665697507075,-0.782389914823612
-1.381251994280121,0.18167951753869865,-1.0069990866510365,-0.2670698647368892,-0.3706827552704861
-0.061048707040471925,0.7195695871670917,0.6159373083602854,0.2978988019803062,0.52994917895285
-0.5137790976492838,-1.1094847985936105,-1.7076046702485996,-1.1857422734963545,-1.5737933363136534
0.23595881913549213,0.33075123088967806,1.5883222776907187,-0.28597552545752863,0.6970774347669708
0.553863227453915,0.10382392040452205,0.722377510652249,0.12709417579157853,0.6068179641913892
0.9817273359939246,0.5010326146293425,0.11419031808916608,1.1518668982485487,0.621160034313199
1.536702816258389,1.2250133132268584,1.1932736711594476,1.0386399556085208,1.5549804969825394
-1.501356907320325,-0.4250530954584501,-0.5633276267334579,-0.2912652823177624,-0.5663652757327775
-0.525041317767624,0.4516851843126185,-0.8687963094373748,-0.3076084905442462,-0.2096696431052449
0.7505355870529635,-0.5291483770492015,0.2554980184778444,0.2440695023119848,-0.16824312047769194
-0.09079267809391224,-1.1399194694281294,-0.6785892410147846,-1.1382644896163034,-0.7966746141248096
-1.0356267968700923,-0.3715339358152665,-1.0487353068763086,-1.294851001501695,-1.0066138929847195
0.5462489902640331,1.267605905422472,1.3179078483229247,0.48400700001769376,0.479858847698371
-1.0549094188233035,-0.9482986845329735,-0.6979854776819062,-0.6553026959030801,-0.5776345628519868
1.9324672383298578,2.6546313765395824,0.7656259277237949,0.6047429161815058,1.0324882865981946
-0.23776033614503697,0.5073668896001493,-0.4631299936959403,-0.32119715689444,-0.21087071024666879
0.1187663948385635,0.7126110406672218,1.1864441435149617,1.4594046999620063,0.144973249251463
-0.4093960124882581,-1.400998778132168,-0.7571949500656335,0.4598438937468379,-0.4504740327153381
-0.336212566126036,0.18666968547787985,0.3808768709838599,-0.04033929820708916,-1.162846549854476
0.5022261753884257,-0.5449330926017604,-0.07447788849836828,-0.6100257790790915,-1.1039935192002208
-0.12176354726441571,0.4626972728895611,0.31475072044638575,0.2182973950292557,0.7382663390391008
1.3536892516218209,1.6384518900912337,1.1441786778932383,0.22196976919434716,0.5969690662589316
-0.894000585618046,-0.14158673948764486,0.5175927034376006,-0.3189393181488709,-0.2314987676463843
0.08310619072023058,0.9252814724735237,0.2719241095693521,0.4123706196343726,0.9580648627436906
-0.050646253117627084,0.5913962250021916,-0.17728897056936727,0.009569088888252157,0.8625179329193939
0.7375119338875429,0.6510284254277434,0.8253344194489486,0.49877833320675236,0.8817350416911797
-0.48678360515123803,-1.427440225155358,0.2094560134885386,-1.0477349219884569,-0.22658434076073578
0.4565762597992185,-0.5150460773820491,-0.07507955102029401,-0.4839364315055825,0.0793738769666877
0.9911472798572387,-0.2207553688038355,0.21986833937755654,1.134199826071508,0.48554777515790676
0.36543375663264926,0.9866858121007964,0.357966679787203,-0.23062818830671283,0.4928685341860221
-1.2237335593209933,-0.8295266004404472,-1.0329039793249775,-1.4620769767669102,-1.2958416957005752
-0.2668984685884028,-0.7628344954592433,0.0064072029235830545,-1.2546619088403421,-0.6429097671897382
1.0016659306867288,1.8115021474677149,0.5109583199053612,1.5577446849240744,1.1037762786989886
0.20746235585187212,-0.16060827173224174,0.23232850698343202,-0.4257631804297529,0.49543223405166054
-0.7535409096873685,-0.7662341682620663,-1.1056007215522796,0.0449214512958034,-1.250630601101846
-0.5639644509924016,-0.08071986480935443,-0.8430288285764976,-0.593921311040564,-0.05576591829137687
-1.577146135030193,-1.2037260004542025,-1.5536932944903992,-0.9905989295844713,-0.9370801576990535
0.7199051612841542,0.2508167074277999,1.415237552847285,1.3076645036317271,0.32745910577602827
0.86546462934334,0.11591125607298369,0.13030731903824855,0.25825453523938735,0.7010446218924941
0.9145658482059034,0.27501261393301824,1.0014764821110387,0.6509054592818067,0.09542656903265204
0.4697696384368228,-0.6838127116598325,-0.6463522149007277,-0.0884552020624215,0.11803011883448501
-0.03699369741823626,0.07410301158700612,0.5519701462321597,1.040896523007141,1.272793111924487
0.3330730948957902,0.7387253981979659,0.1609021432498402,-0.9798212591560826,-0.6882319845185245
1.924871465199749,0.18846821174928835,1.045843386563482,1.6168800471621516,-0.07712333419194999
-1.197693592300949,-0.3831459249936647,-0.5673780021699799,0.11701718134239072,-1.3099841844917393
0.3434058990336431,-0.1205289055527373,1.0630340063151449,1.1146600329102683,0.7352715822447513
-0.20874934778837761,-0.5744215705390939,-0.73806168839047,1.0500967535744177,-0.05963595018000925
1.4794434848436522,1.1095568388492438,0.36777046159534815,0.6801244431288772,0.2750921766615228
-2.5261470313698124,-1.7452366903352357,-1.2383006292545118,-1.422604863100766,-1.4007320940283934
-0.3960187901827344,0.44732371621358713,-0.882189508226307,-0.3081958086215828,-0.6567094476252916
0.4392082233822368,1.1255847250850903,1.4174468963971534,1.2869557461795091,0.20711883577326426
0.7976220608836623,-0.13695872579508728,0.04126834876370336,-0.006247255618953675,0.6136610242340976
-0.47175641802588897,-0.536501701728459,-1.086051519618802,0.14844109881880665,-0.7887308976045799
0.24764445616307307,-0.10240359120621717,-0.18877754850211087,0.20680608875985904,0.5419312960131318
0.1470628958939666,-1.4553602390974112,-0.4655778894872825,0.44423967700428874,-0.7129793867264711
-1.1222302611597255,-0.6514232945669945,-1.337253084275897,-0.20083444334576173,-1.2860584575326712
0.49201285302544495,-0.13872826710051597,0.4614398866240784,0.34274950824125244,0.5819987434622514
-0.39362167938706205,-2.1825126595633484,-1.7984440284294192,-0.9320743687142834,-1.5630683346491165
0.7544441737291196,-0.09530101473745642,-0.6842893654716746,0.20776737480698534,-0.1859298052096964
-2.4648873140236924,-1.5953572004361187,-1.7471409805232727,-1.3395168507001696,-2.5070626866473855
-0.0110742503344112,-0.45783800563188687,-1.0731389451880349,-0.7559693923507874,-1.4618941698368573
-2.167478609540425,-2.148790480146281,-2.556465007982394,-2.605650413942013,-1.9017777615618223
-0.5911986579851685,-0.014729014816262907,1.0307625264117337,-0.21748152062030598,0.17846230228718107
0.2186785556953933,-1.031364811860936,-0.35999977838957614,-0.5096266546172296,-0.7107121425702888
-1.2068873767600397,-0.27338314512017436,-0.6438612261080104,-0.8056829811121757,-0.9712451815885832
-1.445532708301497,-0.21227514299999375,-1.0060877274820896,-0.4439207112389419,-2.011457878640296
-0.516952511515343,0.6669667715286437,-0.551665378939719,-0.5858126059848369,0.08589327879133014
-0.7084523803417603,0.9069979472344426,0.24747449144269557,-0.5051542556501527,0.20474002819370032
-0.5855929459581369,-1.020475068043634,-0.6059419259174125,-1.0222824946011675,-0.6199249292387964
-0.3911243149559432,0.43426689244253114,-0.7531435025566043,-0.8798516180570612,-0.5020405198857333
0.8091010310080785,0.6072440402822852,0.10409566593765947,-0.435357812718728,0.9548254311247508
1.312258558840812,1.584028671625627,1.7035613554459257,1.957845603726345,1.2438142825053575
1.8535678938737985,0.2828776542585174,0.29356443350334505,1.5269897738262745,-0.022401143311324503
-1.1593220472509855,-0.3511136714654293,-0.23687210199140202,0.02102140232443041,0.5081296342583196
-0.9035509379432224,-1.3641155188322829,-1.909437042320658,-1.316028926257545,-1.262320208324934
-0.47481122122388963,-1.5370489355263086,-1.4172543778845175,-0.5495072464245726,-1.5656832233455886
1.3113619341200677,0.36385637279163924,1.5098882951412453,0.8409480048618604,1.1895135903956955
-1.5237404750069128,-0.22559231226670295,-1.559647255117841,-0.5691665830079237,-0.35409180366313114
-0.15980243598681249,-0.11051252307832911,-0.3614714035865646,-0.6585029638214634,-0.5365063548586453
0.8087150403205746,-1.1403456636942977,-0.28683015485239355,0.1967695634379896,-0.7987279492934385
-0.40585213192181707,-0.5317864145528275,-0.5392977319727109,-0.207199270738146,-0.6106642243543391
-0.23028364424367584,0.13197686422602434,-0.1478401727702502,0.6784377757701906,0.5185749445832183
1.9542474259319402,-0.4888229066740082,0.5042298103702164,0.6910061238745899,0.538472251889209
0.05100292595657764,-1.1712783847692712,-0.7563837561964932,-2.3284344080201937,-0.702039342915338
-1.4473611438749336,-1.3777356632595552,-2.1231178784439293,-1.036278475006749,-2.0448461945482284
-0.23664063458432164,-0.7519886750491616,-0.4343799892580819,-1.0222047227250537,-0.48631649666588933
-0.6252302920037314,-0.6647941265174152,-0.41145430584922116,-1.2181968964238625,-0.5009960412390043
-0.6980573893561607,-1.9354360240967465,0.11502651393088159,-0.7486195066498078,-0.842978568030843
0.4848151092881295,2.0676005110411473,1.04422046149261,1.1922419443745091,0.7982970142865399
-0.03151293543537484,1.0185256515782237,0.6648185987377462,-0.4770140603874368,-0.7837604519999823
-0.03289041605234757,-1.5101970350658998,-0.23040844364681212,-0.23052651541346447,0.2895651633702786
2.423779795647622,2.8649327713455093,1.5720934651681926,1.9099151247805721,1.4076287476451739
0.23869160898495284,-0.05642459749241466,-1.4770430919082518,0.14485572786831438,0.007466301390737764
0.49662498211486666,-0.1639661049986437,0.034158287585474366,-1.1339012044785752,-0.21183120861238064
-1.4068198837675006,0.2138751614623305,0.5417641071641683,0.0642296120858951,-0.8042616698644142
0.34417431939973725,1.4036171308802643,0.3472455541716401,0.9398696608157558,2.0926208178406114
0.7354408935428918,-0.3019329284287918,-0.2604751187186044,0.3139509088595171,-0.7683496366248775
-0.3052422743301098,-0.6456436887363319,-0.28801019862640215,-0.15547334925387513,-0.940523867934698
0.22270189163362245,0.30191887696169994,1.4278644524939574,0.6744988527129123,1.2196945780374042
-0.3744125511451144,-0.950380945472246,0.1921004017706782,0.22287461820231852,0.547922329467113
0.2450282227259784,1.01910944094463,1.2202268902444309,0.9325087146756204,0.6699090478750376
-0.6711006846468763,-0.24217353644055586,-0.15310076712229467,-1.1228407935363844,-1.1098607108145617
0.30712845450112336,0.6226807008210966,0.5963671907050955,0.551389829525658,-0.6834397805342403
1.2477266595227468,1.5557004109180543,0.3072772396334965,1.1243074654824485,1.0583679486245026
-0.8534693465528066,-0.9968317557550254,-1.0827585976397491,-1.333945100356725,-2.132722582321905
0.2916429788424582,-0.3981163354169707,-0.12756488444924163,0.6102617863099578,0.6905071270001693
0.7791111953219744,2.0344126405374925,1.2855359048374078,0.69853158555274,0.8531305214427135
-0.09042100277921715,-1.346913039736595,-0.7178521254739512,-1.657905815937817,-1.0197878113773597
0.9408701616460546,0.052598850208135386,0.16920351235346318,1.480778196452682,-0.075563995423355
-0.3722301502290648,-0.5836513031657526,-0.672984071534622,-0.00968598525170738,-0.18794741843431195
0.6127502466956476,0.8615434871000781,-0.13652341364203413,-0.6560070493458403,0.7433591889524475
-1.0829690400069591,-1.0777469727156,0.03902786507555533,-0.6038562421937603,-0.37769389324854885
1.4375403855257687,1.638629545943632,1.0980062455119959,1.300748991723303,0.9860156624854834
1.4140317096777064,2.406777998953308,2.054379845007597,0.5874249257329311,1.4301792482137343
0.3945887450942675,1.8886117259944017,1.017097693037965,1.3634703943854398,1.5560659397988532
0.6884016915745926,-0.19475118436463867,0.8298495614299479,0.2855994515579561,1.3832195367121283
-0.7159807965207909,-1.924054183805666,-1.9476948648273644,-1.0006719334305059,-0.7569023335816119
-1.0524351634685258,-0.17329300542356835,-1.05629848314634,-0.5945738674459604,0.14808338770703583
-1.2724253094242428,-0.8331205712063708,-1.1454721238998562,-0.39493696913773396,-1.7735565222892171
-0.42890852828068643,-0.5920512718565515,0.9504986971651916,1.0960677993879109,0.345605804591036
-0.5489889862418768,-0.06772768833535434,-0.037606979508473845,-1.1273562818610772,-0.2072847833857466
0.1628401380486968,0.30514143635328056,1.0749491364616146,0.29500581898346895,1.277118213883399
0.292504659712351,-0.31416767119549815,0.22701349197116133,-0.0700581001188196,-0.3910267897453285
-2.234156069419026,-1.147154427228514,-0.6476097492051794,-1.1343736268813591,-1.4520986914761285
0.6694444021392096,0.3871701655609798,0.6280664078074866,1.3045325905872693,1.2144283203798956
1.1093380216235293,1.3085251230146293,1.6849370628230942,1.290834343941037,0.7244266258228651
1.0132063430761467,-0.20275733740660706,0.45256918491999026,-0.07141629820319163,0.450168847580454
0.3815711045932963,0.816723475614509,0.578410131338415,-0.4333680275104933,-0.3716496294939434
0.7621571779038624,-0.5092596808058723,0.6418715871914944,-0.19918804647099791,0.6871032057119233
1.203753748025229,0.35256092754048496,-0.5805318493519852,-0.46842765684397797,0.09095292559822396
1.502698576498677,0.9249909277193054,1.76702923787112,-0.1919893211711583,0.08473256933870796
1.010013402726221,0.6508725714951267,1.0109012523230199,0.9059165465852341,0.7115078362405503
1.3398169498720722,1.8668205506254243,1.9452105577217067,1.2772486330040929,1.7703475710884702
-0.4451985460812156,0.07794312341650798,0.18443193279116787,0.3548637126371883,-0.5063888793790731
-1.2410534459250282,-0.9170532160269258,0.05833057750156238,-1.9192178056346076,-0.9807635915298906
-1.2354636266516539,-1.3597110166776845,0.29126694968795136,-1.4188532617408176,-0.4782036890356165
-0.8367192502548253,-0.2713127191337073,0.33848316317261895,-1.647205375774097,0.1723108863932786
0.5682380455141535,0.8906722298168129,1.1571582580922093,-0.04021193889873964,-1.159502804011061
0.4649333879495595,-0.08986001038242265,0.18990584556651266,0.8848660919225739,0.5004551877355732
0.09445097085833153,0.4532931125397863,0.4630635746202107,0.8692553399736469,1.5024576152144264
0.17636676008321142,0.28913680003220177,0.17414212136017476,-0.13547536556007186,0.5099658884698147
-1.391743293837138,-2.1037805624937906,0.21192916482293364,-1.5324401759922954,-0.7340794932583188
-0.681651967175453,-2.219380844178524,-1.823348373411981,-1.5875571144375484,-1.0915912986672207
0.9605515883578274,0.00023284501895887356,-0.07955612938342599,-0.01882257387114644,-0.09614132252819045
-0.4768850397762461,-0.8518598275587804,-0.30855964151138066,0.9138899236393534,-0.054958581277781374
0.6550511478452837,-0.21731679494549877,0.5595017692369378,0.0026603589469522734,0.3992927426563284
0.16128242947129598,0.27643905441909283,-0.09366841591688141,0.5059722051473633,-0.13030180199308583
1.3494351426760582,0.4472521038376338,0.6147024582353396,1.0328145655312075,0.31331075214705173
-0.2109407230218571,0.1087554979458863,-1.3208274481504834,-0.35616478364350385,-0.8918256014769884
-0.06668689787191126,1.4112287579578862,0.5641880397007769,0.3876367080014874,0.48629978632508364
1.1910563410853419,-0.2442472906651165,0.6359304689527543,0.15861963366535603,0.020531261755677817
-0.9574720792150448,0.36370487859821454,0.24363410113557488,-1.0122007814480236,-0.812133020433623
0.5759102415743895,1.31656921301732,-0.6862424136465948,-1.0040937004560662,0.8486085266804825
-0.6597013546841618,-1.3543807199334603,-0.07511224005177063,-0.39559779850065946,-1.4644176146606984
-0.18536300220356913,-0.404595585975762,-0.6213681219602204,-1.1306743057282769,-0.06244655911298352
-1.1726960773909338,-0.7767466400022941,-0.38507130382277976,0.15491440820203045,-2.0421624516864196
-0.6858458411909573,0.6158821740500275,-0.8840884070824004,-0.2392218523911656,0.1569506248832858
-1.1096369583952064,-0.18784547961292117,-1.2703118286263932,-0.923242095162914,-1.2444005882928135
2.0283528015762426,1.390133579908137,0.20060856478480113,1.663786891562909,0.8400017145013372
0.3438917900700344,0.5898130396008696,0.2369538869403841,-0.37350169024380614,-0.19770500492883675
1.8636457549576444,2.441608876316236,1.7120444334951137,2.145461345221631,1.7084581387988556
-0.38684265881753727,-1.1990920581500648,-0.9302473948906296,-1.4694446817052742,-0.8297658111281915
0.4702704650799082,0.30939729928335735,0.7144051430561875,0.9272267363056045,0.8523819481479845
1.9359403246543085,2.510904073477653,2.000141312381007,1.5417324694261727,1.7113895685189076
-0.0801899245725502,1.2039430518992473,0.30538680327230183,0.3245331377786909,-0.41064039720720746
-0.6479132231106097,0.020721861183534352,-1.2682751466750601,0.0900672869190575,-0.784059409886597
-0.13398811016630177,0.03609886095069374,0.5482501912557374,0.4242308148468179,-0.14099061840353963
-1.7417312088629535,-2.094271066645361,-1.668406864472304,-0.4218794644094869,-1.6066158738850969
-0.8619450247537742,-0.381579504422413,-0.9408628528381572,-0.9460478242298865,0.1532987616939431
-0.042096501480860936,0.3713511658379969,2.092573561183661,-0.28486038558194626,1.084164568311105
-0.5188963408698124,1.1200790243072365,-0.3064719778877705,-0.02370028603830201,-0.9283737533774368
0.6578911650269459,0.03061733987163623,0.3525509983553765,0.9913813245590416,0.7238596344731653
-0.5656134076269453,0.3547122692403361,0.26903046158323557,0.46148394594793885,0.9694897348473341
1.2895293868247706,1.4343618995404224,0.6179796708716927,0.5350759338676946,0.870929124248562
-0.9235442403981958,-0.8322071060783692,-0.2844164428901641,-1.5149793457202585,-1.6122847840898271
1.2760227905089296,0.20460192004659547,0.5713423091393607,1.1627193441249841,1.3379849504193086
0.5390297884138497,1.4157413400192236,2.2687354920140934,1.428812009667642,1.2041612564134687
-0.6056286021454542,-1.2506388708404979,0.0055055929989617355,-0.6847625037892123,-1.4974079458924927
0.9651230657159071,0.933838144817107,2.7175267450464813,1.0047860892662304,0.7664098987941749
0.1828422956186665,0.006437292631765321,-0.27555241685269194,0.21641880247549317,-0.24010356121607052
-1.7495584967349547,-1.3016346574716335,-1.3513485421595255,-2.1293161168365757,-0.982027174212636
-1.3122911880376495,-0.7465210468319174,-1.6880880869590922,0.2952577902900034,1.0378040082164648
0.33035800918084385,0.28475422286516544,1.2150604443579787,0.25000873839122123,-0.0717730367750847
0.5258811325159599,0.45666801465168416,-0.7578887930591064,0.44367060511744155,0.92344353120464
0.3331030105099631,-0.7979188457144575,-1.2665521789106322,-0.8256674015390457,-0.8065917637235318
-0.04767221663644131,1.4382461024467899,-0.27884123091346846,-1.0403575089975357,0.04469998374533023
-1.3334444902831553,-1.8287123932504616,-1.1403023940023023,-0.17460945795005783,-0.16431657463286248
-1.9742218844592807,-1.1055474859959624,-0.4792284525350798,-1.0558482687115325,-1.4414427973943555
0.7694957561580904,1.827974354565931,0.49188781394451314,0.3449587069834812,0.31074809146202464
-0.6497728892189368,-0.20818713737289044,-0.3473545825270061,-0.9248545945734156,-0.553723234346715
1.2497874617407532,1.3217624754756279,1.4460283473892737,1.5356115513167747,1.5609528883417472
0.7385055942385057,-0.3395869600209911,-0.6710779144199005,-0.9956766310139722,-1.220798973812018
-0.031235177773945643,0.8643651522109076,0.6672372486872111,-0.18367495832972694,0.36369006983019864
0.6229907599349581,-0.2561908854577426,0.28171461095102013,0.23678532144767092,0.6302420246982432
0.6923449987797307,0.8313761351941266,0.684452369546235,0.4156096111552437,0.8342017301090675
1.4237865598346764,1.3867029024343582,1.8860193401358896,2.069714885629021,1.4948863774544092
0.4540802952445012,-0.17757540035029842,0.552571579213748,-1.2739322217605737,0.44114614886525616
-0.4651500822334231,-0.6280779422278328,-0.9698698830169933,-0.652167648748309,-1.444657566018333
0.16124805495716843,-0.9539647175082183,-0.37896771805308505,0.30799023695696826,0.13355830599034513
0.13054303117838814,0.23920123117447803,0.33921117517114957,0.4930613703236195,-0.5094779715824825
0.38177351289362055,0.8058652086958942,0.1594584813524915,1.0211799713396108,1.3050028026384284
0.7858967026602934,-0.270957082719274,0.02614802226661961,0.09074820557991262,-0.9493987814488261
0.03385131717045399,0.15557759871407345,0.4804887304057601,0.41831152956592116,-0.27082217022221555
-0.9746413981943483,-1.6616459081312125,-1.7719084156997396,-1.2519810029470622,-1.3339465530706824
-0.2686227232073874,-0.30026271422153716,0.3856249533165132,1.0493999301880597,0.21325728023739002
-1.467197482352126,-0.026360645172448835,0.6097775609150033,-1.2301233467537998,-0.6966314948293176
-0.8821582359606167,0.04806023423561677,-0.07414630780059375,-0.7562945698559931,0.07515037673325389
0.23007781587556186,1.6358734924435816,1.1822055771991848,0.10753525315771742,0.9415784442269554
0.951635872244486,0.17426643530019859,-0.3123937337677073,-0.8953185134306986,0.2715743267780699
0.8271106883327509,1.3353816701204473,1.5708515390413407,1.0440386134865063,1.0812627226494909
0.38230052387204944,0.6213582753912898,0.5256356811849796,0.7918603686954786,1.080529858921659
-0.19876368797618185,0.6595729556734797,0.8910467758311301,0.30214896831778404,0.06982211282381776
0.9104206472561807,1.6880857126849302,1.6377478150248845,0.395428604010735,0.554897849488289
-0.24139076734711823,-0.4562800414449408,-0.7589249781929278,-1.9176314597875264,-1.0918682814087026
-0.8159590562250949,-0.31354098586335705,-1.5845996068781278,-1.0542865037364004,-0.11946652812613977
1.6567643089940889,-0.44707150550774716,1.5657876458279714,0.4764799289300193,0.6899767498580994
0.613134307064968,0.3020631808434456,0.4138204660043792,0.12840512818427263,-0.004530841214546381
-0.44881766075664015,-0.39738051577171357,0.0759970792300905,0.6758270878926064,-0.49326413657743556
-0.7304297164306733,-0.7222541420496525,-1.1453309896160466,-1.5441929143081743,0.015244573966961487
0.8164665712942463,-0.33925259154914195,0.23403868115344678,0.3376006642822144,0.4712991805474693
0.13768578426494346,-0.1887719461439255,1.1742661458723518,0.7178876332602041,0.7169757641838922
-0.9373406108012975,-0.33632871494770267,-0.1528244992624294,-1.6890933845662475,-2.035079363233885
-0.9393761755539841,0.09448081740633832,-1.5464777530881457,-1.4006124992949773,-0.7707994396949811
0.05801793960114047,0.6420083515015907,1.3193982670056743,0.6752089355322579,-0.20275640587941085
-0.050612709786904075,0.5006557616129831,0.15716576930340045,0.5998728999626141,0.5391498178244442
0.16397965560089395,0.6331961104804854,0.6685350558599581,0.6553644303318333,0.6916184213251331
0.048246521352411594,-0.7277190386840433,-0.3837899223588819,-0.5825576042024654,-0.04424562643095586
-0.41780391638837255,0.3723676069871656,0.022455179986219858,1.474661506274414,0.8484469588104688
0.3767610521315282,-0.07010846918368721,-0.4718413500274292,0.20812126021783245,0.419658670174818
-0.11916494795550026,0.15166913556425085,0.5990293280283632,0.9515234200399252,0.5929747705807938
-0.2456060682364052,-0.8643929071478026,-0.4873036699465704,-0.16300220912517208,0.2062735921068641
-0.9443343395970021,-0.47398226969191987,-0.9721903281423635,-0.5255786798749498,-0.5404193392600685
-0.9087113590593743,-1.2356727780004217,-1.7182590302724539,-0.2768011824702822,-2.035706367424669
-1.361552991490607,-1.6135133458124888,-0.48981976817530715,-1.8907718206518065,-2.130399106778801
0.30763100799255655,-0.02190580367633278,-0.5320424944458966,0.7898232379479061,1.0869012094154358
-0.9097604088899023,-1.7144300122031153,-0.6034294862430571,-0.5028263658011402,-0.5164348718849533
2.059306681048247,2.213243942797028,2.23078284569955,1.8011320636435422,1.4991561142825027
-0.541625525286523,-1.6489412262816543,-2.0983641142645943,-2.0597646532402685,-1.5417125296408365
0.7862344159151617,1.8340824601858083,0.5882403580996737,0.14169715327712254,0.09771667404150211
-0.5561623828100126,-1.0494649277362724,-0.8997001937434222,-1.199624003315521,-0.4164361421419147
2.089773241741464,0.9178957726680133,2.356745928784433,2.1891839295189506,1.775887277328681
0.1848796929450069,0.3148231530445304,-0.15725608348672002,-0.6462818878841915,0.38941721013933384
0.9643118710018498,0.5686530658317699,0.12954576184203426,0.2465753073355264,-5.027161021673091e-05
1.773846249434303,2.7140333090735047,0.6588441793640983,2.4535006463743114,1.8383551578437527
0.5288762498314573,0.7477722638114812,0.6223953987647347,0.8357286283151899,1.5509909824396422
1.92023002910524,1.132640243031998,0.584021377380825,0.3965793206178137,2.0313364797505824
0.5179665507601797,1.217965670792989,0.5800457725866452,0.33943246635467955,1.3307155299226068
-1.2407940461111842,-0.46567055507837746,-0.5603529842913902,-0.825839179933404,-0.6154393934064465
-2.340572307941975,-1.0206118475464032,-1.208222696536584,-0.776382484484616,-1.1094365689431247
1.2979852982523825,0.9476147804522552,1.412814708963913,0.6663554101862121,1.129719756433733
0.08120700922914731,-1.0324589460643592,-1.1936153965625886,-1.4417233354938366,-0.9978731028546587
0.8540149005641375,-0.9792398388319662,-0.31498584047042677,-0.0611738526876966,-0.12231343317427341
-0.7376747408482811,-0.19326442800098054,-0.8952614508510013,-0.8472850447118133,-0.27727447615284556
-0.20976943889027821,0.0065822552096586615,0.21448429797748916,1.1500287420222215,1.609146382687078
-0.011499389669681299,1.3698864881259558,0.6227316772671161,0.6763346116350532,-0.6544913040872252
-0.5868265685911357,-0.6835004023757342,-0.23445510852620138,-0.05449410923405144,-0.02326119602799618
0.38670440816964574,-0.15872225151341365,0.3920343452221516,0.5514428965620671,1.050420178529084
-0.4363093796121169,-0.26516663419884307,1.0984153061302775,1.278185989602755,1.029701292055528
0.9613899133883368,0.8854876166379659,1.4339022000462938,0.4351398637472595,0.28580080602408514
-1.4471634653360166,-0.7743465030778375,-0.6124138541955996,-0.568171835433027,-0.3566852816150012
-0.06033392159105937,0.4000860792809494,1.1299339043068208,0.6196556741045802,-1.244974543027538
-3.1808343944329707,-2.9386695301769823,-2.9751123179334216,-2.7834750887448836,-2.0062856166930585
-0.6452787989148558,0.013916803513874585,-0.13626626042611736,-0.8496289028157454,0.38784625600008055
-0.3075511591478687,-2.479745795748547,-0.4858533527606256,-0.7069017872632445,-0.9734151372965177
0.15330337460565005,-0.12376795856678856,0.35096829489644704,-0.2122239504241247,1.6039247794081624
1.4375331274848426,0.07190078289269036,-0.003650571688448487,1.2551517444228366,1.2368279366896457
-0.5638655101807609,-0.02675885261976241,-0.5242340304229496,-0.06784373945493699,-0.9507769314044263
1.524120358229642,0.7360449906604688,0.29262503207392015,1.5034206323966002,1.3213624327786202
-0.17296102557646983,-1.2517129128556619,-0.578373639068655,-0.10428657401538272,-0.5737120379240164
-1.4970679896219041,-1.6866279450329242,-1.488983770216728,-1.3683282817280191,-0.8002612132622169
-1.060635560170289,-0.21323390308018794,-1.5794748185946978,-0.5993482040150929,-0.7789169765886822
0.06856472073452502,0.5662830226307978,0.1542239507506263,1.0915367012549504,0.25273822561100007
0.06645202371839862,1.0405021263333565,0.49299528860007247,-0.3591849372741073,-0.5212390893754881
0.03048282033950799,0.09291790880323332,0.32480390138196374,-0.4413727591855172,0.3800688088565527
1.1306810664093523,1.1128193759248988,0.7870723328338973,0.406687248831601,0.9464388188610612
0.9846077423596458,0.4111272727324517,0.5810117321183575,0.14468129171539623,-0.07277120212138706
-0.30896967212603055,-1.0405162493151336,0.21539997691026738,-0.8745450241247729,0.7978524865527737
1.2210737366251707,1.2510527320478748,1.2414266816769515,0.6085376341224406,1.2491076698501389
-1.2258238100698677,-0.09555121045924027,-0.5451294662682589,-0.4566367058244918,-0.29361616105322946
-0.451020405687943,0.9934403554005142,0.514024062696751,1.0376395803719811,0.9503373794973989
-1.1636065744519517,0.10435344802635527,-0.2118032776421246,0.14477539569788206,-0.5973472300302639
-0.16346198478503443,-0.35738243002456554,0.579176219212655,0.2658967496868356,-0.5037839051470286
-0.45816810872775626,-1.198061967524643,-0.030793209679089596,-0.6465133726333079,-1.3446719540915602
-1.4836938334307812,-1.1356221609664883,-0.9740520349953746,-1.6056293377885484,-1.4453630773537969
-0.421724751920177,-0.8195022443149848,-1.3998876942108802,-0.788174952175355,-1.947230195656635
0.7635242824746313,0.4314536908327105,0.5757273189122453,0.14561483965385028,1.5443581179353185
1.3309823098088704,1.6610261757496732,0.8518974995493329,0.9177092944010007,1.5948085599390573
0.8714628824768473,-0.39438709019266865,0.13406095298340837,-0.40989061843909697,-0.8592042107187043
-0.48159602288317327,-0.004675469522122952,0.6040259563842556,0.24693878000615072,0.5777698101555251
2.596488683807932,2.355049687294478,1.9445108342131017,2.5352453639542047,2.959052345907464
1.42704080395667,-0.28092818963482596,0.45975044097236184,-0.17211449906877466,0.5879095452984203
0.2009927754058937,0.8627949854030489,0.010938558014135074,-0.37532334275893303,0.2874267698260083
-0.6573021616147403,-0.7740279713567216,-0.3437770770166172,-0.6547338754850655,-0.23530537766587628
-0.22987230613961415,0.40699155678583193,0.3952594216699296,1.06914992685956,0.6366649496613546
0.8288087152139598,0.5488578585788072,0.09989592902535235,1.0822453035909965,0.5265933275969732
-0.6270599679487587,-0.4185750927636356,1.7150785535297426,0.3018170593265509,0.30993408678019185
0.4786153135489478,0.591416251575485,0.06950176548828431,0.17417812357540532,1.138215114505251
-0.6499854935523255,-0.6176278454285004,-1.0398516813594323,-1.5990210471931954,-0.3976048712719366
1.8222518058431207,1.128791613210165,2.0472023279307225,1.6687616898641928,1.8749693874150002
0.3194418355337564,-0.34425105653265164,-0.3725862527290994,1.0435723517530444,0.27173835531957863
1.2084738340597099,0.8953080160655253,1.3147653193950875,1.6773562908933364,0.49580880304635655
0.5514826840187931,-0.2822980207184539,-0.395197846340526,-0.3653150906368049,-0.7843760967032287
1.0125010201097213,0.6541741335814285,1.1240098407399446,0.6798830757199608,1.0454846091978325
-0.18395695464182582,0.07940494136665589,0.3034366662952338,-0.3244873186232632,0.9984475123303612
-1.3522603665701,-1.0094478038656014,-0.6370684038577761,-1.809127251361949,-1.5817547493693265
0.2522838046304631,-0.403330023443622,-0.664079081964303,-1.0870292052158539,-0.28497486502261715
-0.9558781901304817,0.19026358773767046,-1.2670917789364529,-0.497526080119304,-0.502276031961147
-1.7541748188907884,-2.1017768580207874,-1.4003763184870177,-1.8971695651565694,-2.5637099631685185
-0.2746947946361025,-0.34777175696612445,0.701553071297911,-0.11670394333407584,-0.18696065985312443
-1.410235727077659,-1.1533835221039748,-0.49834722541362836,-0.06872538884200692,0.018012042294893133
-0.8241382885605476,-0.2720910732211788,-1.8021211298424702,-1.2902402010240437,-1.8948434780407777
1.924900485621944,0.3103347906532666,0.44881060917451404,0.8522582023115458,-0.12670763655111647
0.46942336811228874,0.944968787202529,0.09046372977632838,0.12804102878224904,0.1655490512834361
0.06605795187404592,0.26504529558634105,0.1673903712906153,0.4414091644303445,-0.34230574980211526
1.0839137203247982,0.4947042337266392,0.11839108213497786,1.0039333856237411,0.8092803878205457
-0.8875593077598075,0.03465683943521656,-0.5646384399889701,0.12632750148238292,-0.6751889137958507
0.44585604652789157,-0.9272849700596895,0.045830228066030154,0.14533108833681194,-0.18040128995844779
0.7564660983082234,0.7724111415292367,1.3067450623668313,0.8294162498512396,-0.6888903048079991
0.28481854500362314,0.5493477328420894,1.4824131655033805,0.6366659166582894,0.8637388556776237
-1.8088259161085884,-0.01868340432213922,-1.3936451812206327,-0.9247066333331806,-1.2728165721611957
-1.482245273197053,-1.8367890547359011,-1.7149482580229454,-2.3954075167450055,-1.7759552927271722
-0.47568978826451636,-0.014452525305987014,0.3905549809333716,0.7456807931068645,-0.1480780591579886
0.0081999741754507,1.0952989806919096,-0.5219176605001002,0.47339483279453165,1.018417833212318
0.7105177484823987,1.488154108828858,1.1811112322879698,0.5531454644323517,0.30236911169570196
0.2556356820170372,0.7432406553727238,-0.12578508837740057,0.038236045279748256,-0.18495044285949488
1.6931282807466383,1.4207685951273852,-0.10874543249966123,1.5925576951255578,0.11007548466778433
0.04514803384523281,0.12516460681572472,0.6293046906632764,-0.4002135275381603,-0.19191771388614012
0.6693494462391986,0.6603902536611043,0.8890709341865065,0.803407713125776,0.40982611226820437
1.386800014543205,1.0084235474759973,0.4902026496294509,1.0939181499883115,-0.149063628961711
-0.9359407734610463,-0.410800168945263,-0.3651420307186687,-1.0629657680733238,-0.488311702245349
0.8386670786877533,2.3587245030749724,0.9678977977432085,1.3133091942200827,1.218821220085278
-1.5255764815539326,-1.4880219187969832,-1.9159785796264681,-1.2587355279661183,-0.97055273954665
-1.1959153403033027,-0.7130957121180184,-0.22346520041501558,-1.1350459467947087,0.16831472387535942
-0.14585412395675285,0.3181899143287318,0.02460520225656501,0.5102044621581108,-0.4609046848165782
1.2439806284931352,1.7779612570137528,2.1584595472654,2.380462750540545,3.6328436466007514
0.41210080267503385,0.8746873708234773,0.23409578490672003,0.04698813105283946,0.7219487919137512
-1.2854044420178001,-0.689474541863131,0.14552265380677118,-0.1601313817505866,-0.44758314579770514
2.691558905475863,0.6701225000238609,1.78547538769663,-0.049272592783440164,1.661989681822199
0.14824659412960878,-0.4083478080519411,-0.23127394229140222,0.9816869483686981,-0.003822040583727335
-0.23103936608612727,-1.2304498669740016,0.4324682555076934,-0.40217888356845866,-0.4556761177441633
-1.258812210824755,-1.7187327774308798,-1.2703177557466931,-0.9439266341266839,-0.33566410891155835
0.14461498442012133,0.26320150489032434,0.411641692366231,0.24987406544999258,1.050512162932188
-0.7925347628656554,0.49133797934100676,0.1281782683355857,0.4968810653723744,0.45375387681015084
-1.4569836743513436,-1.8350375412629967,-0.44346153449750075,-0.21514721479691687,-0.4929299851991206
1.0075908889200176,1.877266322574529,0.04395778444499615,0.9735171234658754,0.9648695504297041
1.1868456012099884,2.819275347463195,1.7539655617647811,0.5279520551223524,1.1354950827902073
-0.577285395734161,-0.0836313942484669,-0.9024686429969903,0.07841596619477367,-0.16374945589476111
0.838267401230244,0.13515415066005088,0.14232081195500904,1.172416116539441,-0.2796307506076528
0.9332899108374954,0.8405668881337809,0.8870287318101994,0.01700510576205551,0.3507599107663404
0.0832558190852901,0.12216366724511865,-0.7176177094103189,-0.6309338781059117,0.5326327388293202
-0.24466998206817156,0.18814313339757102,-0.5274197024979611,-0.36500742192506175,-0.803009649346207
0.7407362527332707,-0.04321013230485442,-0.4967821581869279,-0.28783464308605466,0.5694857255990655
-0.2648694840968705,-0.8781068282145021,-1.2073921116085005,0.45166342075653904,0.3344641546481641
-0.5493562772120104,-0.9410959062274087,-0.29412722434065924,-0.4671820169290038,-0.47104548113572614
-0.3856364850306483,0.2942864399896396,-0.54180615113753,0.45168148398306857,1.3728027086948624
-0.6768151769392817,-0.233835274949988,0.12187291003419427,-1.195349210434314,0.47489287077044207
-0.8361958998842431,-0.9463713577960767,-1.0371656399584037,0.18604121411343233,-1.15729090806822
0.9222360294251848,0.3891837187180129,0.09931566427616213,1.1479094180997806,1.563900581777263
-0.3982471731831879,-0.3426263614702337,0.15248518700139624,0.592930146663655,-0.6709365866527962
-0.19826741506840062,1.063298296317133,-0.44622334918003176,0.4539853956849479,-0.6335362217071611
-1.0414333874729658,-0.7616099663268093,-0.9378790116916029,-0.9651681582633559,-0.6353242272043975
0.5321266588736436,1.138120147582732,0.3782621506884157,1.427383232848396,-0.5210031766429168
1.470522572290948,1.2609052946177532,1.3657030785864201,1.3819680715817713,1.867409912389708
1.3151877421823173,1.8819052667064646,0.25059169358240796,0.3007004893212761,1.023349769229341
0.6497219001031367,0.8441693840931066,0.09884428732525596,0.14648953279265617,0.5450441022407977
0.06003647697944892,-1.0313887568874411,-0.8462943891778246,0.11878968877452961,-0.6305270099082803
-0.26423651382745633,0.5140720255118477,0.9884866091909758,-0.010266433752380406,0.855699055729238
-1.4519408311197823,-1.1170867196118774,-0.8194399997210556,-0.9339800268413972,-1.2499714993914148
-0.9078913779663265,-0.6421434639319411,-0.8349812233798803,-0.19945778298505845,-0.4310148814771302
0.048287825471227376,0.7741234787792748,0.7197976512761011,0.5236404201090145,0.3547035706435701
1.0157373980695903,0.6673542953740225,0.17919997727156534,0.15573949971612777,0.9252478714103827
-1.018906593766199,0.5330672336259137,-0.2070254548183621,-0.44882525382681726,-0.6209258170883801
1.9379507076314426,1.7939472113812136,0.6330698108600888,1.6640952570950527,1.2239282472346031
-1.2496790773267188,-1.3744102137526437,-1.3238095434315644,-1.0881058007450966,-0.42958122582536945
1.2983292089503393,0.9201198124360691,0.6344724875517612,0.3371932669631708,1.0959594482041402
0.487476185296731,1.0343205543076077,1.293253196384536,0.41740920093413525,1.0968214691822047
-1.3062534298496813,-1.7914641487026877,-0.36882222758961336,-1.327676805648544,-1.375338326882923
-0.5463760666850739,-0.22083544331227759,-0.025313433903477043,-0.749279773723711,0.6469737902733113
0.8669844704486239,-0.40495131250281835,0.6648713828024779,0.14137668189250696,-0.23092267780329312
3.0389383177532445,1.5423284517041773,1.2126680110916856,1.2974296217908472,0.5522315964126709
-0.1672141794794561,0.9437161964318307,0.13821852408065644,-0.26678401876105756,-0.2708257946799913
0.9600519239362968,0.5873298870874605,0.8905198668843922,0.7185519282952061,1.6609451455553315
-0.18539082976367594,0.014906698627542384,-0.039561171623355346,0.2513115238703199,-1.180021693243133
-0.3496201213568311,-0.5069426225834985,-0.6830318448918768,-0.39099063159055036,0.2070652995411433
-0.5694266595966956,-0.2322840315533716,-0.83400281120951,0.5783745973672271,0.27761000617237913
-1.0228071977095736,0.1762080548691348,-0.8280859146243422,-1.708167692530988,-1.3944498364531308
0.012815184375580468,-0.48464804415025475,0.44478135064689495,-0.31906122519603203,0.13536600893372816
-0.26617783572969184,0.14406092906533133,-0.4365430589705359,-0.7818191350593852,-1.5622800191759765
-1.307140140041538,-0.15678729265813043,-0.5814045700443989,-0.3771152244527727,-1.2181795237121107
0.2547149799209348,1.5303782891355173,1.098438893119804,0.9127813654496378,0.21234767514279196
-1.38493640893891,-0.6744752591899705,-2.1648430999376282,-2.050186126803408,-0.47879568207879364
-0.018038937487352805,0.31337169100490525,-0.18244909865250727,-0.3675749672623264,-0.35941020089478937
-0.5578185049397184,-0.7923137135224403,-0.32822533190572534,-0.9895866281574749,-0.9980963930944645
-1.1072090556321181,-0.6987968550645139,-1.0873153124891435,-1.1668115966712977,0.4555059498318849
-0.32924398424613954,0.43456753510303137,-0.4215290563293605,0.7098937112424744,-0.28652932949158977
0.4176791462193553,-0.4766535001002064,1.3001873561301789,-1.194026982134638,1.0885549525285947
1.0602619305222807,-1.448017188780726,0.054777149576373044,1.5360641077244879,0.7732215868794641
-0.3986036620946676,-0.20969730162799088,0.015998260917971262,-0.0728055599370628,-0.19740612164125498
2.7250485674882285,1.8219495552700842,1.8091144823508567,2.14001131004203,2.540837029640674
-0.18436063027647392,0.14168825400046267,-0.9630348931491597,-0.26830922998918433,-0.6036718003413049
-0.9219349547693677,-0.65883957590862,0.08420172189034039,-0.13889135168289132,-0.8223702802759172
-0.5899657368643358,-0.44209016363968684,-1.8553080400304935,-0.8497860995135834,0.4718316287501781
0.18706333493996732,0.622011015261029,-0.7334531872171538,-0.9499175897290765,-0.5806281537746882
0.31774093660557395,-1.1424354565587838,0.22548524113012625,-0.008968305985720128,-0.9559991444746714
-1.380840911699261,-0.592552706789318,-0.6943340569588984,-0.69476874016117,-0.9300692460950134
0.6650114731037057,0.10385812486409843,0.5915419020274502,1.1689636528103073,1.1933952427334136
1.3435818500358696,2.061680086873327,1.5269845729001463,2.1763161326858604,2.604167458917224
-0.23810646913268468,0.20764034984443394,0.30826252505486695,-0.14481924995401502,-0.4750944450104966
0.42172489242902705,0.23507304005559848,0.8318129918381179,-0.7027956061682321,0.2608414657083702
-0.6839283795755415,-1.2950013025478302,-0.9987731018135947,-0.5987256124781941,-0.8015081377867217
0.6234628227432228,0.9736559107095343,0.285233675831861,-0.16750166914033732,-0.98254567806465
1.0321479030575627,1.145704165632797,0.7939520443659022,0.18288208728359379,0.778259204118062
0.2584596610451617,0.1672440528431408,0.40680635088124295,-0.4400731244312342,-0.06398716362092087
-0.4606744212030626,-1.2969206987855202,-0.7394865914296478,-1.3793406467936178,-0.730238474916942
1.1779274154262864,0.4717989913584898,0.09121183255646137,0.7479304522624955,0.4053400491379314
0.6057460088920543,-0.3706244091248594,0.8674137778411783,0.4427128394050432,0.280383612488876
0.7500642470636115,0.7842227383400981,1.4087402327721357,0.3315800389663768,0.17437511485666546
-1.090213620939693,-0.7948219002635197,-0.27110813847542403,-1.0023449227513819,-0.665043473241421
0.1288703407898457,-0.10930979885019072,-0.2226061699056712,0.8031826159449112,1.1337451470816269
-1.4920222489974828,0.04962195032047351,-0.5477597136209211,-1.0918740225211214,-2.5272519064673418
-0.0012439612499739441,-0.03230745878881715,0.760693077264367,0.7272147955202891,0.4540917450084054
0.37996852580095014,0.07888247311454531,1.388154410522255,-0.6832952635661631,0.2592532394969588
-0.11401824753480007,-1.3382425323680325,0.2959400600867641,-1.7569734264422951,-1.1913916902310957
0.03756372430148777,-1.1837285885966091,-0.30540061173568306,0.5191216369232019,0.22617208734937433
0.8077279705481415,0.5618611627357643,0.6143442447760988,-0.48342303815559523,0.06723642773939867
0.9138075136366485,-0.5169018640684349,1.0878913342599223,0.2806795513966639,0.49082072003452565
-0.6756988787527521,0.14066189307000343,-0.6438012743587641,-0.5202029968271229,0.6010479469578477
-0.8568578171174417,-1.527234914891251,-0.3132745552843631,-1.1604487831396884,-0.09659235860324819
-0.7892157123910221,-0.7667350226216374,0.2137781064937494,-0.8941480024660502,-0.6990531564243292
0.41045426748214936,1.3647742331303754,0.7159525599020478,1.3829869909111945,1.1740554285156675
0.633831218113905,0.3468437391740935,0.6761889025659467,1.366768032406142,1.0633330450792775
0.0729007881264963,-0.34856924669116834,-0.48862661725716544,0.36288806408705,0.24181494051647098
0.1463954975549073,1.1351259763420365,-0.7480906568588785,-0.9429404135538622,-0.12688281217523795
0.2562251826263195,0.04957848940196232,-0.06894258458760509,0.23768496947359902,-0.26407095246823536
-0.8400955707405477,-1.3407098352782747,-1.6557396490853624,-0.34042427396759295,-0.2682382034910345
-0.16587031100938882,0.46444099302376146,-0.34116395505346087,-0.08198632037277515,0.4135583319068689
-2.409276414980847,-2.5306976563670527,-1.8093333873491577,-2.714622376823448,-1.1212000912596913
1.5341559317348643,0.8098487671511225,0.06674710969306882,-0.015515310702022216,1.4636729205325498
0.7875629929512077,0.20166386214980178,0.4982583022370524,-0.2128134961313105,-0.21742777824972043
0.5793999670762326,0.6113645379028534,0.19368479493494328,0.009133745824477405,-0.9420289851998797
0.39501240982191127,0.4234070029276926,0.5523398451457607,0.3899067846466909,0.21654813092579114
0.2853081773413912,0.29053017288424854,0.5407459893931706,0.8843469424683446,1.2408441746991554
0.47618171571736395,1.018739162125158,0.9099785233184112,0.27560549187778877,1.8400134389662341
-1.5446087022347228,-0.8925372875461782,-2.169074864300425,-0.8770301575033405,-1.9291997106832672
-0.15722134474515215,0.009856573338483578,-0.776349692728154,-0.32335151885703534,-0.2480934103750346
0.4904271382076943,1.6267274571482189,0.9036963404411857,1.556923139956641,1.1772594894891535
0.2566067334404604,1.3500486999706147,0.27989220819743116,-0.06751473023527343,0.008300606377225631
-1.1309415682671775,-1.5564197794491381,-1.7106723908922707,-1.169010858462905,0.36912399622939207
1.353280794562023,1.8374564188253364,1.2259921968482284,0.8540721017579247,1.3758531899515245
0.849851740558768,1.4688727338520915,0.8166164916607102,1.375704585418199,0.47933290113908056
-0.9535151239482273,-0.08844193845505952,0.29776409513036756,-0.6424217906562905,-0.7414895005540103
-1.0256466774747994,-0.1836101362891874,-1.071049163294736,-0.8906329171717352,-0.5556858944203986
-0.5669286992055157,-1.0735608658311966,-0.5197147648662397,0.002867416821156706,-0.424330405489174
0.3955306490616033,-0.42122496346684074,-0.07865582197096083,-0.23459401773747118,0.5163011593513056
-0.6785764496121277,-0.011838772872152677,-0.9767538157986985,-0.17668717670791692,0.5054552844666375
0.887274215686554,0.32969257403567526,1.9302230610302664,0.9347189544459742,0.6919610700245543
-0.16808123610608308,-0.515512852524374,-2.0190856797147347,-1.1413635015215262,-0.9054682509609575
0.13735061850869634,0.31893843875433797,0.6921886936637606,0.3855076067381781,-0.5815487761887769
-0.37384583869207333,1.9395090431661495,0.5994027613158405,1.4411878367834354,0.8856821977232487
0.39895265219564213,0.07213800587302885,0.29692906643145256,-0.1476815996110373,0.4591549458363436
0.19578831398065322,0.7092845711703047,0.5438794611725033,1.0655563406451305,-0.22891555499384494
-1.654450677264708,-1.0116041705395742,-1.1626431681884313,-1.5777927594210963,0.2125263211390711
-0.46859248658085084,-1.332472021562908,0.11042766039283566,-0.445940956355678,-0.19626599981208526
1.232711447496768,0.52966833748787,0.7057051792790866,1.730420457734723,1.2796602698455937
-0.05936226532595739,0.8159663423205303,-0.1922322763948242,0.6402527917087024,-0.03600622146975622
0.9442954175098545,1.2816910645766164,0.3843540340992728,0.5879060692460469,1.0790663566731338
1.4029732905912553,0.793481384329609,0.8356745327277307,1.3277661656572324,-0.16992302180782173
-0.11590267840998275,0.9865981582614263,0.6326094008891777,-0.04096666928915066,-0.06086314055038272
0.712322527733196,1.2688906644588527,0.15682497973240714,1.720093529205754,1.9894905304423298
-0.4715139539473501,-1.8137122080925683,-0.3744796774154073,0.7310674159317777,0.7061752544996507
0.8464350777695924,0.14569042327346934,0.8893486626204783,0.22680898608748548,0.9286416878809752
0.9185110067544472,-0.2967512933607413,0.38624004431848014,0.07847940798851126,0.6636904741787505
-1.4500039837067604,-0.7673506044962524,0.41157839675775604,-0.2062916548828042,-0.9562792919244814
1.5094628879213055,1.7678014810962623,1.571426435567624,2.224835017473293,1.42388707032836
0.19078987703976716,0.1818317720044228,-0.7762896649654201,-0.011677300091132277,-0.5996086911777982
0.7598391744232826,-0.060381201369448925,0.6486559205171328,-0.030181271980886874,0.29103537474176855
2.087259006990182,0.9037605873509279,1.8577185912503038,2.0280805716025845,0.4610204791780254
-0.2597447741488357,-1.2872605548893594,0.6485329883158784,-1.0933072639751615,-0.49186890858457083
2.1658675989297667,0.8655104747381559,2.3494525081727264,2.1214108345892675,1.0626460307214207
0.6456159999227433,0.8326926439381632,0.7541256475102301,0.9985580658801905,1.2641421599159166
-2.4382027290215107,-1.2993010106659175,-1.337107642885408,-0.565875394046442,-1.644585534090742
0.8467951716791977,1.640393317354484,0.9291429307153038,0.4076533390401729,1.0382045185129622
1.5907476626530808,-0.3432327555278491,1.043422675686213,-0.017479230639462683,0.22057284973358718
0.0031135388044743507,0.403246278361819,0.20400532755237674,0.7427687559832852,-0.024430214966852284
0.5055323110065162,1.1625084072468832,1.2108022599261332,0.6500924980196313,0.269990485775629
1.4871651361373288,0.5554493418152342,2.6049168730431513,0.5514931295706565,1.6213563604751156
-1.0117339854186822,-0.5279947500653587,0.522678961801332,0.35365848967864,0.019227907992745468
1.4358976109670336,0.9748234116863175,-0.7382020116393424,0.14852133046254398,1.479194201299394
-1.0676315862565091,-0.32153082142277933,0.49252070808813386,-0.0821760406127544,-0.002835652728948052
-0.7776829223636734,-1.2797406223445262,-1.0783075413457968,-1.8932381864618026,-0.6047327158697194
0.07269542905158849,0.32197940342688897,0.344233476559086,0.04541700602739548,-0.16787561942722914
-0.906694645053244,-0.18024523214211785,0.157996113517042,-0.18731399790407016,-1.572348326157623
0.9566663318094732,1.1021021186032267,0.3517146413335738,0.7741590554271512,1.9007012033150292
-1.7926568509246554,-2.6129657588416024,-2.220039842158491,-1.9931713012943915,-1.996495730465563
-0.976833482033629,-0.3227423080547088,-1.2888599324066388,-1.4486250011531827,-0.3357307191531728
-0.24089255596723858,-1.3001302677169704,0.1176105761053299,-0.5260758598810448,-1.1138400650242382
-1.2175752160695774,-0.6093158378784678,-0.05994712185944943,-1.1943600223427369,-0.6565974876781416
0.46184825641574473,0.020420870629957948,0.41331181306977044,0.16357858105298845,0.45504495966344993
1.2517309272228303,-0.6100402520301837,0.30139555722148254,-1.0789248897231032,-0.5214411300605721
0.8495046081945682,1.543397159289251,0.026010631354747262,0.803407403696256,0.5970340110666273
1.2303776424136053,0.6598268250117253,0.422449611667683,0.9009661533898207,0.1184322831721791
0.5017111941884964,-0.3693259118110706,0.4628060802986017,-0.4236883659236663,-0.2251285104789032
-1.767339748364367,-2.119917442714596,-0.8331970544067524,-0.3804503365373185,-0.7061782012960002
0.24587357056569734,-0.006763593238829986,-0.15300773027601403,0.5787805913525518,0.715480383314982
-0.17422504739868205,0.17231301961705198,-0.1385223572611087,0.4519586958150711,-0.09460828106897329
0.517479216737102,0.6782077768322855,-0.26636407608017454,-0.18043721268216464,0.9055910479971013
0.6326106223996045,0.7329937161449455,0.08133011688314559,0.7360607227340931,1.2308758304004799
-1.1767935511218304,-1.2291276765806163,-0.2632674176502131,-1.220741597284984,-0.11160230663334401
-0.6425003825022473,-1.1807545693537682,-0.4610747527345491,-1.2325495758906504,-0.34318266403601894
1.6840167181902717,-0.11740450855343885,0.9569369570102516,0.7596365989094629,0.9689116221289483
0.7045613745189526,0.6317050710074329,1.1120759795769346,1.2221528872770855,0.23526394303306775
0.3583161612387609,0.5883110756789596,0.5948547224355493,0.6841533977133138,-0.20873829662300286
-0.017280867166557343,-0.27282103652574174,-0.10353733493573478,-0.2795497543352202,0.02639852126047172
0.9242264296501815,0.6315913980552201,1.4179525272874665,0.9118228588675286,0.6941836469027602
1.3646414564893976,0.9244628194565095,0.7677767108940406,0.5054470119918222,1.2203694881836775
-1.1261140166948282,-1.538167170988764,-0.49322852372577036,-1.0653093957138402,-1.4151082213041053
-0.1449739580064777,-0.18310619283963625,-0.18354114650403552,0.15846978902452558,-0.09111086449443428
0.9598648421214111,0.7772622057240643,1.467371925545611,1.4158699529522063,0.7383198182727927
0.8473318537977408,1.2622348687928517,1.5368682911362654,1.4902777204088788,1.4957687448251182
-0.8478563673467397,-1.1246428882602726,-0.592185268765997,-0.7640213553924484,-0.8398814343072509
0.5620111756334325,-0.4662059819379007,-1.1673161988821494,0.017375863644460955,0.08537728122839931
-0.06377466603417267,1.259281414911753,0.326119468343066,0.565213447222479,0.6421323712957174
-0.4585210691994097,-0.8520542744939268,-0.4876901662140551,-1.1554098321468151,0.181867621791096
0.26229744383762904,-1.0807456628191179,-0.4978551501391453,0.04050708602925173,0.33248649207508013
1.1835295771233962,0.7833602192665541,0.6230366379470124,0.5356988236471308,0.7622990935212534
1.6861688687202916,0.4477404530919468,1.8414630931525326,0.8156136464321132,1.3944540012456303
-1.6574058890496082,0.8447353463920562,0.5877912742395401,-0.05427779379657373,0.5979311128707429
1.441901648816467,0.6479206432381427,1.3604556553353653,2.4586945506138744,1.3945837864556552
1.2642713921137856,1.4451079840319652,0.43027953007656755,1.122874146216888,1.6445667366296959
-0.8123415816391962,-0.15545424292031676,-0.662829322592171,-0.13662776589636916,-0.7220278613184877
0.43142574703141784,-0.21688743992263987,0.866329156113488,-0.2740779368554223,0.017729506854267992
1.0594855806072583,0.7646257340772252,0.26496317408395,1.0516921591736241,1.880313071529382
-0.8008102673834318,-0.37382160779334017,-0.584366275625004,-0.9390597650158634,-0.12417099931076983
-0.495869261720553,0.5194201944332414,-0.0026791164457777954,-0.5747936377480356,-1.5426207559600633
-0.5880017729267598,-0.22592662386736448,-0.5727299872434901,-0.4326806480562537,-0.6334708712321648
1.1576909764146532,1.003027343696591,1.4972760994761498,2.2861031113905566,2.015432794898302
2.3847836550321704,1.3139866725358504,1.9090498528383513,1.932186905133262,2.4753306682440264
0.15796834265741994,0.6710512610222434,-0.06074496031244449,-0.008933859414871343,-0.5012326393480432
2.762318621969339,0.9566151945913419,1.1703066923480927,1.928838125643006,0.1945521237495288
-0.018737676698667396,0.26653901702076355,-1.0709482994014587,-1.199614028343487,0.42471500303112775
0.32206628571419793,-0.21459056922377154,0.9658074976900295,0.5985965506404397,0.16525246470910704
1.5180467084746834,0.5795745598414378,-0.5271990868047504,0.3585196402885489,-0.8476242302967708
0.7622973258051119,1.3733307658921428,0.15494017447462893,0.027105648931410507,1.156180632757021
0.8000817397840273,0.4351065106146003,0.12545018825016396,-0.5315644255282941,1.360940944332978
0.22327392726054948,0.4131994015322387,0.6233374524997489,0.5041765129061485,0.5044069367234117
-1.1428738086815335,-1.5135409502405082,-0.4616642947860649,-0.3413297338699794,-0.7886622177077662
0.31881029828775215,0.7452891772283381,0.1154599271130265,-0.18262005660126254,-0.25732174087637644
-0.8684442362834456,-1.2770891129718114,0.6488443705304581,-0.7731328493306003,-1.1988505481489644
-1.0372586582893144,-0.9176997764821665,-1.1875366137594332,-1.325720181475436,-0.6499221348844442
1.5131672181518965,0.06348152845535641,0.8318200998252573,0.7948360255861417,0.5450373738144586
0.7366483490043454,0.06746848464759143,1.1615604461101448,0.7303002198355986,1.2600461052383405
0.24644957098019823,0.4448487683689546,-0.3293389959727565,0.8651584864810742,0.5758529362684434
0.9084838059886349,0.7254677287484819,1.3352988476678174,0.5330171694555728,1.1858315251525193
-0.5536320851013274,0.30121477702947436,0.7402755264745817,1.0307991955841327,0.3942036107659373
-0.5459160140166762,-1.8713605925872239,-1.2158162680321072,0.5601120549637627,0.08390727968758985
-0.16149705721810476,-0.3804194378965186,-0.48762757595017764,0.2831836560613395,0.781824713784008
1.7315499901374152,1.4023905704512332,2.039745208252684,2.324362645916679,1.2407386425684837
-0.2273937222725968,0.3831115448024945,-0.04413079239348568,-1.5827984871278458,0.2280594903886927
1.1942044888410628,0.9552937443871156,0.38281372278034637,0.710335398093067,0.49489730532275333
-0.5961232100871902,-2.3458562603185373,-1.3610900942370452,-1.6005630064484775,-1.7789811263888549
-0.6422711394296649,-0.011765749025696623,0.6923663010024015,0.5394380232605291,1.728772888567155
-1.464135181351394,-0.9097076074769482,-0.18298256584343942,-0.7262216627112678,-0.42787302747675665
-1.1497914300776373,-1.7031054732393212,-1.845485375966019,-0.9720361361605216,-2.0045645470660114
1.0628036656217346,0.6974997874270669,0.24349215534853966,0.6354938668506341,0.2810945915286788
0.3319540989113493,1.8078305190885213,-0.00515585187575986,0.25119126223278565,0.1427678002464916
-0.21810399524393156,-0.7846497124995648,0.0525864619098906,-0.883606862479753,-0.40524484955518647
1.374746513693457,1.7487856122564258,1.3501297686390743,0.8925440604232799,1.2022829322776494
0.02533705103433691,0.3214069932759381,-0.6037145757074105,-0.0813134444851196,0.19413513370321395
0.1517492920684101,1.2646696525110845,-0.09903504723139457,0.07263518413682787,1.2336520390285894
-0.5039312576862487,0.21337424687775677,-0.19870395624960246,-0.8110737881591552,-0.9729875538566037
-0.694792416754346,1.0026553194950985,0.38546384358784125,0.08545115032148783,1.3950646701073637
0.023355024261917805,-0.43600163446289464,0.11811529452721221,0.6369330501440951,0.6381575725907754
-0.7759915578268405,-0.29873609989910677,-1.1935512397093697,-0.39904170999703914,-0.3169502455052435
-0.02969556648331085,0.6134248380958304,0.01427929853512361,1.4053847225185407,0.6624646195311884
-0.4027666602413327,-0.6161193654619648,-1.6035296686736467,-1.370266659819213,-1.0373392864546176
-0.9949029845081767,-0.934713012065675,-1.5489207569124648,-0.5796150216394468,-1.5115085424929056
-0.47031518049490867,0.1530372239966994,-0.13796992161620006,0.2327474279707665,0.13985832220892658
0.3452046877602077,-0.12877451267681095,0.5684818098564081,0.5124718649582303,0.8603188020382514
-0.4180393547428134,-0.9715171845751667,-0.37332572020853694,0.07833393464207836,0.16174877256975614
-0.8453481868323661,-1.2259405598975577,0.6335940622807487,-0.4304871789705343,0.6921835843200658
1.1399650439682325,0.6355128084611991,0.24189052594518654,2.4646036840374372,0.5802582010499544
0.9882455043069551,1.2260159950410805,1.2415218771036731,0.7845917988503668,0.973343472222256
-0.2841351078615173,0.8912208319028369,-0.9111260570923305,0.4540247084894412,-0.3223426325381487
-0.9367617232931335,-0.7531872226499532,-0.8210726766159774,-0.947764440562924,-0.40084183647002536
-1.0499176576017304,-0.4550828599991613,-0.39024197203280825,-1.7241626055063848,-0.6356110481216792
1.3674596241931265,2.79226260944422,1.2166492689490127,2.5687432438205082,1.963260747197108
0.9614136784301677,0.46478148024220656,-0.2633732268459645,0.9983748543680128,0.5065710582809757
-0.5188556343173494,-0.9497996749925158,0.5866774486540903,0.5486303110622294,0.7629031697919298
1.3703404072275247,0.7573631107977778,0.7768621290185318,1.0069419060630003,0.7635471907667514
1.5637951035329214,0.5007378446588786,-0.3461489196785915,0.9630538012036345,0.867188014618272
-0.046662835924925324,-0.3582675950459448,0.7947916320562024,-0.2731626239317188,0.1392746004380157
1.0057560626959081,0.7717078318878623,0.5610044169526149,0.6548357321294356,0.0472019780102412
-1.127709750761174,-0.6206228152995933,-1.2952463109000598,-0.300182415761511,-0.9439272652030577
0.03284097847090106,-0.47177718674836,-0.9946578191558835,0.2437768797466391,0.2103015950414963
-0.4496523630785178,-0.6352015800650898,-0.7274090500900314,-0.7326438752566478,-0.032435398568813244
1.9775993342153122,2.1107026727384444,0.978267736217144,0.9726438105671927,1.6303977403069208
-1.5444914298277002,-0.5328733600875433,-0.31536777504818136,-0.5218930243658736,-0.9816308391901006
-0.1519827698191331,-0.7238293418489241,-0.08947425845634216,-0.7332472438269467,-1.0591412853148658
-0.6536729240233068,0.4857439244174594,-0.26706495445320866,1.179695523388931,0.6991909222859297
0.44395624839225367,0.8870137035609489,0.13520703160683595,-0.8296372577577739,1.1362377993927009
-0.6435052718737773,-1.680472566149562,-0.263436141531762,-0.87213430014655,-0.93125603919527
-0.2632163012099508,-1.4131767558293071,-1.284970973505563,-0.5403237414095131,-1.5823711400232432
0.6600106253051349,0.16198595475792357,0.21590986693470307,-0.17861091118295006,-0.38748946320476424
-0.5648331761005335,0.2078481739399782,0.2906792335870704,0.22732665154659393,0.9449226689613345
-0.32282949194368454,-0.3600856903990325,0.5250414869740772,0.9045489413224026,-0.3000241543216808
-1.9523457598523113,-0.9972999182933903,-0.4962099299071278,-0.08666201747700836,-0.9190832821689673
-0.4178195035016762,0.7439843830098332,0.37478070769994176,0.21276745536597982,-0.924066797570907
0.5259662177673703,-0.7781080277354394,-0.057702797940148924,-0.2602324366660185,-0.08227744437918148
-1.7820255944893304,0.017597969379168767,-0.40974531596317026,-0.9104320511183388,-0.506380353423206
-0.9371372130134363,-2.026483159721993,0.007635739448986941,-0.5564859028642156,-0.7542668906842914
1.8512105342364094,2.0978484480531385,1.7127012497861243,0.6989024138884993,1.5195613241732562
-0.583703239386992,-0.4403252858667215,-1.1772692786145924,-1.8596144797165204,-0.09525679609671042
-1.1216566193551718,-0.9992979057133545,-0.9227316675507929,-0.7048295324544998,-1.5129449044796384
-0.3068151701533098,0.24697809017440012,-1.1858518200552233,-0.897363896986342,-1.1844422244631803
0.043052933571135835,-0.8510092131541129,-0.6623155775562678,-0.3391794433623742,-0.33723902623793717
-0.23548729462676485,-1.5154825249681643,-0.954147622903504,-0.24558640457011405,-0.5524606150860994
-0.7300293289450253,0.06074528451206737,-0.7495507383223002,-1.0749291303229718,-0.8145151967427406
0.9866018721329208,2.3528379692115418,3.470400541627305,1.9117328224138328,2.4427292907852434
0.8914043839654102,1.1427147122789778,1.3028190015790804,2.48499111164835,1.8717363606990014
0.8621206120074718,0.5739581241521243,1.4263504724688896,1.8193853668652757,1.3794731992068565
1.191687897328778,0.44439466645204545,-1.2081070787170953,-0.18533110520607968,-0.33492600048721527
1.6232052106237713,0.5816376723927256,0.44187737159199625,1.3658174764047781,1.9728602867921943
0.44907324105072166,0.1431219465073882,-0.08730536538857796,-0.6883994984471494,-0.35110071671090204
0.24113629651655452,0.7127291373016569,0.6464948002887861,-0.4019697786807108,0.9927802175584022
-0.8497492422799153,-0.6080445783883683,-0.41944015558282954,-0.5881476670321453,-0.3801835588027628
0.7350353673122292,0.07245911981444242,-0.16621268870245576,0.16367545213064508,-0.1758629603744261
-1.054230308745773,-0.2838722060405837,-0.7454722538833974,0.12438120856211902,0.03810141719999531
-1.5904708957024036,-2.116719179879276,-1.2947971648995278,-1.8038470101089796,-1.1266216435818575
-0.2571930546679878,-0.980065283032514,-0.5624790315008311,-1.9138468228961936,-1.2782449348191798
-0.9921429835531669,-1.5546726888251,-0.812095159300242,-0.5696756183496442,-0.24485827112301595
-0.7978445256585346,-0.4145582058779204,0.7724659025152988,0.3273542034512999,-0.19938903675443362
0.11914330411928192,-0.35836640172294026,-0.42681481536762916,0.19781179788302294,-1.1303089926139172
-2.3239211560520574,-2.610139560441288,-0.9226678060517569,0.14425886723290562,-2.292583217254803
-0.5859693735698974,-0.10830690178146553,-0.7504816105369597,-0.5200559206992015,-1.6000306081160636
-2.023100224581764,-2.77115605994873,-2.600746996610474,-3.748614774943732,-3.0917452625241664
-0.5997658895100363,0.4505926417467034,0.11876550373617391,1.0407244141157355,-0.7224760344342452
-1.133329291810878,-0.21532839854779254,-0.19949172211105512,-0.7871901871576102,-1.7318407893775587
0.6071221162829298,0.3046564843555972,-0.4027658828677933,-0.8154088746962654,0.5730593365566091
-0.0638502448609941,0.832651282774454,0.08063129338334357,0.4424183386280036,-0.40105305040700245
-0.7153183353339827,-0.8555616569653952,-0.8305402273071003,-0.2514811355413916,-0.291814311077338
-1.0409868379163738,-1.5137619921926855,-0.2243200355943639,-1.7536779324233223,-0.34346642833774704
-0.36312029209330415,0.1613011626183263,-0.8576141493601024,0.11534196264015553,-0.394196730001603
-2.0222853546485395,-2.404413584531626,-2.510930640881318,-3.0343581673855335,-3.414215363792174
-0.8783255805778489,-0.3713264275137271,-0.11443495648073454,-0.3792409226177073,0.4872739406931
-0.04126786291794736,-0.4744424689864571,-0.20243845164051438,-0.7603399807079896,-0.9237709191774112
1.0233695455078777,1.2646742715357315,0.7266619993339696,1.8421136726752094,1.9084305149786707
-0.9643913510526396,0.10445366973175507,-0.7879586302743585,-1.2057377023194733,0.19625602356395253
-0.42324884913156957,-0.48998005475377976,1.5347690775300746,0.39424066021952947,0.3480681272973797
-0.29134754461594353,-0.6040508144707994,-0.2937557669259952,-1.7452851989141653,-1.8249402183025345
-1.454950543097811,-2.259411201052686,-0.47564183651788383,-1.126713126169806,-0.9596168204223002
-0.8031624365689158,-0.8650252356324751,-0.8470594907605139,-0.33002617224799596,-1.8614760288095817
0.6832874887108299,-0.4646800214498202,0.1640587390819898,-0.6298789888886617,-0.25398248998101114
0.4196096316741276,-0.17584274410243392,-0.5451545183451507,-0.5109454137482736,-0.4040157430995027
-0.21313013147071636,0.6394309616032825,0.35156222062667475,0.02138630081331879,0.1673102036541999
0.059158358471620355,0.59962775275101,-0.1505878782234237,0.6348099335793902,-0.3697078329048916
1.1746552749609513,1.001676166946854,1.7244932598158988,1.4114808878079632,1.166100330150508
-0.34159066437245883,0.18318422035533408,-0.48843468884876073,0.10851893235619108,-0.4276332949935638
-0.16056660454352853,-1.5238840972144052,-1.205310664854455,0.04935516358948496,-0.7308047721484889
1.164698084450243,0.2016752515121999,0.46227081745857623,0.5621824568826204,1.5235108442490022
0.5321859411695864,-0.020815788854607317,0.7323074049768333,-0.6311048502298353,0.9606654514072475
-0.8547793255721022,-1.5438143278207141,-2.1526467734211847,-0.9543800124179982,-1.718736374163238
0.7752463937683536,-0.12593671636597034,0.16018597026587075,-0.37934903701862127,0.8791209468685176
-0.6715205985424431,0.17793271845463984,0.0164255475764111,-0.7102696866212651,-0.9146178638576257
0.3773113970283568,0.5289964272012276,0.34658529215144734,-0.7881592309415927,-0.1895513396853251
0.9631051904275917,0.21996758524689725,0.791330089874059,0.3231624282970189,0.3158416434522302
0.2187626974372823,0.36941234400360995,-0.013230536132456651,0.580943363636179,-0.13225653795365913
-0.7818580629964501,-1.2474112370997656,-0.4403685928473469,-1.8970503824353138,-1.190661862925918
0.39279021761859184,0.870701019554431,0.6215979384090738,0.8081699105325301,1.4142096529096564
0.7352860644543179,0.8754080694757225,-0.5562171866400928,1.1446763230774617,0.30001114576270305
1.4148698778532731,1.3518962309982245,0.9750479048488316,1.4096017604913327,0.6509835348947381
-1.309428317924519,-1.8967474778009472,-1.746255798830019,-1.0880066835211906,-1.0323551177795942
1.3161386494202603,1.394709647308788,0.5656872722117638,2.7559574865082785,1.6935811281192403
-0.16483286037412476,0.3410469969835468,0.4851680924331499,-0.6017564623671412,0.1515036192211373
0.5223961467902527,0.06766851685748537,0.8131000262869135,0.6499949555908161,0.47113348598031835
0.8604705345814024,0.22345395095497064,0.04663252962130778,0.20349257740543233,0.019220110543534195
1.1375789460827976,-0.2816969518730914,0.07512403904564345,-0.19489576931028632,0.13176558114944853
-0.550718777750253,-0.754929505059445,-0.7010164683958804,-0.8790445884269025,-0.16827499894462
-0.6263489582444858,1.4144108754413098,0.6465478136792465,1.6732058431740269,0.039967659683128924
1.1794312927599502,-0.18070703849100395,0.9709597167991423,1.0197070547345157,-0.43761945106915595
-0.8814743646044134,0.15539807059777996,-0.7338115692176513,-0.4396613562166377,0.5530436947463112
1.4573526968053867,0.5864934835823897,1.5897206394571322,0.07895132521720297,1.087291957458645
2.5724347569729025,2.9943071038468427,1.7417669019816295,1.7410752062659545,2.587059276406419
0.5726547127461417,0.6456166962591756,0.9439695884670428,0.06848866265292344,-0.16950103645969453
2.9609372319259966,2.8290003586905144,2.0945337795767967,1.3590055857631342,2.37185618506638
-0.8178709528304228,-0.1403488396470147,-0.3935697149908529,-0.15969095703763836,-1.491351880984329
-0.6671846565131603,-0.6129109461872596,-0.5257006015970052,-0.856281362301022,-1.080650263370074
-1.8437730787261342,-0.8718574316784682,-1.2034646821018455,-1.651408364876942,-1.3314946861334063
-0.3645626826185446,-1.117641253068061,0.038090963355455934,0.6027609917204981,-1.1994254385705063
-1.1545142728622857,-1.045469184927347,-1.1960832515163322,-1.2304455247655957,-2.105354038924873
0.7237121865177706,1.162117037238015,1.9575338384013024,0.6385214329210726,1.5303213434327034
0.33927183036619846,0.6792414287619538,-0.06793158016746693,0.28414508312694076,-0.5685931092212938
0.23374147243409577,-1.1064944619145995,-0.78394390925998,-0.5167844307583591,-0.2621139054073853
-0.19285224911732374,0.053931758802117744,0.01878344839100145,0.6116263413648038,1.1391256695920318
0.6606403683676147,1.2410156826631182,1.4995717636174803,-0.1534578459063657,0.03334605154052282
0.806940024952875,1.083287914888184,-0.3520409878402685,0.9549937990207484,-0.46008979672924705
-0.8808871468802808,-1.376434304451666,-0.7368831288144069,-2.3238262634591274,-1.0578581212151181
0.3694359545645413,0.22179034353599678,0.20400849913008431,0.06381332906224195,0.7032327426722074
-0.194571753599749,-0.38577081216733106,-0.2710655991191559,-0.4541197072372394,0.18116480430705068
0.2279713851126644,-0.3180225819692629,-0.19752957043852856,-0.009868700551114244,0.12736412544366638
0.5144153048269653,-0.30529722338471443,0.32584653837511846,-0.521677303776379,-0.3440999509695458
0.4217886633043765,1.2199420960103784,0.995100714728955,1.5618945026882907,0.806139045999147
-1.606073032670095,-0.2146571370796147,-0.7896265174564497,-0.3613609834013405,-0.20191037314513893
-0.20116002452096096,1.2053122523524291,0.3073125429897112,-0.23318984294858522,0.36951233480869616
-1.1042887089316467,-1.8758776732979716,-0.8659334740939868,-1.098992028103682,-1.4082679500499165
-0.7143160612365586,0.051656988385802946,0.626932237291091,-0.676203925291473,1.092078213341291
1.0144741974685076,0.721895110800638,0.7074007524578878,0.4462280996424246,0.20788930767552377
-0.16591769073381715,-0.4947190955911546,0.7305072459433273,0.22932718461201068,-0.4396183937839017
1.5382794213547266,-0.0033052912789248963,0.4764378952454451,0.17522657658533752,0.4732022525821148
-0.27941285615154293,-1.0830945156282699,0.016510186532419577,0.33681965821008447,0.20069568621061476
1.0683884753730244,-0.022551092344474305,0.6802894915221585,-0.23875473803055894,0.04070120546642422
1.4348584772711679,1.837890955157141,0.8010324396084139,3.2551566783852777,1.0634210076373112
0.8431598031307695,1.6243650591142018,1.7070981909267076,-0.17323525581121893,0.3456128648716623
0.29590097158031886,-1.166961189522639,-0.10487172769808167,-0.6988772531242571,-0.022499350950922755
1.5450760418776421,1.0858766314023696,0.7784436930074956,0.9259470786034064,0.7910690546963016
-1.1220028330036869,-0.9153246394470789,-0.7478397065706588,-0.8537240942648562,-0.3988000826632393
-1.4706353409343522,-1.659051351959699,-0.6678702150959166,-0.8189560594693385,-0.8936908470032355
1.0793903218361982,0.9826417223046146,0.9705690130434924,0.7276040414847502,0.31536561107676797
1.4592537837659632,2.306952559749037,1.1462959241847532,-0.06422154993378713,1.7031711709313255
-1.2005846389570236,-0.3273300801531585,-0.1056760788280497,-1.1768148064011743,-0.7276460178235054
-0.3416594135538668,-0.05675759077043994,-1.0806578142267682,-1.3122010212721376,-0.5141071869887502
-0.13550066355619744,-0.7507842067584032,-0.5377353176809839,-0.8868157833691592,-0.8117845506956554
0.6225954729181518,0.630286270099763,0.023059097679532677,-0.2163315205967332,0.16937329036930734
-0.05467599862887538,-0.34100152521244936,-1.185051562968555,-0.7708853675652992,-0.6381893602042992
0.7783185594043894,0.8503544537035688,0.6834822015207406,0.9157252610693599,1.3225672896618845
-0.0031094419842768585,-0.7282502003393201,-0.177479283831516,0.05538477284952232,-1.3996528775592074
0.41973073648714954,0.6301459698576087,0.7787229935617465,0.35397705447936667,0.4161275472078592
-0.1785693719169344,-0.5337029382759076,-0.5865179187277885,-0.34547629512619304,-0.2476071512841062
-1.1147756807100289,-1.2071314725288493,-1.0350836068892526,-0.7358757968517834,-0.6293804481889403
-0.8721925742351495,-1.8079660453116912,-1.4790689051441446,-1.9339512357164306,-1.4330573860872406
1.971941223736408,2.540769319626399,1.7353246341473292,1.164365284988358,1.3728332532582193
-0.15798542238197533,-0.5161546912396313,-0.8864707813784485,-0.8822408261802734,-0.6345408308233424
3.608746041789603,2.415726417283039,2.073010512658681,2.0430825559722616,1.904831989242567
1.2284924522826604,0.42631456368247217,0.6862583196645428,0.1332648696735821,-0.17362629976480104
0.11404348844966404,0.10545336970378395,0.8239731613387292,2.1886090393307676,1.8624047859708543
-1.1448383940896396,-0.8885545199353662,-1.2838399805880467,-0.41408681109141665,-1.0553337387725878
0.16608631680864316,0.2774410726914353,-0.29218861261581597,-0.1901264097738963,-0.2707377471494039
-1.115341224307281,-2.3117470948488643,-0.913554277368734,-1.3433651248575997,-1.3172613105737874
-0.9493467255726342,-1.4672197955908914,-1.3831778957613758,-1.167422670290349,-0.34711405685002866
-1.346753561123446,-1.518778652355365,-1.1060135204828445,-1.8184133242490912,-2.443807744976922
1.9951560973811573,1.7640448498774484,1.9372920431871092,2.0866198086798997,2.205890687165766
-0.7065436050513753,-0.7633846302214878,-1.2992695457214418,-0.4493286970734595,-0.47658963193013254
1.2321116326918915,0.8482799748575689,0.9479927926013291,1.3812846823718805,1.0390012693857245
-0.24929606699396004,-1.1997984736830385,-0.03995763046096218,-1.1000619194394252,-0.2626862502601871
0.24845708674678046,-0.8350735301443519,0.14005825010092202,-0.14511609185886643,-0.7221300383256566
1.1948275504017498,0.5478949473976261,0.3242584276758662,1.3207128104037482,0.021782330001870107
-1.2938294021536685,-0.7764845049404162,-0.7358815550352812,-0.6664313366740696,-0.037123011891801214
0.05924216819022499,0.31213492369947043,0.7702555251794533,-0.33802485760935364,0.6940518273411698
1.2636284111053078,1.1459393024518176,2.1206557873414016,0.757770457180846,1.2170442757146476
0.30224383952546424,-0.7387346304277409,-0.09300303245720126,0.038695742417027036,0.12250832287077758
-0.07525170093936785,-0.023144916414790776,-0.260333670376539,-0.3856087108765786,0.42905403753104043
0.19420545389144261,-0.37941208361905926,0.5084689677608989,0.25736534249668,-0.26999999174363803
0.3254881657023528,-0.40673373480889935,0.8009626079530916,1.3783998738567664,-0.05575302919513141
-0.7435785476575361,-0.02483596422019163,-0.5424461114944275,-0.5398480322052618,-0.576818458727244
0.012164159641785053,1.0933887403016989,0.41187092031100386,-0.8681695538267347,0.8449999230294161
0.7624372248411697,1.0219024910107457,0.9187260050133553,0.4649988905933259,0.21667295950302456
1.094748001295574,-0.20983478020012905,-0.5329404308402123,0.24873859730660244,-0.4777367892103571
0.6916485396208557,1.883482512984932,0.5818936626465715,1.5557051109908615,0.6584637617850329
0.5459776912689968,-0.0564738538716866,1.887325964527015,1.0981453692924885,2.0124118264756903
0.8976947510640809,-0.28907529139527327,0.295104699317582,-0.38863300818843094,-0.5781289625670001
-0.30578938697623964,0.5853366753796968,0.6332047500685042,-0.14813661843193282,0.4907357422752456
1.2977354598357165,0.9526532013844579,1.0304160590083342,0.17822204099627345,0.9892344709745838
-1.9487341826480884,-2.116442736069761,-0.9300197111779939,-0.9656198468890097,-1.830901660015789
-1.9219842676521286,-1.147450232566281,0.10671868142374326,-1.1937438067233064,-0.7445530579591186
1.2927079291969055,1.593635405007465,0.7764535202548485,1.964894262681682,1.6476927080248756
0.8157991236336851,0.7143784017283139,0.7634904779718551,0.7826342569394737,0.588054868066453
-0.3421079911207257,-0.09028194507902063,-1.0831340905089952,-0.23079910161901968,-1.3609319142679623
-0.30925913512724246,-0.05900959608577887,-0.3301060835392409,-0.5497391785271337,-0.6298228812790471
-0.5601572969076433,0.0658677133050108,-0.2340848483098889,-0.15505616971197833,0.32600843526949247
-0.3024254571751894,-0.5268812727652665,-0.4649196535519957,-0.05783882722574363,-0.9764874874506497
0.7334110957935207,0.9590826428487977,0.6808435880215729,0.8593248781511053,-0.545744702119865
0.40841954790535384,0.043530252685598174,-0.16750182923366222,-0.0999199557514875,-0.05497104859805612
0.8788368362819189,0.08258054023268571,0.8180537849323323,0.5003644820961793,1.5310456943865085
-0.10706188785909919,0.13768331129992106,-1.3239244424870797,-1.1274249371241,-1.693174161106848
-0.9993058353097154,-2.0226034301589624,-1.698979586359494,-1.2950372619213295,-0.21840361492476326
-0.026170770583077117,-0.7418967829882115,-0.38001008340514264,0.15700417990179197,1.386049930632434
-0.39107518654639095,-0.28319282486921366,-1.0911710417848413,-0.5310150187151608,-0.7487935263988068
-1.4933831602546521,-0.4774527918342293,-0.4661353681572473,-0.9355613618571484,-1.0170794259651474
-1.049564162966821,-0.03483454795166063,0.2080545561338331,-0.3380351143873298,-0.926488624363731
-0.20223783283573268,-0.5432045948065031,0.46040128114725204,1.1081279305854432,0.26069377981645503
0.45101297151572356,0.7752671224095063,0.8229954333573641,0.8927788005708672,1.466163830755772
0.09092120712445625,0.7415798680381666,0.1908382254111812,-0.09069324658643249,0.5250883372044799
2.1937165722713625,0.620040247926151,0.4824067663310591,-0.08437670649514299,0.6200632759960839
0.2560606515969129,-0.19929300742307066,-0.23383301978593077,0.5604141763185653,-0.13308434345524736
-0.025290903332152167,-0.05476901631585181,-0.791575617006816,-0.6935633708530275,0.08377087460018656
-1.028053484396298,-2.2703557589284578,-2.0128081424524193,-1.3023205004564797,-0.645610997318373
2.1339748457922276,1.1945113654133188,1.4673696268900036,1.7543846611796443,1.49215534254086
0.2773255459046995,0.6034014272492967,-0.48103297799191275,1.2046256178676817,0.8629312058096902
-1.3651577136938557,-0.33340956963422974,0.11091162382507483,-0.5246425713175471,-0.2958927412229033
0.9359726232330096,0.2301988588906606,1.0226202124260984,-0.09734129064210639,0.6928903896276469
0.05994068771669993,-0.3016302957137676,-0.17315007202039132,-0.7751549048959177,-1.3968032358059475
-0.011686641213416593,1.3061211833720299,-0.178673240368428,1.1744881252689936,1.7700661994885445
1.509754871899247,1.0421737751323137,1.7174926518109939,1.9598157000999417,1.0903297035190478
0.26458391621122596,0.8043759328586195,-0.3255284996748019,-0.2947758509856218,-1.4345128257702326
0.4810834233280209,0.02296734332315477,-0.997714138980664,-0.8163979729366796,-0.07582112114487768
-0.29023098416880794,1.2025006345277798,2.0909614083434658,0.887591101013473,1.6244831274443143
0.1093823885971011,0.3584383654598155,1.1503101685718027,1.2760455268789528,1.058387846559484
0.7352400501412574,-0.2235480428141136,0.5237241077851347,0.4062826217531963,0.2784168882599244
0.3282886288248547,-0.20968924301116407,0.879908567888859,-1.068109278871594,-1.1491418529034827
-0.5627636491874394,-0.49852247035146413,-0.433395351157728,0.024251656225527374,-0.6354650966720302
1.3450100839174686,0.4962670343402146,0.14417500910644765,1.2218642576842913,0.5825054182664469
-1.4804094122023426,-1.554205746346103,-1.3048827419858076,-1.2563621366699076,-1.1745180979786078
-0.5602756825445321,-0.7503581190192178,-1.5808027076577607,-1.5759476465325242,-1.5804097748628512
0.4438470540299763,0.00724306407583376,-0.20377549581409585,1.1879835826955123,0.08717241514805539
-0.36920729585972467,-0.6860708992290198,0.35938829887903595,-0.6147445703136667,-0.07235870376988376
0.2187713659592686,1.0533995606062745,0.5068836958788102,1.1138611609992684,0.8116280247641076
-1.4295606614782879,-1.6602485243011522,-1.688807603811403,-2.876312375078522,-2.6017663513881075
0.1958274572801505,-1.5059818501152358,-0.5229455549637093,-0.5054590697499736,-0.29789196799561257
0.5560183663586556,0.3387695504078949,0.39066321543866256,-1.0380599282784577,0.1110732781334989
-0.9832705418841986,-0.394832632098321,-0.482028987501323,-1.0652146738441104,-0.03739637197435392
-0.06734704559138442,0.050439107295282365,0.15561168145467028,0.03044439705453987,0.5085619452360906
0.6667194538877805,-0.4418264856869136,0.35756579172657016,0.6917419528623562,-0.4586343058783645
-0.5108263178079587,-0.6205757125806864,-0.9441761291528807,-0.5275317026097024,-0.3253379401867346
1.6490992783941347,1.6048127897769076,1.7050250505134685,1.3724392242216874,1.647743827169351
-0.5571496314832003,-1.2595219521922811,-0.09737903459772086,-0.6258291293357657,-0.21214815835098969
1.915758219725477,2.7251836016382134,0.20059284342777772,1.0060079904484036,0.4063951166101815
3.128942140635569,2.525735956067386,2.0535457774760117,2.3811142042197635,3.1699572367360207
-0.19188421063443492,0.893913936198026,0.6873538315392521,0.6567327997112535,1.0363688125327997
1.4940045045709884,1.8639468863186104,2.025155848832336,1.5479886945483219,1.395829493834203
-0.5745172670201051,-0.726690154658983,-0.4584734172691834,-0.6919146053027964,-0.5933105605930473
-0.17688657799011892,-1.3733000557298751,-0.03624189499251751,-1.0044180410062837,-0.5649071708011408
-0.44511860310526513,-0.524794209285129,-0.17706490709376008,-0.5905740935145133,-0.45603313321781863
-0.0830412041362685,-0.6625228097210839,0.38575605364990384,-0.026557434782464452,-0.8029080970530501
-0.48170426502661423,-1.5494653427646088,-1.0759871096268943,-0.5935393855943631,0.6338235572788912
2.0965761127551383,0.837315774168045,0.2658518754824406,1.014317207704485,0.6799464153184924
0.05324357175083417,0.08586885827500015,0.310625308240081,-0.7214954715242754,0.4205028186963682
-0.566055186133438,-1.5366607412440623,-0.8804898500562898,-1.221322127619582,-1.4622960210117812
-0.523992477630336,0.05199901448262032,-1.168294407691005,-1.2702230093444555,-0.5713149215249761
0.8657007899287293,-0.21032149850835602,-0.5153934263845193,-0.22817420709451677,0.6657648183472608
0.6885136709615874,0.2819774069031911,0.7764073346088546,0.3073486286217339,0.6313901063003944
0.9450085670468018,-0.3394723524053283,-0.05803914737935372,0.42164596158076695,-0.4183811272916059
0.18898602019383137,-0.5781548219352917,-0.7940532887753319,-1.019088340884803,-0.31089169788799886
-0.13526328159494647,0.611644780470325,0.6361066878330102,0.3357403520577687,-0.6754368453600729
1.3105384295780032,1.0135861050673516,2.066688493815589,0.5725357273343175,1.3656312869637928
1.308255163874308,1.6531928471401047,1.1924613010879566,0.6236230657909076,0.8197442066188865
-0.6259654142870124,-0.9049301865493279,-0.46075480058395085,-0.4269989677338603,-0.2535771906070783
-1.373588970347509,-1.5819894821908875,-1.0826740009988705,-1.3270959511807396,-1.0678553623889815
0.4436330683674682,-0.12150660904319242,0.5476598322254607,0.0702972246200773,0.7115386254955262
-1.2576782466934915,0.12054237484966406,-0.7261853154302761,-0.9729503191934266,-0.6778134860401218
-0.1269940042521532,0.3301244313324884,-0.7333063345981649,0.0390161863678632,-0.2358637714456313
-0.9056763785648511,-1.0276854406890854,-0.5520216650682506,-1.6228094670016773,-2.1019949749101348
-1.062378123363487,-1.468113850327921,-2.080943806913724,-1.3897833180145838,-0.6325042962886341
-0.9306912464428805,-1.5606490083987097,-2.6731309210530467,-1.2463098718544627,-0.6088909673130722
2.5767128010201876,2.2728474620797807,1.2251437652616672,2.576925336171218,2.7119103913156053
-1.3309767275185462,-1.1573096089860049,-0.7370068080797127,-0.27689061054551106,-0.9101686266104221
0.15448649190545222,-1.035939652423063,-0.06405229323879262,-1.3561918494211542,-0.5218348566625595
-0.6889591596721355,1.0710177808022565,0.23943195665341274,-0.6807086349708963,-0.24164063885716924
-0.43623908596865063,-0.8430211544715032,-0.8553219582961848,-0.24184224992379239,0.5804349321601695
0.37723779449511574,0.8612361043427054,-0.3779677044859119,-0.18321705329748836,0.1938988600141303
-0.5920694117358273,-0.4895160748756549,0.15715105600987672,0.4138127271078698,0.048039924852413984
2.120904558578958,1.317481270064075,1.840999688880702,2.6373318961526366,1.9584385978352883
-0.2846776697100174,0.41739054439198464,-0.31238748682169315,0.05661057423946475,-0.2839387135307838
1.4427910052076889,1.467003146711298,1.0302838411686428,1.182910037588204,1.2211339711558404
-0.5512653918738825,0.18892771028270164,-0.47800007270024053,-0.8009572672431928,0.01661927148157695
0.09667196658561882,0.4321932101058779,-0.42401242464415173,0.11911237126307478,-0.7825985131479598
-1.1005693446971665,-0.03310971803222375,-0.33706890440346265,-0.29283029708017744,0.6512180713881469
-0.13505451872646393,0.44282644198260346,0.026619925174247543,-0.8577966689170943,0.4742604076531637
0.028649434922757674,0.05148600284533124,0.352004764169939,0.2533233319157847,0.5344357666613784
-0.041410842840886385,-0.48570468211412665,-1.3334663419298045,-0.0016717016700179858,0.47206765488797325
-0.4103362925223553,-0.6900199691901039,-0.7025783337886806,-1.0515018683387682,-0.5244596689644818
-0.10803418642706807,0.9557674519892545,0.5240313112728243,0.685898360013163,0.1679120129915452
0.5649111065704641,0.6434640513539319,-0.01825912608748374,-0.7808549280474868,-0.7069863033008852
-2.121850435901524,-0.5193035695955674,-1.027174533181178,-1.0512250821480853,-1.2915485172876449
1.1937016878938347,2.4617084587131526,1.7321460913612305,2.018132557983172,2.0594587005525113
-0.12258559973292052,0.45246584439569554,-0.23517810418493737,0.3686022881804203,0.80875653145339
0.48366947766087065,0.8452117048398915,2.0864212230159995,0.7498898910231379,0.9730103964153274
0.281634095108071,0.08881737414527817,-0.3538756034172879,-0.4306943437568686,0.04794592884523254
-0.44911094746547214,0.7275164442287193,-0.3563381631467524,-1.0702251053067398,-0.6701859189538527
-0.7756950727590108,-1.7247625032121425,-1.3906772051882281,-2.009513987678483,-0.6727869890160467
1.2136676946472418,0.831145872773918,1.5284089348235828,-0.029530297966070682,0.021086342492252576
0.3147573186024848,-0.8740327831968528,0.10101228445882715,-0.8102516688423033,0.11683921671454214
-0.7042709626266096,-0.16215023154118657,-0.6003136148706333,-0.39679728431687755,-0.7983638132282567
-0.6815025109835254,-1.5410730077864307,-0.9258275524325229,-1.4175610456648786,-1.3149661468671163
-2.02437382748713,-1.3443455256688712,-0.269068358415011,-1.145943986751253,-1.2793463084707195
-1.6434638250947178,-1.019846913497775,-1.9483496943786833,-1.3324436096057282,-1.9316106756403686
-2.2053746111687995,-1.442120588277247,-2.8234565241831944,-1.7154046887736198,-2.0864672600513177
-0.3780628538491856,-0.206742007850093,0.1116861161153786,1.3177302184525896,-0.024147156202861307
1.802528513894017,1.6611549179631069,0.4212870443271885,1.7449610308970311,1.0344739062844357
0.1994530220010398,0.9706556551468218,0.8940336347797574,0.023610178461993037,-0.705990170349694
0.2562015829719408,-0.007385425826397539,0.35269816705536405,-0.38289112047390256,0.8943295814919
1.7222258922862637,0.9716984293542476,-0.2834104047801964,1.1277570142014468,1.9674241093771336
-1.575102552507986,0.32694151185928766,-0.4662765069783804,0.11520879863354129,-0.8936819973077925
1.28986322902601,1.7714677463461903,1.1696877048806187,1.1723037124704072,1.74981804985941
0.06432102422287915,0.21697972733457063,0.517257438678763,1.4800982270163718,0.6300260601983049
1.4363518082837126,0.25693328534331245,-0.9482312568682555,0.8001442066878087,-0.27091995286353826
1.1893153514539387,0.6832908584896199,1.2798674213903494,0.6955868207135952,0.4108245932281749
-0.5211006978286741,-0.25092768966784035,0.497172184080423,0.604782223313169,0.2897956855773581
-1.8601170848764923,-1.966066052301923,-1.4572338616047074,-0.9871249664995422,-2.2932219836019923
-0.10394676348052201,-1.5071709517148444,-1.3368949217958308,-1.1274765070675956,-1.4245841629085403
-0.4785780761263402,-0.99720554895561,-1.1220773222202127,-0.48243903027120777,-1.4456337615897161
-1.259618434380992,-1.0237878607660695,-1.3659634004960919,-0.9308321011549072,-1.0877669489063084
-0.15814161219840459,0.6733346585671358,0.779953092782113,0.7733605737450707,0.5946468299666575
-0.7836322578676096,0.220480889637074,0.2530627339673109,0.8049122714343864,-0.9558914560444964
-0.1920700294574591,-0.5606191248406531,-0.14531876882542402,-0.003160102454846077,-0.10143509401272757
0.66921323175476,1.3634725636921945,1.0656714533172202,0.8234994084379345,1.4046119903891592
-1.1755132530836967,-0.2081597691655589,-0.9114986944978171,-0.7552699048796048,-0.4339500963949385
0.306678383545361,0.753796035246621,1.058031804970616,0.07073785782288133,1.0904143586426682
-0.14473058734898128,-1.1870818103420528,-0.4247775026516788,-0.6621460771225701,0.27097885319463433
-0.3451055617641376,1.1728567511468615,1.257134524308651,0.5995316977885266,0.7449253342091057
2.143700094606558,1.3763521419942042,2.7346173334232913,2.4640821515389155,1.8652499136466802
0.8307195115305823,-0.23936649523605966,1.1097704225094105,0.4028078943072463,0.5970807950470393
-0.6347430012451893,0.16695322424660808,1.9848493140672518,1.3017277263048617,0.6107692003197533
1.1133231668223798,-0.6885442356603523,-0.6284343420316375,1.1605820449247677,1.3484060534082052
-1.4758649926936476,-0.3958964180021313,-1.3126516083530808,-0.9547020446630496,-1.264321533402083
0.4033635434432311,0.0015635742723544813,1.204022137835263,0.3930461402081163,0.11232619918735541
-0.6682111471693702,-0.09453469348281404,-0.5980457478934124,0.23335912654780744,1.1292570589048267
-0.492988352532687,-0.9697018495368394,-0.8652322300822529,-0.3060707995326475,-0.48676916287079197
0.18470183791817057,1.0840484819178018,0.0796269108897459,1.144582691644633,0.18149988288132907
0.5529475659082875,0.030553523865851345,0.7606008416356115,-0.4626291406723116,-0.07811798941758696
0.5773703189145378,0.11021369975794845,-0.21969696061662544,0.18314412012506348,0.030665011111727734
1.1753093583847471,0.9897388722522935,1.0400317238077943,0.8286231370629961,1.1213462103013139
0.7642477935978135,0.5620877037307515,1.2898069181700453,2.072021125061093,1.305781839653801
0.22953829971168285,-0.0487612839574171,0.2624415061778598,-0.2884917928934218,-0.16315549667277837
0.13815809166320472,0.52598786257304,-0.6061499265387174,-0.4260651711049402,0.4951030464521861
0.5672511011579019,0.7173061667291557,0.9379352978054045,0.8192456607513661,1.1540171330685705
0.1808709940136498,0.10748626814109255,-1.1477163440893534,-0.9464240358783546,-0.7446096738530673
-0.5291946047948557,0.4310125197153929,0.9575839896261708,-0.4063194583016046,0.1435110663481721
1.4823676076806613,1.2360541172583768,0.7937462584551735,0.5918877343707001,1.776808127533293
0.05000349568136341,0.25319344158480467,0.4882107783717273,0.15350264523073912,-0.10275975393406764
-0.12900656841010105,-0.40311373925873567,1.3045639010043357,0.5157040598951853,0.3003801688949974
0.4860099876997574,1.085789993256451,1.1316901382967977,1.9639989664658626,1.0918964804342606
0.4946925142567372,0.2588547304364726,0.15496855755563313,1.4168593960539266,0.7610159582554967
-0.2575010380187046,-0.06394952590388009,-0.714162922537188,-0.26761542484786,-0.9743968644657959
0.055938358367169275,-0.17989141837981087,-0.11875930665030388,-0.8884480341843501,0.9341086856502298
0.04099206658494146,-0.5345674564870244,0.26246712312434306,-0.935853336752398,0.8516758663388164
1.4435030810809777,0.7965356739710215,1.6456628028404132,1.9540724513559666,1.9510740849321933
0.22967127186748718,1.6340572199556502,0.12457806454721672,-0.6527446492895765,0.5356401636776073
-0.8496425730630364,0.21043826728216058,1.354208956553386,0.6405249077887063,0.592095921068752
0.061046557203820885,-0.15707456247628393,1.8003772384692112,0.6559839149644514,0.1959412525169548
-1.9184179956066518,-2.3523017494964393,-1.936529751561474,-2.00791439075298,-2.2460644506631566
-0.96440436949552,0.5419522764696941,0.8624112172937339,-0.18627820848453003,0.34040254583252855
-0.2726886121357844,-0.5846425935733178,-0.4831811739941659,-0.5332404298623379,0.25770325411647377
1.143200185697023,0.9733846594304792,1.8000407841743513,2.1428727444718296,1.63209872038644
0.642920291342476,0.2188333124601031,0.5485834161924127,-0.3633657981621202,-0.5006706802989972
-0.0967337613599436,0.9518653806751741,0.3858119064061667,0.5105540614217747,-0.29470705910204964
1.3096554511844385,1.8953918941318593,1.601121394479704,2.2643196868165933,2.110583331934584
1.7141147820193414,1.871384210321144,1.5107697815698273,0.834994178291396,2.2868155094697293
-0.2185539108554857,0.35879791392632415,0.2674534466253198,0.6986621855475762,-0.007959275507421247
-0.4927330058260491,-1.3640022449450298,-1.3950032289341772,-1.5053933307988354,-1.3788751574891773
1.020550630348041,1.130868126363199,0.7730407472849898,-0.028720767672146034,1.418499764701464
0.44376162880823544,0.7105361201957158,-0.7039739520116649,-0.47529235071820153,-0.11600429179112097
-0.8382656647494063,-0.6221355396282958,-0.44430034401893714,-0.17667449480948844,0.588274989539343
-0.9351514578107984,-1.124467876643302,0.21346984054540052,-0.2378439424907049,-1.1118361034473692
1.9112225957678493,2.766222774170232,2.23527931094544,2.052070363224193,1.34595709929149
1.2202753658235586,1.6037806384404119,1.0176604980249415,1.010855070545713,0.9714215885312195
-1.8644566042425625,-0.7670993638164079,-0.9760108054032599,-1.4405458547035621,-1.2318230186724286
-0.7038981791281635,0.3859679773488195,0.4878011970212226,1.5372697239164304,1.2037539507267985
-1.6773617884912966,0.07635897484516378,-1.1717936695930733,-1.7134885778556124,-0.6292229116809941
1.4052300486806777,1.78801873609547,1.0217654275137829,1.0595414894088444,2.1681689772300703
0.17347499927187823,1.5560801175749353,1.5594779822810967,1.6082027651554143,1.7261043496744055
-1.683372374072212,-0.30049295694094574,-1.5928523117352682,-0.44206591349666424,-0.6663479024222576
0.5824455079976659,0.556122333021789,0.08273703778285219,-0.015598829642997997,0.5532593331584177
-0.7121005739078584,-0.04298745410773847,0.10820599585697945,-0.42384456503005613,-0.6276787392633097
-1.1962473290514133,-0.4809527739012922,-0.14468120327308742,-0.594122723780063,-0.5507300070757721
-0.4524400152769846,0.8326548787644125,-0.12208770245387149,-0.5725898481746478,0.22399908394404758
1.8234637215823504,0.9257368085033983,0.40332424208085804,1.6648273741197188,-0.26807864482744315
1.0181735191303756,0.45301641137893883,-0.0972401698752757,-0.4321247032372295,0.3506919932613916
0.44155070133047314,-1.3415355733512215,-0.14429316073069023,-0.5512097526302411,1.0025405082996717
0.19014626885810046,0.5730911817983417,0.6025149020630636,0.919820854490148,1.429376631735256
-0.8262400900892501,0.34432072905158867,0.0453583851024549,-0.900624119340043,0.16698957342679074
0.11417849636872045,0.8685887210187564,1.1321695521608568,0.5934871941612974,0.1169133854384639
0.45815463020214486,-0.39330263053892645,-0.049768631033163,-0.6812364523609983,-0.2431746521895558
-0.057964473038811436,0.6163144093363704,1.2882356010618885,0.3818352714996292,0.40328182659617284
-2.174258587454086,-0.5776331866015555,-0.006858546042501023,-1.1119016846257688,-0.9595688561305541
-1.6519090934206067,-1.7901757143922128,-2.1931138974993076,-0.9959015484367854,-2.0501881711617767
1.1801519123418185,-1.0699244698216681,-0.6213606668138147,-1.4231124104913686,-0.47394936299042956
0.2962482027655262,0.050150282980313515,1.7617818063307698,-0.4891005022670086,0.6906090168768684
0.13958366255114227,0.15873815144667255,-0.33515499297917545,0.780925474675533,-0.5322772347373923
0.30844474672947414,0.7030768492860873,0.4266569471416706,0.26146142052107624,0.5111963298535767
-1.121559532916711,-0.10559274364190134,0.24860770947541863,1.3028078955197375,-0.3647594950996719
-3.1136025187540874,-2.717277112903733,-3.0030437234902845,-2.4034863309798595,-3.3687572234233243
1.6643850303638854,0.49392464090918825,1.606015571810306,1.7234540449476836,1.696803628614668
-0.46820821852559236,-0.5818073064803658,-1.1624157596437996,-1.062534816486247,-1.2726309899987165
-0.23985457319480513,-0.1807701524660817,-0.040852679364114575,-0.023615573393889432,0.08523018816031808
-0.020526805231959083,-0.342506921939547,-0.6110414053661306,-0.06410775801838556,-0.3702981812500739
1.222023537290604,-0.3528722496296155,2.0109253673722165,1.5750083751043404,1.0945890873457627
-0.6328029971802808,-0.07450620985391433,-0.11032997093443962,-0.2322641098412659,-0.2654610972625763
-1.7944929250139232,-1.5550812881097535,-2.172609954039652,-1.3022845112132522,-0.9553550594794291
0.8066839776272349,0.6175452365147237,0.7475790276657113,0.6687344108352212,0.31245862445344846
1.1009123247823407,0.8760503433160134,0.9120998904038427,0.021365779714253443,1.2113884314754095
1.9886252816256007,2.0028431815990326,2.2720693175785374,1.9756349372716766,2.7056504127816017
-0.7608563786391548,1.4665477923309678,-0.28028996647780297,0.7666456521983005,0.44685470976375513
-0.29713747878270763,-1.556277487094267,-0.48759617533276256,0.4675430459012248,-0.28398203005078904
1.0697860044293177,0.925684616943869,1.5371459839394057,1.3846346321881278,1.4765080278631992
0.053802614709020646,0.15074936693243265,-1.0028573549159068,0.3617773562895263,-0.24471132811792165
-1.8807505817654901,-0.6996346738525753,-0.5405613064063604,-1.0026593999299525,-0.8538741273162912
0.07501636714107647,1.7233123336502372,0.45462024953052316,0.23895637779849963,0.4624773443756717
-0.07539445990061716,-0.4205838720439229,-0.2705883846026764,-0.665115345940707,-0.1048061694633978
1.1316885872237221,1.4611829632013351,1.119325117738254,1.2142912078398587,0.20105109014794176
0.7273738370104709,-0.09309886199286223,0.9803184987401515,-0.3172540575100123,0.7036618134558467
-1.2182839001672852,-1.6321420600161491,-1.0548837456748046,-0.8287904759734976,-0.8437275862428906
0.2766349447843793,-0.07791807293674582,-0.34918781963370205,-0.5180240123311785,0.010948972191163834
-0.329209859434062,-1.0270261322637324,0.16433623259355576,-1.0425693680638886,-1.8525797381840743
-0.5906131002072323,-0.34347640662325196,0.47699572619591,0.028448653659538175,0.3990403600734897
-1.1715833089873133,-0.7795776152809237,-1.3097816436211673,-1.6048382118236162,-1.0477078914716342
0.025741569957427844,-0.4282252955328801,0.19493245796122938,-0.5269334100064563,0.23707269388274702
-0.5497607778205719,0.2888543428332317,-0.4379833981140565,-0.5203417081601739,-0.588679545573952
-1.8605557502624133,-0.9711141198120106,-1.9272174700172922,-1.8704665010172599,-1.9830720818180179
-0.7958959457394044,0.766843536719477,-0.4698018811769768,-0.36512219362979387,1.0122260689384692
-1.477269973705485,-1.9108165243695228,-1.6190510325404086,-2.1311174456226993,-1.6471109169546403
-0.7231258800477592,-1.4338413138979342,-1.4139829167667588,-1.265035273950031,-1.7152416814002371
-0.7735310073271251,-1.5894120273178363,-1.9244116462013823,-0.8527828048105537,-1.83875970824794
0.058296127688978856,1.5068551304310738,0.41847632369645815,0.3216270843645144,0.43451047670561344
0.762067121380468,0.9356877967104965,0.7432190574100882,1.184994066371575,0.7556903465414331
-0.5233279951100879,-0.4384287567796236,-0.5798868953640427,0.1338769294846206,-0.34301221110051816
